Genome_ID,SEQUENCE,ARG_Gene,STRAND,ARG_Start,ARG_End,mge_id,MGE_ID,MGE_Start,MGE_End,Distance_bp
GCA_042165515.2,CP174440.1,OXA-23,+,112972,113793,tnpA,432_tnpA_FJ628170.1,115454,115984,1661
GCA_042165515.2,CP174440.1,adeG,-,1317046,1318266,qacEdelta,2277_qacEdelta_CT025799.2,1323133,1322804,4538
GCA_042165515.2,CP174440.1,abeS,-,1322804,1323133,qacEdelta,2277_qacEdelta_CT025799.2,1323133,1322804,0
GCA_042165515.2,CP174440.1,armA,+,1421912,1422685,tnpA,483_tnpA_HE577623.1,1423294,1424619,609
GCA_042165515.2,CP174440.1,armA,+,1421912,1422685,tnpAcp1,554_tnpAcp1_FJ187822.1,1420943,1421586,326
GCA_042165515.2,CP174440.1,msrE,+,1424984,1426459,tnpA,483_tnpA_HE577623.1,1423294,1424619,365
GCA_042165515.2,CP174440.1,msrE,+,1424984,1426459,tnpAcp1,554_tnpAcp1_FJ187822.1,1420943,1421586,3398
GCA_042165515.2,CP174440.1,mphE,+,1426515,1427399,tnpA,483_tnpA_HE577623.1,1423294,1424619,1896
GCA_042165515.2,CP174440.1,mphE,+,1426515,1427399,tnpA,1768_tnpA_FQ482074.1,1431637,1432318,4238
GCA_042165515.2,CP174440.1,mphE,+,1426515,1427399,tnpAcp1,554_tnpAcp1_FJ187822.1,1420943,1421586,4929
GCA_042165515.2,CP174440.1,APH(3'')-Ib,+,3668330,3669133,IS91,270_IS91_MOFF01000153.1,3670830,3671920,1697
GCA_042165515.2,CP174440.1,APH(3'')-Ib,+,3668330,3669133,IS91,294_IS91_MOFA01000112.1,3670692,3671206,1559
GCA_042165515.2,CP174440.1,APH(3'')-Ib,+,3668330,3669133,IS91,327_IS91_LRKR01000133.1,3671745,3672017,2612
GCA_042165515.2,CP174440.1,APH(3'')-Ib,+,3668330,3669133,IS91,406_IS91_CP018710.1,3670524,3670712,1391
GCA_042165515.2,CP174440.1,APH(6)-Id,+,3669133,3669969,IS91,270_IS91_MOFF01000153.1,3670830,3671920,861
GCA_042165515.2,CP174440.1,APH(6)-Id,+,3669133,3669969,IS91,294_IS91_MOFA01000112.1,3670692,3671206,723
GCA_042165515.2,CP174440.1,APH(6)-Id,+,3669133,3669969,IS91,327_IS91_LRKR01000133.1,3671745,3672017,1776
GCA_042165515.2,CP174440.1,APH(6)-Id,+,3669133,3669969,IS91,406_IS91_CP018710.1,3670524,3670712,555
GCA_042165515.2,CP174440.1,tet(B),+,3673342,3674541,IS91,270_IS91_MOFF01000153.1,3670830,3671920,1422
GCA_042165515.2,CP174440.1,tet(B),+,3673342,3674541,IS91,294_IS91_MOFA01000112.1,3670692,3671206,2136
GCA_042165515.2,CP174440.1,tet(B),+,3673342,3674541,IS91,327_IS91_LRKR01000133.1,3671745,3672017,1325
GCA_042165515.2,CP174440.1,tet(B),+,3673342,3674541,IS91,406_IS91_CP018710.1,3670524,3670712,2630
GCA_042165515.2,CP174440.1,sul2,-,3687094,3687909,tniA,440_tniA_JX844629.1,3685602,3683692,1492
GCA_042165515.2,CP174440.1,sul2,-,3687094,3687909,tniAb,596_tniAb_JN968483.3,3691424,3689514,1605
GCA_042165515.2,CP174440.1,sul2,-,3687094,3687909,tniB,1103_tniB_CP017646.1,3683687,3682767,3407
GCA_042165515.2,CP174440.1,sul2,-,3687094,3687909,tniA,1302_tniA_CP008706.1,3686313,3685603,781
GCA_042165515.2,CP174440.1,sul2,-,3687094,3687909,tniA,1302_tniA_CP008706.1,3692135,3691425,3516
GCA_042165515.2,CP174440.1,sul2,-,3687094,3687909,tniB,828_tniB_KT779035.1,3689509,3689339,1430
GCA_042165515.2,CP174440.1,OXA-23,+,3701946,3702767,tnpA,432_tnpA_FJ628170.1,3704428,3704958,1661
GCA_046502005.1,JBKFIF010000003.1,mphE,-,4312,5196,tnpA,483_tnpA_HE577623.1,8417,7092,1896
GCA_046502005.1,JBKFIF010000003.1,mphE,-,4312,5196,tnpAcp1,554_tnpAcp1_FJ187822.1,10768,10125,4929
GCA_046502005.1,JBKFIF010000003.1,msrE,-,5252,6727,tnpA,483_tnpA_HE577623.1,8417,7092,365
GCA_046502005.1,JBKFIF010000003.1,msrE,-,5252,6727,tnpAcp1,554_tnpAcp1_FJ187822.1,10768,10125,3398
GCA_046502005.1,JBKFIF010000003.1,armA,-,9026,9799,tnpA,483_tnpA_HE577623.1,8417,7092,609
GCA_046502005.1,JBKFIF010000003.1,armA,-,9026,9799,tnpAcp1,554_tnpAcp1_FJ187822.1,10768,10125,326
GCA_046502005.1,JBKFIF010000003.1,abeS,+,106200,106529,qacEdelta,2277_qacEdelta_CT025799.2,106200,106529,0
GCA_046502005.1,JBKFIF010000003.1,adeG,+,111067,112287,qacEdelta,2277_qacEdelta_CT025799.2,106200,106529,4538
GCA_046502005.1,JBKFIF010000025.1,APH(3'')-Ib,+,59310,60113,IS91,270_IS91_MOFF01000153.1,61810,62900,1697
GCA_046502005.1,JBKFIF010000025.1,APH(3'')-Ib,+,59310,60113,IS91,294_IS91_MOFA01000112.1,61672,62186,1559
GCA_046502005.1,JBKFIF010000025.1,APH(3'')-Ib,+,59310,60113,IS91,327_IS91_LRKR01000133.1,62725,62997,2612
GCA_046502005.1,JBKFIF010000025.1,APH(3'')-Ib,+,59310,60113,IS91,406_IS91_CP018710.1,61504,61692,1391
GCA_046502005.1,JBKFIF010000025.1,APH(6)-Id,+,60113,60949,IS91,270_IS91_MOFF01000153.1,61810,62900,861
GCA_046502005.1,JBKFIF010000025.1,APH(6)-Id,+,60113,60949,IS91,294_IS91_MOFA01000112.1,61672,62186,723
GCA_046502005.1,JBKFIF010000025.1,APH(6)-Id,+,60113,60949,IS91,327_IS91_LRKR01000133.1,62725,62997,1776
GCA_046502005.1,JBKFIF010000025.1,APH(6)-Id,+,60113,60949,IS91,406_IS91_CP018710.1,61504,61692,555
GCA_046502005.1,JBKFIF010000025.1,tet(B),+,64322,65521,IS91,270_IS91_MOFF01000153.1,61810,62900,1422
GCA_046502005.1,JBKFIF010000025.1,tet(B),+,64322,65521,IS91,294_IS91_MOFA01000112.1,61672,62186,2136
GCA_046502005.1,JBKFIF010000025.1,tet(B),+,64322,65521,IS91,327_IS91_LRKR01000133.1,62725,62997,1325
GCA_046502005.1,JBKFIF010000025.1,tet(B),+,64322,65521,IS91,406_IS91_CP018710.1,61504,61692,2630
GCA_046502005.1,JBKFIF010000067.1,TEM-12,+,698,1558,tnpA,1098_tnpA_KX756453.1,1,515,183
GCA_046502055.1,JBKFII010000009.1,abeS,+,61169,61498,qacEdelta,2277_qacEdelta_CT025799.2,61169,61498,0
GCA_046502055.1,JBKFII010000009.1,adeG,+,66036,67256,qacEdelta,2277_qacEdelta_CT025799.2,61169,61498,4538
GCA_046502055.1,JBKFII010000040.1,AAC(6')-Ib7,+,839,1643,ISCR-orf513,281_ISCR-orf513_KJ186154.1,5275,6507,3632
GCA_046502055.1,JBKFII010000040.1,AAC(6')-Ib7,+,839,1643,IS91,325_IS91_LYDO01000032.1,4966,5769,3323
GCA_046502055.1,JBKFII010000040.1,AAC(6')-Ib7,+,839,1643,intI1,1060_intI1_KX029331.1,424,819,20
GCA_046502055.1,JBKFII010000040.1,AAC(6')-Ib7,+,839,1643,qacEdelta,267_qacEdelta_HM138673.1,3381,3728,1738
GCA_046502055.1,JBKFII010000040.1,catB8,+,1736,2368,ISCR-orf513,281_ISCR-orf513_KJ186154.1,5275,6507,2907
GCA_046502055.1,JBKFII010000040.1,catB8,+,1736,2368,IS91,325_IS91_LYDO01000032.1,4966,5769,2598
GCA_046502055.1,JBKFII010000040.1,catB8,+,1736,2368,tnpAcp1,554_tnpAcp1_FJ187822.1,6843,7580,4475
GCA_046502055.1,JBKFII010000040.1,catB8,+,1736,2368,intI1,1060_intI1_KX029331.1,424,819,917
GCA_046502055.1,JBKFII010000040.1,catB8,+,1736,2368,qacEdelta,267_qacEdelta_HM138673.1,3381,3728,1013
GCA_046502055.1,JBKFII010000040.1,sul1,+,3722,4561,tnpA,483_tnpA_HE577623.1,9288,10613,4727
GCA_046502055.1,JBKFII010000040.1,sul1,+,3722,4561,ISCR-orf513,281_ISCR-orf513_KJ186154.1,5275,6507,714
GCA_046502055.1,JBKFII010000040.1,sul1,+,3722,4561,IS91,325_IS91_LYDO01000032.1,4966,5769,405
GCA_046502055.1,JBKFII010000040.1,sul1,+,3722,4561,tnpAcp1,554_tnpAcp1_FJ187822.1,6843,7580,2282
GCA_046502055.1,JBKFII010000040.1,sul1,+,3722,4561,intI1,1060_intI1_KX029331.1,424,819,2903
GCA_046502055.1,JBKFII010000040.1,sul1,+,3722,4561,qacEdelta,267_qacEdelta_HM138673.1,3381,3728,0
GCA_046502055.1,JBKFII010000040.1,armA,+,7906,8679,tnpA,483_tnpA_HE577623.1,9288,10613,609
GCA_046502055.1,JBKFII010000040.1,armA,+,7906,8679,ISCR-orf513,281_ISCR-orf513_KJ186154.1,5275,6507,1399
GCA_046502055.1,JBKFII010000040.1,armA,+,7906,8679,IS91,325_IS91_LYDO01000032.1,4966,5769,2137
GCA_046502055.1,JBKFII010000040.1,armA,+,7906,8679,tnpAcp1,554_tnpAcp1_FJ187822.1,6843,7580,326
GCA_046502055.1,JBKFII010000040.1,armA,+,7906,8679,qacEdelta,267_qacEdelta_HM138673.1,3381,3728,4178
GCA_046502055.1,JBKFII010000040.1,msrE,+,10978,12453,tnpA,483_tnpA_HE577623.1,9288,10613,365
GCA_046502055.1,JBKFII010000040.1,msrE,+,10978,12453,ISCR-orf513,281_ISCR-orf513_KJ186154.1,5275,6507,4471
GCA_046502055.1,JBKFII010000040.1,msrE,+,10978,12453,tnpAcp1,554_tnpAcp1_FJ187822.1,6843,7580,3398
GCA_046502055.1,JBKFII010000040.1,mphE,+,12509,13393,tnpA,483_tnpA_HE577623.1,9288,10613,1896
GCA_046502055.1,JBKFII010000040.1,mphE,+,12509,13393,tnpAcp1,554_tnpAcp1_FJ187822.1,6843,7580,4929
GCA_046502055.1,JBKFII010000061.1,TEM-12,-,128,988,tnpA,1098_tnpA_KX756453.1,1687,1171,183
GCA_046502165.1,JBKFIM010000001.1,abeS,+,80425,80754,qacEdelta,2277_qacEdelta_CT025799.2,80425,80754,0
GCA_046502165.1,JBKFIM010000001.1,adeG,+,85291,86508,qacEdelta,2277_qacEdelta_CT025799.2,80425,80754,4537
GCA_046502325.1,JBKFIV010000001.1,adeG,-,325228,326445,qacEdelta,2277_qacEdelta_CT025799.2,331312,330983,4538
GCA_046502325.1,JBKFIV010000001.1,abeS,-,330983,331312,qacEdelta,2277_qacEdelta_CT025799.2,331312,330983,0
GCA_046502405.1,JBKFJA010000004.1,adeG,-,125705,126922,qacEdelta,2277_qacEdelta_CT025799.2,131789,131460,4538
GCA_046502405.1,JBKFJA010000004.1,abeS,-,131460,131789,qacEdelta,2277_qacEdelta_CT025799.2,131789,131460,0
GCA_046502645.1,JBKFJL010000009.1,adeG,-,72509,73729,qacEdelta,2277_qacEdelta_CT025799.2,78596,78267,4538
GCA_046502645.1,JBKFJL010000009.1,abeS,-,78267,78596,qacEdelta,2277_qacEdelta_CT025799.2,78596,78267,0
GCA_046502775.1,JBKFJS010000009.1,adeG,-,59828,61048,qacEdelta,2277_qacEdelta_CT025799.2,65915,65586,4538
GCA_046502775.1,JBKFJS010000009.1,abeS,-,65586,65915,qacEdelta,2277_qacEdelta_CT025799.2,65915,65586,0
GCA_046502775.1,JBKFJS010000009.1,armA,+,162315,163088,tnpA,483_tnpA_HE577623.1,163697,165022,609
GCA_046502775.1,JBKFJS010000009.1,armA,+,162315,163088,tnpAcp1,554_tnpAcp1_FJ187822.1,161346,161989,326
GCA_046502775.1,JBKFJS010000009.1,msrE,+,165387,166862,tnpA,483_tnpA_HE577623.1,163697,165022,365
GCA_046502775.1,JBKFJS010000009.1,msrE,+,165387,166862,tnpAcp1,554_tnpAcp1_FJ187822.1,161346,161989,3398
GCA_046502775.1,JBKFJS010000009.1,mphE,+,166918,167802,tnpA,483_tnpA_HE577623.1,163697,165022,1896
GCA_046502775.1,JBKFJS010000009.1,mphE,+,166918,167802,tnpAcp1,554_tnpAcp1_FJ187822.1,161346,161989,4929
GCA_046502775.1,JBKFJS010000021.1,tet(B),-,2391,3590,IS91,270_IS91_MOFF01000153.1,6102,5012,1422
GCA_046502775.1,JBKFJS010000021.1,tet(B),-,2391,3590,IS91,294_IS91_MOFA01000112.1,6240,5726,2136
GCA_046502775.1,JBKFJS010000021.1,tet(B),-,2391,3590,IS91,327_IS91_LRKR01000133.1,5187,4915,1325
GCA_046502775.1,JBKFJS010000021.1,tet(B),-,2391,3590,IS91,406_IS91_CP018710.1,6408,6220,2630
GCA_046502775.1,JBKFJS010000021.1,APH(6)-Id,-,6963,7799,IS91,270_IS91_MOFF01000153.1,6102,5012,861
GCA_046502775.1,JBKFJS010000021.1,APH(6)-Id,-,6963,7799,IS91,294_IS91_MOFA01000112.1,6240,5726,723
GCA_046502775.1,JBKFJS010000021.1,APH(6)-Id,-,6963,7799,IS91,327_IS91_LRKR01000133.1,5187,4915,1776
GCA_046502775.1,JBKFJS010000021.1,APH(6)-Id,-,6963,7799,IS91,406_IS91_CP018710.1,6408,6220,555
GCA_046502775.1,JBKFJS010000021.1,APH(3'')-Ib,-,7799,8602,IS91,270_IS91_MOFF01000153.1,6102,5012,1697
GCA_046502775.1,JBKFJS010000021.1,APH(3'')-Ib,-,7799,8602,IS91,294_IS91_MOFA01000112.1,6240,5726,1559
GCA_046502775.1,JBKFJS010000021.1,APH(3'')-Ib,-,7799,8602,IS91,327_IS91_LRKR01000133.1,5187,4915,2612
GCA_046502775.1,JBKFJS010000021.1,APH(3'')-Ib,-,7799,8602,IS91,406_IS91_CP018710.1,6408,6220,1391
GCA_046502775.1,JBKFJS010000061.1,TEM-12,+,698,1558,tnpA,1098_tnpA_KX756453.1,1,515,183
GCA_046502875.1,JBKFJY010000009.1,adeG,-,61191,62411,qacEdelta,2277_qacEdelta_CT025799.2,67278,66949,4538
GCA_046502875.1,JBKFJY010000009.1,abeS,-,66949,67278,qacEdelta,2277_qacEdelta_CT025799.2,67278,66949,0
GCA_046502875.1,JBKFJY010000019.1,APH(3'')-Ib,+,59314,60117,IS91,270_IS91_MOFF01000153.1,61814,62904,1697
GCA_046502875.1,JBKFJY010000019.1,APH(3'')-Ib,+,59314,60117,IS91,294_IS91_MOFA01000112.1,61676,62190,1559
GCA_046502875.1,JBKFJY010000019.1,APH(3'')-Ib,+,59314,60117,IS91,327_IS91_LRKR01000133.1,62729,63001,2612
GCA_046502875.1,JBKFJY010000019.1,APH(3'')-Ib,+,59314,60117,IS91,406_IS91_CP018710.1,61508,61696,1391
GCA_046502875.1,JBKFJY010000019.1,APH(6)-Id,+,60117,60953,IS91,270_IS91_MOFF01000153.1,61814,62904,861
GCA_046502875.1,JBKFJY010000019.1,APH(6)-Id,+,60117,60953,IS91,294_IS91_MOFA01000112.1,61676,62190,723
GCA_046502875.1,JBKFJY010000019.1,APH(6)-Id,+,60117,60953,IS91,327_IS91_LRKR01000133.1,62729,63001,1776
GCA_046502875.1,JBKFJY010000019.1,APH(6)-Id,+,60117,60953,IS91,406_IS91_CP018710.1,61508,61696,555
GCA_046502875.1,JBKFJY010000019.1,tet(B),+,64326,65525,IS91,270_IS91_MOFF01000153.1,61814,62904,1422
GCA_046502875.1,JBKFJY010000019.1,tet(B),+,64326,65525,IS91,294_IS91_MOFA01000112.1,61676,62190,2136
GCA_046502875.1,JBKFJY010000019.1,tet(B),+,64326,65525,IS91,327_IS91_LRKR01000133.1,62729,63001,1325
GCA_046502875.1,JBKFJY010000019.1,tet(B),+,64326,65525,IS91,406_IS91_CP018710.1,61508,61696,2630
GCA_046502875.1,JBKFJY010000051.1,AAC(3)-Ia,+,3516,3980,intI1,1060_intI1_KX029331.1,2860,3255,261
GCA_046502875.1,JBKFJY010000051.1,AAC(3)-Ia,+,3516,3980,qacEdelta,267_qacEdelta_HM138673.1,6517,6864,2537
GCA_046502875.1,JBKFJY010000051.1,AAC(3)-Ia,+,3516,3980,intI1,1793_intI1_KU736868.1,2332,2555,961
GCA_046502875.1,JBKFJY010000051.1,sul1,+,6858,7697,intI1,1060_intI1_KX029331.1,2860,3255,3603
GCA_046502875.1,JBKFJY010000051.1,sul1,+,6858,7697,qacEdelta,267_qacEdelta_HM138673.1,6517,6864,0
GCA_046502875.1,JBKFJY010000051.1,sul1,+,6858,7697,intI1,1793_intI1_KU736868.1,2332,2555,4303
GCA_046502875.1,JBKFJY010000102.1,TEM-12,+,698,1558,tnpA,1098_tnpA_KX756453.1,1,515,183
GCA_046503275.1,JBKFKR010000001.1,adeG,-,353338,354555,qacEdelta,2277_qacEdelta_CT025799.2,359422,359093,4538
GCA_046503275.1,JBKFKR010000001.1,abeS,-,359093,359422,qacEdelta,2277_qacEdelta_CT025799.2,359422,359093,0
GCA_046504435.1,JBKFLA010000009.1,adeG,-,72509,73729,qacEdelta,2277_qacEdelta_CT025799.2,78596,78267,4538
GCA_046504435.1,JBKFLA010000009.1,abeS,-,78267,78596,qacEdelta,2277_qacEdelta_CT025799.2,78596,78267,0
GCA_046504435.1,JBKFLA010000046.1,AAC(6')-Ib7,+,839,1643,ISCR-orf513,281_ISCR-orf513_KJ186154.1,5275,6507,3632
GCA_046504435.1,JBKFLA010000046.1,AAC(6')-Ib7,+,839,1643,IS91,325_IS91_LYDO01000032.1,4966,5769,3323
GCA_046504435.1,JBKFLA010000046.1,AAC(6')-Ib7,+,839,1643,intI1,1060_intI1_KX029331.1,424,819,20
GCA_046504435.1,JBKFLA010000046.1,AAC(6')-Ib7,+,839,1643,qacEdelta,267_qacEdelta_HM138673.1,3381,3728,1738
GCA_046504435.1,JBKFLA010000046.1,catB8,+,1736,2368,ISCR-orf513,281_ISCR-orf513_KJ186154.1,5275,6507,2907
GCA_046504435.1,JBKFLA010000046.1,catB8,+,1736,2368,IS91,325_IS91_LYDO01000032.1,4966,5769,2598
GCA_046504435.1,JBKFLA010000046.1,catB8,+,1736,2368,tnpAcp1,554_tnpAcp1_FJ187822.1,6843,7580,4475
GCA_046504435.1,JBKFLA010000046.1,catB8,+,1736,2368,intI1,1060_intI1_KX029331.1,424,819,917
GCA_046504435.1,JBKFLA010000046.1,catB8,+,1736,2368,qacEdelta,267_qacEdelta_HM138673.1,3381,3728,1013
GCA_046504435.1,JBKFLA010000046.1,sul1,+,3722,4561,ISCR-orf513,281_ISCR-orf513_KJ186154.1,5275,6507,714
GCA_046504435.1,JBKFLA010000046.1,sul1,+,3722,4561,IS91,325_IS91_LYDO01000032.1,4966,5769,405
GCA_046504435.1,JBKFLA010000046.1,sul1,+,3722,4561,tnpA,1316_tnpA_KF295828.1,9395,10177,4834
GCA_046504435.1,JBKFLA010000046.1,sul1,+,3722,4561,tnpAcp1,554_tnpAcp1_FJ187822.1,6843,7580,2282
GCA_046504435.1,JBKFLA010000046.1,sul1,+,3722,4561,intI1,1060_intI1_KX029331.1,424,819,2903
GCA_046504435.1,JBKFLA010000046.1,sul1,+,3722,4561,qacEdelta,267_qacEdelta_HM138673.1,3381,3728,0
GCA_046504435.1,JBKFLA010000046.1,armA,+,7906,8679,ISCR-orf513,281_ISCR-orf513_KJ186154.1,5275,6507,1399
GCA_046504435.1,JBKFLA010000046.1,armA,+,7906,8679,IS91,325_IS91_LYDO01000032.1,4966,5769,2137
GCA_046504435.1,JBKFLA010000046.1,armA,+,7906,8679,tnpA,1316_tnpA_KF295828.1,9395,10177,716
GCA_046504435.1,JBKFLA010000046.1,armA,+,7906,8679,tnpAcp1,554_tnpAcp1_FJ187822.1,6843,7580,326
GCA_046504435.1,JBKFLA010000046.1,armA,+,7906,8679,qacEdelta,267_qacEdelta_HM138673.1,3381,3728,4178
GCA_046504435.1,JBKFLA010000063.1,TEM-12,-,128,988,tnpA,1098_tnpA_KX756453.1,1687,1171,183
GCA_046504465.1,JBKFLC010000005.1,adeG,-,125382,126602,qacEdelta,2277_qacEdelta_CT025799.2,131469,131140,4538
GCA_046504465.1,JBKFLC010000005.1,abeS,-,131140,131469,qacEdelta,2277_qacEdelta_CT025799.2,131469,131140,0
GCA_046504465.1,JBKFLC010000005.1,armA,+,227870,228643,tnpAcp1,554_tnpAcp1_FJ187822.1,226901,227544,326
GCA_046504465.1,JBKFLC010000023.1,tet(B),-,2391,3590,IS91,270_IS91_MOFF01000153.1,6102,5012,1422
GCA_046504465.1,JBKFLC010000023.1,tet(B),-,2391,3590,IS91,294_IS91_MOFA01000112.1,6240,5726,2136
GCA_046504465.1,JBKFLC010000023.1,tet(B),-,2391,3590,IS91,327_IS91_LRKR01000133.1,5187,4915,1325
GCA_046504465.1,JBKFLC010000023.1,tet(B),-,2391,3590,IS91,406_IS91_CP018710.1,6408,6220,2630
GCA_046504465.1,JBKFLC010000023.1,APH(6)-Id,-,6963,7799,IS91,270_IS91_MOFF01000153.1,6102,5012,861
GCA_046504465.1,JBKFLC010000023.1,APH(6)-Id,-,6963,7799,IS91,294_IS91_MOFA01000112.1,6240,5726,723
GCA_046504465.1,JBKFLC010000023.1,APH(6)-Id,-,6963,7799,IS91,327_IS91_LRKR01000133.1,5187,4915,1776
GCA_046504465.1,JBKFLC010000023.1,APH(6)-Id,-,6963,7799,IS91,406_IS91_CP018710.1,6408,6220,555
GCA_046504465.1,JBKFLC010000023.1,APH(3'')-Ib,-,7799,8602,IS91,270_IS91_MOFF01000153.1,6102,5012,1697
GCA_046504465.1,JBKFLC010000023.1,APH(3'')-Ib,-,7799,8602,IS91,294_IS91_MOFA01000112.1,6240,5726,1559
GCA_046504465.1,JBKFLC010000023.1,APH(3'')-Ib,-,7799,8602,IS91,327_IS91_LRKR01000133.1,5187,4915,2612
GCA_046504465.1,JBKFLC010000023.1,APH(3'')-Ib,-,7799,8602,IS91,406_IS91_CP018710.1,6408,6220,1391
GCA_046504465.1,JBKFLC010000044.1,TEM-12,+,698,1558,tnpA,1098_tnpA_KX756453.1,1,515,183
GCA_046504815.1,JBKFLT010000007.1,adeG,-,72509,73729,qacEdelta,2277_qacEdelta_CT025799.2,78596,78267,4538
GCA_046504815.1,JBKFLT010000007.1,abeS,-,78267,78596,qacEdelta,2277_qacEdelta_CT025799.2,78596,78267,0
GCA_046504815.1,JBKFLT010000039.1,AAC(6')-Ib7,+,839,1643,ISCR-orf513,281_ISCR-orf513_KJ186154.1,5275,6507,3632
GCA_046504815.1,JBKFLT010000039.1,AAC(6')-Ib7,+,839,1643,IS91,325_IS91_LYDO01000032.1,4966,5769,3323
GCA_046504815.1,JBKFLT010000039.1,AAC(6')-Ib7,+,839,1643,intI1,1060_intI1_KX029331.1,424,819,20
GCA_046504815.1,JBKFLT010000039.1,AAC(6')-Ib7,+,839,1643,qacEdelta,267_qacEdelta_HM138673.1,3381,3728,1738
GCA_046504815.1,JBKFLT010000039.1,catB8,+,1736,2368,ISCR-orf513,281_ISCR-orf513_KJ186154.1,5275,6507,2907
GCA_046504815.1,JBKFLT010000039.1,catB8,+,1736,2368,IS91,325_IS91_LYDO01000032.1,4966,5769,2598
GCA_046504815.1,JBKFLT010000039.1,catB8,+,1736,2368,tnpAcp1,554_tnpAcp1_FJ187822.1,6843,7580,4475
GCA_046504815.1,JBKFLT010000039.1,catB8,+,1736,2368,intI1,1060_intI1_KX029331.1,424,819,917
GCA_046504815.1,JBKFLT010000039.1,catB8,+,1736,2368,qacEdelta,267_qacEdelta_HM138673.1,3381,3728,1013
GCA_046504815.1,JBKFLT010000039.1,sul1,+,3722,4561,tnpA,483_tnpA_HE577623.1,9288,10613,4727
GCA_046504815.1,JBKFLT010000039.1,sul1,+,3722,4561,ISCR-orf513,281_ISCR-orf513_KJ186154.1,5275,6507,714
GCA_046504815.1,JBKFLT010000039.1,sul1,+,3722,4561,IS91,325_IS91_LYDO01000032.1,4966,5769,405
GCA_046504815.1,JBKFLT010000039.1,sul1,+,3722,4561,tnpAcp1,554_tnpAcp1_FJ187822.1,6843,7580,2282
GCA_046504815.1,JBKFLT010000039.1,sul1,+,3722,4561,intI1,1060_intI1_KX029331.1,424,819,2903
GCA_046504815.1,JBKFLT010000039.1,sul1,+,3722,4561,qacEdelta,267_qacEdelta_HM138673.1,3381,3728,0
GCA_046504815.1,JBKFLT010000039.1,armA,+,7906,8679,tnpA,483_tnpA_HE577623.1,9288,10613,609
GCA_046504815.1,JBKFLT010000039.1,armA,+,7906,8679,ISCR-orf513,281_ISCR-orf513_KJ186154.1,5275,6507,1399
GCA_046504815.1,JBKFLT010000039.1,armA,+,7906,8679,IS91,325_IS91_LYDO01000032.1,4966,5769,2137
GCA_046504815.1,JBKFLT010000039.1,armA,+,7906,8679,tnpAcp1,554_tnpAcp1_FJ187822.1,6843,7580,326
GCA_046504815.1,JBKFLT010000039.1,armA,+,7906,8679,qacEdelta,267_qacEdelta_HM138673.1,3381,3728,4178
GCA_046504815.1,JBKFLT010000039.1,msrE,+,10978,12453,tnpA,483_tnpA_HE577623.1,9288,10613,365
GCA_046504815.1,JBKFLT010000039.1,msrE,+,10978,12453,ISCR-orf513,281_ISCR-orf513_KJ186154.1,5275,6507,4471
GCA_046504815.1,JBKFLT010000039.1,msrE,+,10978,12453,tnpAcp1,554_tnpAcp1_FJ187822.1,6843,7580,3398
GCA_046504815.1,JBKFLT010000039.1,mphE,+,12509,13393,tnpA,483_tnpA_HE577623.1,9288,10613,1896
GCA_046504815.1,JBKFLT010000039.1,mphE,+,12509,13393,tnpAcp1,554_tnpAcp1_FJ187822.1,6843,7580,4929
GCA_046504815.1,JBKFLT010000084.1,TEM-12,+,809,1669,tnpA,1098_tnpA_KX756453.1,107,626,183
GCA_046506025.1,JBKFOF010000006.1,adeG,-,72509,73729,qacEdelta,2277_qacEdelta_CT025799.2,78596,78267,4538
GCA_046506025.1,JBKFOF010000006.1,abeS,-,78267,78596,qacEdelta,2277_qacEdelta_CT025799.2,78596,78267,0
GCA_046506025.1,JBKFOF010000014.1,APH(3'')-Ib,+,59310,60113,IS91,270_IS91_MOFF01000153.1,61810,62900,1697
GCA_046506025.1,JBKFOF010000014.1,APH(3'')-Ib,+,59310,60113,IS91,294_IS91_MOFA01000112.1,61672,62186,1559
GCA_046506025.1,JBKFOF010000014.1,APH(3'')-Ib,+,59310,60113,IS91,327_IS91_LRKR01000133.1,62725,62997,2612
GCA_046506025.1,JBKFOF010000014.1,APH(3'')-Ib,+,59310,60113,IS91,406_IS91_CP018710.1,61504,61692,1391
GCA_046506025.1,JBKFOF010000014.1,APH(6)-Id,+,60113,60949,IS91,270_IS91_MOFF01000153.1,61810,62900,861
GCA_046506025.1,JBKFOF010000014.1,APH(6)-Id,+,60113,60949,IS91,294_IS91_MOFA01000112.1,61672,62186,723
GCA_046506025.1,JBKFOF010000014.1,APH(6)-Id,+,60113,60949,IS91,327_IS91_LRKR01000133.1,62725,62997,1776
GCA_046506025.1,JBKFOF010000014.1,APH(6)-Id,+,60113,60949,IS91,406_IS91_CP018710.1,61504,61692,555
GCA_046506025.1,JBKFOF010000014.1,tet(B),+,64322,65521,IS91,270_IS91_MOFF01000153.1,61810,62900,1422
GCA_046506025.1,JBKFOF010000014.1,tet(B),+,64322,65521,IS91,294_IS91_MOFA01000112.1,61672,62186,2136
GCA_046506025.1,JBKFOF010000014.1,tet(B),+,64322,65521,IS91,327_IS91_LRKR01000133.1,62725,62997,1325
GCA_046506025.1,JBKFOF010000014.1,tet(B),+,64322,65521,IS91,406_IS91_CP018710.1,61504,61692,2630
GCA_046506025.1,JBKFOF010000046.1,sul1,-,1326,2165,intI1,1060_intI1_KX029331.1,6163,5768,3603
GCA_046506025.1,JBKFOF010000046.1,sul1,-,1326,2165,qacEdelta,267_qacEdelta_HM138673.1,2506,2159,0
GCA_046506025.1,JBKFOF010000046.1,sul1,-,1326,2165,intI1,1793_intI1_KU736868.1,6691,6468,4303
GCA_046506025.1,JBKFOF010000046.1,AAC(3)-Ia,-,5043,5507,intI1,1060_intI1_KX029331.1,6163,5768,261
GCA_046506025.1,JBKFOF010000046.1,AAC(3)-Ia,-,5043,5507,qacEdelta,267_qacEdelta_HM138673.1,2506,2159,2537
GCA_046506025.1,JBKFOF010000046.1,AAC(3)-Ia,-,5043,5507,intI1,1793_intI1_KU736868.1,6691,6468,961
GCA_046506235.1,JBKFOO010000010.1,adeG,-,72508,73728,qacEdelta,2277_qacEdelta_CT025799.2,78595,78266,4538
GCA_046506235.1,JBKFOO010000010.1,abeS,-,78266,78595,qacEdelta,2277_qacEdelta_CT025799.2,78595,78266,0
GCA_046506235.1,JBKFOO010000055.1,mphE,-,1952,2836,tnpA,483_tnpA_HE577623.1,6057,4732,1896
GCA_046506235.1,JBKFOO010000055.1,mphE,-,1952,2836,tnpAcp1,554_tnpAcp1_FJ187822.1,8502,7765,4929
GCA_046506235.1,JBKFOO010000055.1,msrE,-,2892,4367,tnpA,483_tnpA_HE577623.1,6057,4732,365
GCA_046506235.1,JBKFOO010000055.1,msrE,-,2892,4367,ISCR-orf513,281_ISCR-orf513_KJ186154.1,10070,8838,4471
GCA_046506235.1,JBKFOO010000055.1,msrE,-,2892,4367,tnpAcp1,554_tnpAcp1_FJ187822.1,8502,7765,3398
GCA_046506235.1,JBKFOO010000055.1,armA,-,6666,7439,tnpA,483_tnpA_HE577623.1,6057,4732,609
GCA_046506235.1,JBKFOO010000055.1,armA,-,6666,7439,ISCR-orf513,281_ISCR-orf513_KJ186154.1,10070,8838,1399
GCA_046506235.1,JBKFOO010000055.1,armA,-,6666,7439,IS91,325_IS91_LYDO01000032.1,10379,9576,2137
GCA_046506235.1,JBKFOO010000055.1,armA,-,6666,7439,tnpAcp1,554_tnpAcp1_FJ187822.1,8502,7765,326
GCA_046506235.1,JBKFOO010000055.1,armA,-,6666,7439,qacEdelta,267_qacEdelta_HM138673.1,11964,11617,4178
GCA_046506235.1,JBKFOO010000055.1,sul1,-,10784,11623,tnpA,483_tnpA_HE577623.1,6057,4732,4727
GCA_046506235.1,JBKFOO010000055.1,sul1,-,10784,11623,ISCR-orf513,281_ISCR-orf513_KJ186154.1,10070,8838,714
GCA_046506235.1,JBKFOO010000055.1,sul1,-,10784,11623,IS91,325_IS91_LYDO01000032.1,10379,9576,405
GCA_046506235.1,JBKFOO010000055.1,sul1,-,10784,11623,tnpAcp1,554_tnpAcp1_FJ187822.1,8502,7765,2282
GCA_046506235.1,JBKFOO010000055.1,sul1,-,10784,11623,qacEdelta,267_qacEdelta_HM138673.1,11964,11617,0
GCA_046506235.1,JBKFOO010000055.1,catB8,-,12977,13609,ISCR-orf513,281_ISCR-orf513_KJ186154.1,10070,8838,2907
GCA_046506235.1,JBKFOO010000055.1,catB8,-,12977,13609,IS91,325_IS91_LYDO01000032.1,10379,9576,2598
GCA_046506235.1,JBKFOO010000055.1,catB8,-,12977,13609,tnpAcp1,554_tnpAcp1_FJ187822.1,8502,7765,4475
GCA_046506235.1,JBKFOO010000055.1,catB8,-,12977,13609,qacEdelta,267_qacEdelta_HM138673.1,11964,11617,1013
GCA_046506235.1,JBKFOO010000055.1,AAC(6')-Ib7,-,13702,14506,ISCR-orf513,281_ISCR-orf513_KJ186154.1,10070,8838,3632
GCA_046506235.1,JBKFOO010000055.1,AAC(6')-Ib7,-,13702,14506,IS91,325_IS91_LYDO01000032.1,10379,9576,3323
GCA_046506235.1,JBKFOO010000055.1,AAC(6')-Ib7,-,13702,14506,qacEdelta,267_qacEdelta_HM138673.1,11964,11617,1738
GCA_046506235.1,JBKFOO010000085.1,TEM-12,+,698,1558,tnpA,1098_tnpA_KX756453.1,1,515,183
GCA_046506305.1,JBKFOQ010000010.1,abeS,+,75484,75813,qacEdelta,2277_qacEdelta_CT025799.2,75484,75813,0
GCA_046506305.1,JBKFOQ010000010.1,adeG,+,80351,81571,qacEdelta,2277_qacEdelta_CT025799.2,75484,75813,4538
GCA_046506305.1,JBKFOQ010000024.1,tet(B),-,111,1310,IS91,270_IS91_MOFF01000153.1,3822,2732,1422
GCA_046506305.1,JBKFOQ010000024.1,tet(B),-,111,1310,IS91,294_IS91_MOFA01000112.1,3960,3446,2136
GCA_046506305.1,JBKFOQ010000024.1,tet(B),-,111,1310,IS91,327_IS91_LRKR01000133.1,2907,2635,1325
GCA_046506305.1,JBKFOQ010000024.1,tet(B),-,111,1310,IS91,406_IS91_CP018710.1,4128,3940,2630
GCA_046506305.1,JBKFOQ010000024.1,APH(6)-Id,-,4683,5519,IS91,270_IS91_MOFF01000153.1,3822,2732,861
GCA_046506305.1,JBKFOQ010000024.1,APH(6)-Id,-,4683,5519,IS91,294_IS91_MOFA01000112.1,3960,3446,723
GCA_046506305.1,JBKFOQ010000024.1,APH(6)-Id,-,4683,5519,IS91,327_IS91_LRKR01000133.1,2907,2635,1776
GCA_046506305.1,JBKFOQ010000024.1,APH(6)-Id,-,4683,5519,IS91,406_IS91_CP018710.1,4128,3940,555
GCA_046506305.1,JBKFOQ010000024.1,APH(3'')-Ib,-,5519,6322,IS91,270_IS91_MOFF01000153.1,3822,2732,1697
GCA_046506305.1,JBKFOQ010000024.1,APH(3'')-Ib,-,5519,6322,IS91,294_IS91_MOFA01000112.1,3960,3446,1559
GCA_046506305.1,JBKFOQ010000024.1,APH(3'')-Ib,-,5519,6322,IS91,327_IS91_LRKR01000133.1,2907,2635,2612
GCA_046506305.1,JBKFOQ010000024.1,APH(3'')-Ib,-,5519,6322,IS91,406_IS91_CP018710.1,4128,3940,1391
GCA_046506305.1,JBKFOQ010000038.1,mphE,-,3880,4764,tnpA,483_tnpA_HE577623.1,7985,6660,1896
GCA_046506305.1,JBKFOQ010000038.1,mphE,-,3880,4764,tnpAcp1,554_tnpAcp1_FJ187822.1,10430,9693,4929
GCA_046506305.1,JBKFOQ010000038.1,msrE,-,4820,6295,tnpA,483_tnpA_HE577623.1,7985,6660,365
GCA_046506305.1,JBKFOQ010000038.1,msrE,-,4820,6295,ISCR-orf513,281_ISCR-orf513_KJ186154.1,11998,10766,4471
GCA_046506305.1,JBKFOQ010000038.1,msrE,-,4820,6295,tnpAcp1,554_tnpAcp1_FJ187822.1,10430,9693,3398
GCA_046506305.1,JBKFOQ010000038.1,armA,-,8594,9367,tnpA,483_tnpA_HE577623.1,7985,6660,609
GCA_046506305.1,JBKFOQ010000038.1,armA,-,8594,9367,ISCR-orf513,281_ISCR-orf513_KJ186154.1,11998,10766,1399
GCA_046506305.1,JBKFOQ010000038.1,armA,-,8594,9367,IS91,325_IS91_LYDO01000032.1,12307,11504,2137
GCA_046506305.1,JBKFOQ010000038.1,armA,-,8594,9367,tnpAcp1,554_tnpAcp1_FJ187822.1,10430,9693,326
GCA_046506305.1,JBKFOQ010000038.1,armA,-,8594,9367,qacEdelta,267_qacEdelta_HM138673.1,13892,13545,4178
GCA_046506305.1,JBKFOQ010000038.1,sul1,-,12712,13551,tnpA,483_tnpA_HE577623.1,7985,6660,4727
GCA_046506305.1,JBKFOQ010000038.1,sul1,-,12712,13551,ISCR-orf513,281_ISCR-orf513_KJ186154.1,11998,10766,714
GCA_046506305.1,JBKFOQ010000038.1,sul1,-,12712,13551,IS91,325_IS91_LYDO01000032.1,12307,11504,405
GCA_046506305.1,JBKFOQ010000038.1,sul1,-,12712,13551,tnpAcp1,554_tnpAcp1_FJ187822.1,10430,9693,2282
GCA_046506305.1,JBKFOQ010000038.1,sul1,-,12712,13551,intI1,1060_intI1_KX029331.1,16849,16454,2903
GCA_046506305.1,JBKFOQ010000038.1,sul1,-,12712,13551,qacEdelta,267_qacEdelta_HM138673.1,13892,13545,0
GCA_046506305.1,JBKFOQ010000038.1,catB8,-,14905,15537,ISCR-orf513,281_ISCR-orf513_KJ186154.1,11998,10766,2907
GCA_046506305.1,JBKFOQ010000038.1,catB8,-,14905,15537,IS91,325_IS91_LYDO01000032.1,12307,11504,2598
GCA_046506305.1,JBKFOQ010000038.1,catB8,-,14905,15537,tnpAcp1,554_tnpAcp1_FJ187822.1,10430,9693,4475
GCA_046506305.1,JBKFOQ010000038.1,catB8,-,14905,15537,intI1,1060_intI1_KX029331.1,16849,16454,917
GCA_046506305.1,JBKFOQ010000038.1,catB8,-,14905,15537,qacEdelta,267_qacEdelta_HM138673.1,13892,13545,1013
GCA_046506305.1,JBKFOQ010000038.1,AAC(6')-Ib7,-,15630,16434,ISCR-orf513,281_ISCR-orf513_KJ186154.1,11998,10766,3632
GCA_046506305.1,JBKFOQ010000038.1,AAC(6')-Ib7,-,15630,16434,IS91,325_IS91_LYDO01000032.1,12307,11504,3323
GCA_046506305.1,JBKFOQ010000038.1,AAC(6')-Ib7,-,15630,16434,intI1,1060_intI1_KX029331.1,16849,16454,20
GCA_046506305.1,JBKFOQ010000038.1,AAC(6')-Ib7,-,15630,16434,qacEdelta,267_qacEdelta_HM138673.1,13892,13545,1738
GCA_046506355.1,JBKFOS010000015.1,adeG,-,72489,73709,qacEdelta,2277_qacEdelta_CT025799.2,78576,78247,4538
GCA_046506355.1,JBKFOS010000015.1,abeS,-,78247,78576,qacEdelta,2277_qacEdelta_CT025799.2,78576,78247,0
GCA_046506355.1,JBKFOS010000018.1,APH(3'')-Ib,+,41787,42590,IS91,270_IS91_MOFF01000153.1,44287,45377,1697
GCA_046506355.1,JBKFOS010000018.1,APH(3'')-Ib,+,41787,42590,IS91,294_IS91_MOFA01000112.1,44149,44663,1559
GCA_046506355.1,JBKFOS010000018.1,APH(3'')-Ib,+,41787,42590,IS91,327_IS91_LRKR01000133.1,45202,45474,2612
GCA_046506355.1,JBKFOS010000018.1,APH(3'')-Ib,+,41787,42590,IS91,406_IS91_CP018710.1,43981,44169,1391
GCA_046506355.1,JBKFOS010000018.1,APH(6)-Id,+,42590,43426,IS91,270_IS91_MOFF01000153.1,44287,45377,861
GCA_046506355.1,JBKFOS010000018.1,APH(6)-Id,+,42590,43426,IS91,294_IS91_MOFA01000112.1,44149,44663,723
GCA_046506355.1,JBKFOS010000018.1,APH(6)-Id,+,42590,43426,IS91,327_IS91_LRKR01000133.1,45202,45474,1776
GCA_046506355.1,JBKFOS010000018.1,APH(6)-Id,+,42590,43426,IS91,406_IS91_CP018710.1,43981,44169,555
GCA_046506355.1,JBKFOS010000018.1,tet(B),+,46799,47998,IS91,270_IS91_MOFF01000153.1,44287,45377,1422
GCA_046506355.1,JBKFOS010000018.1,tet(B),+,46799,47998,IS91,294_IS91_MOFA01000112.1,44149,44663,2136
GCA_046506355.1,JBKFOS010000018.1,tet(B),+,46799,47998,IS91,327_IS91_LRKR01000133.1,45202,45474,1325
GCA_046506355.1,JBKFOS010000018.1,tet(B),+,46799,47998,IS91,406_IS91_CP018710.1,43981,44169,2630
GCA_046506355.1,JBKFOS010000043.1,armA,-,1207,1980,ISCR-orf513,281_ISCR-orf513_KJ186154.1,4611,3379,1399
GCA_046506355.1,JBKFOS010000043.1,armA,-,1207,1980,IS91,325_IS91_LYDO01000032.1,4920,4117,2137
GCA_046506355.1,JBKFOS010000043.1,armA,-,1207,1980,tnpAcp1,554_tnpAcp1_FJ187822.1,3043,2306,326
GCA_046506355.1,JBKFOS010000043.1,armA,-,1207,1980,qacEdelta,267_qacEdelta_HM138673.1,6505,6158,4178
GCA_046506355.1,JBKFOS010000043.1,sul1,-,5325,6164,ISCR-orf513,281_ISCR-orf513_KJ186154.1,4611,3379,714
GCA_046506355.1,JBKFOS010000043.1,sul1,-,5325,6164,IS91,325_IS91_LYDO01000032.1,4920,4117,405
GCA_046506355.1,JBKFOS010000043.1,sul1,-,5325,6164,tnpAcp1,554_tnpAcp1_FJ187822.1,3043,2306,2282
GCA_046506355.1,JBKFOS010000043.1,sul1,-,5325,6164,intI1,1060_intI1_KX029331.1,9462,9067,2903
GCA_046506355.1,JBKFOS010000043.1,sul1,-,5325,6164,qacEdelta,267_qacEdelta_HM138673.1,6505,6158,0
GCA_046506355.1,JBKFOS010000043.1,catB8,-,7518,8150,ISCR-orf513,281_ISCR-orf513_KJ186154.1,4611,3379,2907
GCA_046506355.1,JBKFOS010000043.1,catB8,-,7518,8150,IS91,325_IS91_LYDO01000032.1,4920,4117,2598
GCA_046506355.1,JBKFOS010000043.1,catB8,-,7518,8150,tnpAcp1,554_tnpAcp1_FJ187822.1,3043,2306,4475
GCA_046506355.1,JBKFOS010000043.1,catB8,-,7518,8150,intI1,1060_intI1_KX029331.1,9462,9067,917
GCA_046506355.1,JBKFOS010000043.1,catB8,-,7518,8150,qacEdelta,267_qacEdelta_HM138673.1,6505,6158,1013
GCA_046506355.1,JBKFOS010000043.1,AAC(6')-Ib7,-,8243,9047,ISCR-orf513,281_ISCR-orf513_KJ186154.1,4611,3379,3632
GCA_046506355.1,JBKFOS010000043.1,AAC(6')-Ib7,-,8243,9047,IS91,325_IS91_LYDO01000032.1,4920,4117,3323
GCA_046506355.1,JBKFOS010000043.1,AAC(6')-Ib7,-,8243,9047,intI1,1060_intI1_KX029331.1,9462,9067,20
GCA_046506355.1,JBKFOS010000043.1,AAC(6')-Ib7,-,8243,9047,qacEdelta,267_qacEdelta_HM138673.1,6505,6158,1738
GCA_046524395.1,ABWYVL010000009.1,adeG,-,66866,68086,qacEdelta,2277_qacEdelta_CT025799.2,72953,72624,4538
GCA_046524395.1,ABWYVL010000009.1,abeS,-,72624,72953,qacEdelta,2277_qacEdelta_CT025799.2,72953,72624,0
GCA_046524395.1,ABWYVL010000024.1,APH(3'')-Ib,+,59198,60001,IS91,294_IS91_MOFA01000112.1,61560,62052,1559
GCA_046524395.1,ABWYVL010000024.1,APH(3'')-Ib,+,59198,60001,IS91,406_IS91_CP018710.1,61392,61580,1391
GCA_046524395.1,ABWYVL010000024.1,APH(6)-Id,+,60001,60837,IS91,294_IS91_MOFA01000112.1,61560,62052,723
GCA_046524395.1,ABWYVL010000024.1,APH(6)-Id,+,60001,60837,IS91,406_IS91_CP018710.1,61392,61580,555
GCA_046524395.1,ABWYVL010000087.1,abeS,+,18684,19013,qacEdelta,2277_qacEdelta_CT025799.2,18684,19013,0
GCA_046524395.1,ABWYVL010000087.1,adeG,+,23551,24771,qacEdelta,2277_qacEdelta_CT025799.2,18684,19013,4538
GCA_046524395.1,ABWYVL010000093.1,APH(3'')-Ib,+,1249,2052,IS91,294_IS91_MOFA01000112.1,3611,4125,1559
GCA_046524395.1,ABWYVL010000093.1,APH(3'')-Ib,+,1249,2052,IS91,406_IS91_CP018710.1,3443,3631,1391
GCA_046524395.1,ABWYVL010000093.1,APH(6)-Id,+,2052,2888,IS91,294_IS91_MOFA01000112.1,3611,4125,723
GCA_046524395.1,ABWYVL010000093.1,APH(6)-Id,+,2052,2888,IS91,406_IS91_CP018710.1,3443,3631,555
GCA_046531805.1,CP157212.1,abeS,+,2603475,2603804,qacEdelta,2277_qacEdelta_CT025799.2,2603475,2603804,0
GCA_046531805.1,CP157212.1,adeG,+,2608342,2609562,qacEdelta,2277_qacEdelta_CT025799.2,2603475,2603804,4538
GCA_046564595.1,ABWZMB010000007.1,adeG,-,72395,73615,qacEdelta,2277_qacEdelta_CT025799.2,78482,78153,4538
GCA_046564595.1,ABWZMB010000007.1,abeS,-,78153,78482,qacEdelta,2277_qacEdelta_CT025799.2,78482,78153,0
GCA_046564595.1,ABWZMB010000024.1,APH(3'')-Ib,+,59198,60001,IS91,270_IS91_MOFF01000153.1,61698,62788,1697
GCA_046564595.1,ABWZMB010000024.1,APH(3'')-Ib,+,59198,60001,IS91,294_IS91_MOFA01000112.1,61560,62074,1559
GCA_046564595.1,ABWZMB010000024.1,APH(3'')-Ib,+,59198,60001,IS91,327_IS91_LRKR01000133.1,62613,62885,2612
GCA_046564595.1,ABWZMB010000024.1,APH(3'')-Ib,+,59198,60001,IS91,406_IS91_CP018710.1,61392,61580,1391
GCA_046564595.1,ABWZMB010000024.1,APH(6)-Id,+,60001,60837,IS91,270_IS91_MOFF01000153.1,61698,62788,861
GCA_046564595.1,ABWZMB010000024.1,APH(6)-Id,+,60001,60837,IS91,294_IS91_MOFA01000112.1,61560,62074,723
GCA_046564595.1,ABWZMB010000024.1,APH(6)-Id,+,60001,60837,IS91,327_IS91_LRKR01000133.1,62613,62885,1776
GCA_046564595.1,ABWZMB010000024.1,APH(6)-Id,+,60001,60837,IS91,406_IS91_CP018710.1,61392,61580,555
GCA_046564595.1,ABWZMB010000059.1,TEM-12,-,16,876,tnpA,1098_tnpA_KX756453.1,1572,1059,183
GCA_046564595.1,ABWZMB010000070.1,APH(3'')-Ib,+,1249,2052,IS91,270_IS91_MOFF01000153.1,3749,4839,1697
GCA_046564595.1,ABWZMB010000070.1,APH(3'')-Ib,+,1249,2052,IS91,294_IS91_MOFA01000112.1,3611,4125,1559
GCA_046564595.1,ABWZMB010000070.1,APH(3'')-Ib,+,1249,2052,IS91,327_IS91_LRKR01000133.1,4664,4936,2612
GCA_046564595.1,ABWZMB010000070.1,APH(3'')-Ib,+,1249,2052,IS91,406_IS91_CP018710.1,3443,3631,1391
GCA_046564595.1,ABWZMB010000070.1,APH(6)-Id,+,2052,2888,IS91,270_IS91_MOFF01000153.1,3749,4839,861
GCA_046564595.1,ABWZMB010000070.1,APH(6)-Id,+,2052,2888,IS91,294_IS91_MOFA01000112.1,3611,4125,723
GCA_046564595.1,ABWZMB010000070.1,APH(6)-Id,+,2052,2888,IS91,327_IS91_LRKR01000133.1,4664,4936,1776
GCA_046564595.1,ABWZMB010000070.1,APH(6)-Id,+,2052,2888,IS91,406_IS91_CP018710.1,3443,3631,555
GCA_046564595.1,ABWZMB010000071.1,abeS,+,4348,4677,qacEdelta,2277_qacEdelta_CT025799.2,4348,4677,0
GCA_046564595.1,ABWZMB010000075.1,TEM-12,+,738,1598,tnpA,1098_tnpA_KX756453.1,36,555,183
GCA_046606555.1,ABXABH010000001.1,adeG,-,175591,176811,qacEdelta,2277_qacEdelta_CT025799.2,181678,181349,4538
GCA_046606555.1,ABXABH010000001.1,abeS,-,181349,181678,qacEdelta,2277_qacEdelta_CT025799.2,181678,181349,0
GCA_046606555.1,ABXABH010000035.1,sul1,-,1898,2737,intI1,1060_intI1_KX029331.1,5274,4879,2142
GCA_046606555.1,ABXABH010000035.1,sul1,-,1898,2737,qacEdelta,267_qacEdelta_HM138673.1,3078,2731,0
GCA_046606555.1,ABXABH010000035.1,sul1,-,1898,2737,intI1,1793_intI1_KU736868.1,5802,5579,2842
GCA_046606555.1,ABXABH010000035.1,aadA2,-,3242,4021,intI1,1060_intI1_KX029331.1,5274,4879,858
GCA_046606555.1,ABXABH010000035.1,aadA2,-,3242,4021,qacEdelta,267_qacEdelta_HM138673.1,3078,2731,164
GCA_046606555.1,ABXABH010000035.1,aadA2,-,3242,4021,intI1,1793_intI1_KU736868.1,5802,5579,1558
GCA_046606555.1,ABXABH010000035.1,ANT(2'')-Ia,-,4091,4624,intI1,1060_intI1_KX029331.1,5274,4879,255
GCA_046606555.1,ABXABH010000035.1,ANT(2'')-Ia,-,4091,4624,qacEdelta,267_qacEdelta_HM138673.1,3078,2731,1013
GCA_046606555.1,ABXABH010000035.1,ANT(2'')-Ia,-,4091,4624,intI1,1793_intI1_KU736868.1,5802,5579,955
GCA_046606555.1,ABXABH010000052.1,abeS,+,14843,15172,qacEdelta,2277_qacEdelta_CT025799.2,14843,15172,0
GCA_046606555.1,ABXABH010000052.1,adeG,+,19710,20930,qacEdelta,2277_qacEdelta_CT025799.2,14843,15172,4538
GCA_046606555.1,ABXABH010000055.1,ANT(2'')-Ia,+,1736,2269,intI1,1060_intI1_KX029331.1,1086,1481,255
GCA_046606555.1,ABXABH010000055.1,ANT(2'')-Ia,+,1736,2269,qacEdelta,267_qacEdelta_HM138673.1,3282,3629,1013
GCA_046606555.1,ABXABH010000055.1,ANT(2'')-Ia,+,1736,2269,intI1,1793_intI1_KU736868.1,558,781,955
GCA_046606555.1,ABXABH010000055.1,aadA2,+,2339,3118,intI1,1060_intI1_KX029331.1,1086,1481,858
GCA_046606555.1,ABXABH010000055.1,aadA2,+,2339,3118,qacEdelta,267_qacEdelta_HM138673.1,3282,3629,164
GCA_046606555.1,ABXABH010000055.1,aadA2,+,2339,3118,intI1,1793_intI1_KU736868.1,558,781,1558
GCA_046606555.1,ABXABH010000055.1,sul1,+,3623,4462,intI1,1060_intI1_KX029331.1,1086,1481,2142
GCA_046606555.1,ABXABH010000055.1,sul1,+,3623,4462,qacEdelta,267_qacEdelta_HM138673.1,3282,3629,0
GCA_046606555.1,ABXABH010000055.1,sul1,+,3623,4462,intI1,1793_intI1_KU736868.1,558,781,2842
GCA_046606915.1,ABXABW010000009.1,APH(3'')-Ib,+,59198,60001,IS91,270_IS91_MOFF01000153.1,61698,62788,1697
GCA_046606915.1,ABXABW010000009.1,APH(3'')-Ib,+,59198,60001,IS91,294_IS91_MOFA01000112.1,61560,62074,1559
GCA_046606915.1,ABXABW010000009.1,APH(3'')-Ib,+,59198,60001,IS91,327_IS91_LRKR01000133.1,62613,62885,2612
GCA_046606915.1,ABXABW010000009.1,APH(3'')-Ib,+,59198,60001,IS91,406_IS91_CP018710.1,61392,61580,1391
GCA_046606915.1,ABXABW010000009.1,APH(6)-Id,+,60001,60837,IS91,270_IS91_MOFF01000153.1,61698,62788,861
GCA_046606915.1,ABXABW010000009.1,APH(6)-Id,+,60001,60837,IS91,294_IS91_MOFA01000112.1,61560,62074,723
GCA_046606915.1,ABXABW010000009.1,APH(6)-Id,+,60001,60837,IS91,327_IS91_LRKR01000133.1,62613,62885,1776
GCA_046606915.1,ABXABW010000009.1,APH(6)-Id,+,60001,60837,IS91,406_IS91_CP018710.1,61392,61580,555
GCA_046606915.1,ABXABW010000009.1,tet(B),+,64210,65409,IS91,270_IS91_MOFF01000153.1,61698,62788,1422
GCA_046606915.1,ABXABW010000009.1,tet(B),+,64210,65409,IS91,294_IS91_MOFA01000112.1,61560,62074,2136
GCA_046606915.1,ABXABW010000009.1,tet(B),+,64210,65409,IS91,327_IS91_LRKR01000133.1,62613,62885,1325
GCA_046606915.1,ABXABW010000009.1,tet(B),+,64210,65409,IS91,406_IS91_CP018710.1,61392,61580,2630
GCA_046606915.1,ABXABW010000044.1,abeS,+,20912,21241,qacEdelta,2277_qacEdelta_CT025799.2,20912,21241,0
GCA_046606915.1,ABXABW010000091.1,sul1,-,2,841,qacEdelta,267_qacEdelta_HM138673.1,1182,835,0
GCA_046606915.1,ABXABW010000110.1,abeS,+,20952,21281,qacEdelta,2277_qacEdelta_CT025799.2,20952,21281,0
GCA_046606915.1,ABXABW010000113.1,APH(3'')-Ib,+,1249,2052,IS91,270_IS91_MOFF01000153.1,3749,4839,1697
GCA_046606915.1,ABXABW010000113.1,APH(3'')-Ib,+,1249,2052,IS91,294_IS91_MOFA01000112.1,3611,4125,1559
GCA_046606915.1,ABXABW010000113.1,APH(3'')-Ib,+,1249,2052,IS91,327_IS91_LRKR01000133.1,4664,4936,2612
GCA_046606915.1,ABXABW010000113.1,APH(3'')-Ib,+,1249,2052,IS91,406_IS91_CP018710.1,3443,3631,1391
GCA_046606915.1,ABXABW010000113.1,APH(6)-Id,+,2052,2888,IS91,270_IS91_MOFF01000153.1,3749,4839,861
GCA_046606915.1,ABXABW010000113.1,APH(6)-Id,+,2052,2888,IS91,294_IS91_MOFA01000112.1,3611,4125,723
GCA_046606915.1,ABXABW010000113.1,APH(6)-Id,+,2052,2888,IS91,327_IS91_LRKR01000133.1,4664,4936,1776
GCA_046606915.1,ABXABW010000113.1,APH(6)-Id,+,2052,2888,IS91,406_IS91_CP018710.1,3443,3631,555
GCA_046606915.1,ABXABW010000113.1,tet(B),+,6261,7460,IS91,270_IS91_MOFF01000153.1,3749,4839,1422
GCA_046606915.1,ABXABW010000113.1,tet(B),+,6261,7460,IS91,294_IS91_MOFA01000112.1,3611,4125,2136
GCA_046606915.1,ABXABW010000113.1,tet(B),+,6261,7460,IS91,327_IS91_LRKR01000133.1,4664,4936,1325
GCA_046606915.1,ABXABW010000113.1,tet(B),+,6261,7460,IS91,406_IS91_CP018710.1,3443,3631,2630
GCA_046606915.1,ABXABW010000118.1,sul1,+,425,1264,qacEdelta,267_qacEdelta_HM138673.1,84,431,0
GCA_046693925.1,JBIYWU010000006.1,adeG,-,86110,87330,qacEdelta,2277_qacEdelta_CT025799.2,92197,91868,4538
GCA_046693925.1,JBIYWU010000006.1,abeS,-,91868,92197,qacEdelta,2277_qacEdelta_CT025799.2,92197,91868,0
GCA_046693925.1,JBIYWU010000006.1,armA,+,188598,189371,tnpA,483_tnpA_HE577623.1,189980,191305,609
GCA_046693925.1,JBIYWU010000006.1,armA,+,188598,189371,tnpAcp1,554_tnpAcp1_FJ187822.1,187629,188272,326
GCA_046693925.1,JBIYWU010000006.1,msrE,+,191670,193145,tnpA,483_tnpA_HE577623.1,189980,191305,365
GCA_046693925.1,JBIYWU010000006.1,msrE,+,191670,193145,tnpAcp1,554_tnpAcp1_FJ187822.1,187629,188272,3398
GCA_046693925.1,JBIYWU010000006.1,mphE,+,193201,194085,tnpA,483_tnpA_HE577623.1,189980,191305,1896
GCA_046693925.1,JBIYWU010000006.1,mphE,+,193201,194085,tnpAcp1,554_tnpAcp1_FJ187822.1,187629,188272,4929
GCA_046693925.1,JBIYWU010000023.1,APH(3'')-Ib,+,59187,59990,IS91,270_IS91_MOFF01000153.1,61687,62777,1697
GCA_046693925.1,JBIYWU010000023.1,APH(3'')-Ib,+,59187,59990,IS91,294_IS91_MOFA01000112.1,61549,62063,1559
GCA_046693925.1,JBIYWU010000023.1,APH(3'')-Ib,+,59187,59990,IS91,327_IS91_LRKR01000133.1,62602,62874,2612
GCA_046693925.1,JBIYWU010000023.1,APH(3'')-Ib,+,59187,59990,IS91,406_IS91_CP018710.1,61381,61569,1391
GCA_046693925.1,JBIYWU010000023.1,APH(6)-Id,+,59990,60826,IS91,270_IS91_MOFF01000153.1,61687,62777,861
GCA_046693925.1,JBIYWU010000023.1,APH(6)-Id,+,59990,60826,IS91,294_IS91_MOFA01000112.1,61549,62063,723
GCA_046693925.1,JBIYWU010000023.1,APH(6)-Id,+,59990,60826,IS91,327_IS91_LRKR01000133.1,62602,62874,1776
GCA_046693925.1,JBIYWU010000023.1,APH(6)-Id,+,59990,60826,IS91,406_IS91_CP018710.1,61381,61569,555
GCA_046693925.1,JBIYWU010000023.1,tet(B),+,64199,65398,IS91,270_IS91_MOFF01000153.1,61687,62777,1422
GCA_046693925.1,JBIYWU010000023.1,tet(B),+,64199,65398,IS91,294_IS91_MOFA01000112.1,61549,62063,2136
GCA_046693925.1,JBIYWU010000023.1,tet(B),+,64199,65398,IS91,327_IS91_LRKR01000133.1,62602,62874,1325
GCA_046693925.1,JBIYWU010000023.1,tet(B),+,64199,65398,IS91,406_IS91_CP018710.1,61381,61569,2630
GCA_046693925.1,JBIYWU010000057.1,TEM-12,+,700,1560,tnpA,1098_tnpA_KX756453.1,1,517,183
GCA_046871445.1,ABXCBX010000009.1,adeG,-,72397,73617,qacEdelta,2277_qacEdelta_CT025799.2,78484,78155,4538
GCA_046871445.1,ABXCBX010000009.1,abeS,-,78155,78484,qacEdelta,2277_qacEdelta_CT025799.2,78484,78155,0
GCA_046871445.1,ABXCBX010000010.1,sul2,+,138394,139209,tnpA,2582_tnpA_JQ241791.1,137200,137904,490
GCA_046871445.1,ABXCBX010000024.1,APH(3'')-Ib,+,59198,60001,IS91,294_IS91_MOFA01000112.1,61560,62052,1559
GCA_046871445.1,ABXCBX010000024.1,APH(3'')-Ib,+,59198,60001,IS91,406_IS91_CP018710.1,61392,61580,1391
GCA_046871445.1,ABXCBX010000024.1,APH(6)-Id,+,60001,60837,IS91,294_IS91_MOFA01000112.1,61560,62052,723
GCA_046871445.1,ABXCBX010000024.1,APH(6)-Id,+,60001,60837,IS91,406_IS91_CP018710.1,61392,61580,555
GCA_046871445.1,ABXCBX010000030.1,armA,+,33360,34133,tnpA,483_tnpA_HE577623.1,34742,36067,609
GCA_046871445.1,ABXCBX010000030.1,armA,+,33360,34133,tnpAcp1,554_tnpAcp1_FJ187822.1,32391,33034,326
GCA_046871445.1,ABXCBX010000030.1,msrE,+,36432,37907,tnpA,483_tnpA_HE577623.1,34742,36067,365
GCA_046871445.1,ABXCBX010000030.1,msrE,+,36432,37907,tnpAcp1,554_tnpAcp1_FJ187822.1,32391,33034,3398
GCA_046871445.1,ABXCBX010000030.1,mphE,+,37963,38847,tnpA,483_tnpA_HE577623.1,34742,36067,1896
GCA_046871445.1,ABXCBX010000030.1,mphE,+,37963,38847,tnpAcp1,554_tnpAcp1_FJ187822.1,32391,33034,4929
GCA_046871445.1,ABXCBX010000046.1,tet(B),-,2236,3435,IS91,327_IS91_LRKR01000133.1,5032,4760,1325
GCA_046871445.1,ABXCBX010000046.1,tet(B),-,2236,3435,IS91,502_IS91_MOIM01000174.1,5596,5392,1957
GCA_046871445.1,ABXCBX010000062.1,abeS,+,56587,56916,qacEdelta,2277_qacEdelta_CT025799.2,56587,56916,0
GCA_046871445.1,ABXCBX010000066.1,armA,+,10989,11762,tnpA,483_tnpA_HE577623.1,12371,13696,609
GCA_046871445.1,ABXCBX010000066.1,armA,+,10989,11762,tnpAcp1,554_tnpAcp1_FJ187822.1,10020,10663,326
GCA_046871445.1,ABXCBX010000066.1,msrE,+,14061,15536,tnpA,483_tnpA_HE577623.1,12371,13696,365
GCA_046871445.1,ABXCBX010000066.1,msrE,+,14061,15536,tnpAcp1,554_tnpAcp1_FJ187822.1,10020,10663,3398
GCA_046871445.1,ABXCBX010000066.1,mphE,+,15592,16476,tnpA,483_tnpA_HE577623.1,12371,13696,1896
GCA_046871445.1,ABXCBX010000066.1,mphE,+,15592,16476,tnpAcp1,554_tnpAcp1_FJ187822.1,10020,10663,4929
GCA_046871445.1,ABXCBX010000067.1,APH(3'')-Ib,+,1249,2052,IS91,294_IS91_MOFA01000112.1,3611,4125,1559
GCA_046871445.1,ABXCBX010000067.1,APH(3'')-Ib,+,1249,2052,IS91,406_IS91_CP018710.1,3443,3631,1391
GCA_046871445.1,ABXCBX010000067.1,APH(6)-Id,+,2052,2888,IS91,294_IS91_MOFA01000112.1,3611,4125,723
GCA_046871445.1,ABXCBX010000067.1,APH(6)-Id,+,2052,2888,IS91,406_IS91_CP018710.1,3443,3631,555
GCA_046871505.1,ABXCBW010000006.1,adeG,-,63404,64624,qacEdelta,2277_qacEdelta_CT025799.2,69491,69162,4538
GCA_046871505.1,ABXCBW010000006.1,abeS,-,69162,69491,qacEdelta,2277_qacEdelta_CT025799.2,69491,69162,0
GCA_046871505.1,ABXCBW010000014.1,APH(3'')-Ib,+,50654,51457,IS91,270_IS91_MOFF01000153.1,53154,54244,1697
GCA_046871505.1,ABXCBW010000014.1,APH(3'')-Ib,+,50654,51457,IS91,294_IS91_MOFA01000112.1,53016,53530,1559
GCA_046871505.1,ABXCBW010000014.1,APH(3'')-Ib,+,50654,51457,IS91,327_IS91_LRKR01000133.1,54069,54341,2612
GCA_046871505.1,ABXCBW010000014.1,APH(3'')-Ib,+,50654,51457,IS91,406_IS91_CP018710.1,52848,53036,1391
GCA_046871505.1,ABXCBW010000014.1,APH(6)-Id,+,51457,52293,IS91,270_IS91_MOFF01000153.1,53154,54244,861
GCA_046871505.1,ABXCBW010000014.1,APH(6)-Id,+,51457,52293,IS91,294_IS91_MOFA01000112.1,53016,53530,723
GCA_046871505.1,ABXCBW010000014.1,APH(6)-Id,+,51457,52293,IS91,327_IS91_LRKR01000133.1,54069,54341,1776
GCA_046871505.1,ABXCBW010000014.1,APH(6)-Id,+,51457,52293,IS91,406_IS91_CP018710.1,52848,53036,555
GCA_046871505.1,ABXCBW010000014.1,tet(B),+,55666,56865,IS91,270_IS91_MOFF01000153.1,53154,54244,1422
GCA_046871505.1,ABXCBW010000014.1,tet(B),+,55666,56865,IS91,294_IS91_MOFA01000112.1,53016,53530,2136
GCA_046871505.1,ABXCBW010000014.1,tet(B),+,55666,56865,IS91,327_IS91_LRKR01000133.1,54069,54341,1325
GCA_046871505.1,ABXCBW010000014.1,tet(B),+,55666,56865,IS91,406_IS91_CP018710.1,52848,53036,2630
GCA_046871505.1,ABXCBW010000028.1,AAC(6')-Ian,-,2269,2841,ISCR-orf513,824_ISCR-orf513__FJ012881.1,1618,83,651
GCA_046871505.1,ABXCBW010000028.1,AAC(6')-Ian,-,2269,2841,IS26,755_IS26_KT334335.1,3768,3064,223
GCA_046871505.1,ABXCBW010000064.1,sul1,-,2016,2855,tnpA,653_tnpA_KJ933392.1,590,1,1426
GCA_046871505.1,ABXCBW010000064.1,sul1,-,2016,2855,intI1,1060_intI1_KX029331.1,4473,4078,1223
GCA_046871505.1,ABXCBW010000064.1,sul1,-,2016,2855,qacEdelta,267_qacEdelta_HM138673.1,3196,2849,0
GCA_046871505.1,ABXCBW010000064.1,sul1,-,2016,2855,intI1,1793_intI1_KU736868.1,5001,4778,1923
GCA_046871505.1,ABXCBW010000064.1,AAC(3)-Ia,-,3353,3817,tnpA,653_tnpA_KJ933392.1,590,1,2763
GCA_046871505.1,ABXCBW010000064.1,AAC(3)-Ia,-,3353,3817,intI1,1060_intI1_KX029331.1,4473,4078,261
GCA_046871505.1,ABXCBW010000064.1,AAC(3)-Ia,-,3353,3817,qacEdelta,267_qacEdelta_HM138673.1,3196,2849,157
GCA_046871505.1,ABXCBW010000064.1,AAC(3)-Ia,-,3353,3817,intI1,1793_intI1_KU736868.1,5001,4778,961
GCA_046871505.1,ABXCBW010000095.1,abeS,+,32360,32689,qacEdelta,2277_qacEdelta_CT025799.2,32360,32689,0
GCA_046871505.1,ABXCBW010000095.1,adeG,+,37227,38447,qacEdelta,2277_qacEdelta_CT025799.2,32360,32689,4538
GCA_046871505.1,ABXCBW010000101.1,APH(3'')-Ib,+,18,821,IS91,270_IS91_MOFF01000153.1,2518,3608,1697
GCA_046871505.1,ABXCBW010000101.1,APH(3'')-Ib,+,18,821,IS91,294_IS91_MOFA01000112.1,2380,2894,1559
GCA_046871505.1,ABXCBW010000101.1,APH(3'')-Ib,+,18,821,IS91,327_IS91_LRKR01000133.1,3433,3705,2612
GCA_046871505.1,ABXCBW010000101.1,APH(3'')-Ib,+,18,821,IS91,406_IS91_CP018710.1,2212,2400,1391
GCA_046871505.1,ABXCBW010000101.1,APH(6)-Id,+,821,1657,IS91,270_IS91_MOFF01000153.1,2518,3608,861
GCA_046871505.1,ABXCBW010000101.1,APH(6)-Id,+,821,1657,IS91,294_IS91_MOFA01000112.1,2380,2894,723
GCA_046871505.1,ABXCBW010000101.1,APH(6)-Id,+,821,1657,IS91,327_IS91_LRKR01000133.1,3433,3705,1776
GCA_046871505.1,ABXCBW010000101.1,APH(6)-Id,+,821,1657,IS91,406_IS91_CP018710.1,2212,2400,555
GCA_046871505.1,ABXCBW010000101.1,tet(B),+,5030,6229,IS91,270_IS91_MOFF01000153.1,2518,3608,1422
GCA_046871505.1,ABXCBW010000101.1,tet(B),+,5030,6229,IS91,294_IS91_MOFA01000112.1,2380,2894,2136
GCA_046871505.1,ABXCBW010000101.1,tet(B),+,5030,6229,IS91,327_IS91_LRKR01000133.1,3433,3705,1325
GCA_046871505.1,ABXCBW010000101.1,tet(B),+,5030,6229,IS91,406_IS91_CP018710.1,2212,2400,2630
GCA_046871505.1,ABXCBW010000102.1,AAC(3)-Ia,+,2921,3385,intI1,1060_intI1_KX029331.1,2265,2660,261
GCA_046871505.1,ABXCBW010000102.1,AAC(3)-Ia,+,2921,3385,qacEdelta,267_qacEdelta_HM138673.1,3542,3889,157
GCA_046871505.1,ABXCBW010000102.1,AAC(3)-Ia,+,2921,3385,intI1,1793_intI1_KU736868.1,1737,1960,961
GCA_046871505.1,ABXCBW010000102.1,sul1,+,3883,4722,intI1,1060_intI1_KX029331.1,2265,2660,1223
GCA_046871505.1,ABXCBW010000102.1,sul1,+,3883,4722,qacEdelta,267_qacEdelta_HM138673.1,3542,3889,0
GCA_046871505.1,ABXCBW010000102.1,sul1,+,3883,4722,intI1,1793_intI1_KU736868.1,1737,1960,1923
GCA_046883885.1,DBEGYT010000002.1,abeS,+,279096,279425,qacEdelta,2277_qacEdelta_CT025799.2,279096,279425,0
GCA_046883885.1,DBEGYT010000002.1,adeG,+,283963,285183,qacEdelta,2277_qacEdelta_CT025799.2,279096,279425,4538
GCA_046883885.1,DBEGYT010000048.1,abeS,+,5264,5593,qacEdelta,2277_qacEdelta_CT025799.2,5264,5593,0
GCA_046883885.1,DBEGYT010000048.1,adeG,+,10131,11351,qacEdelta,2277_qacEdelta_CT025799.2,5264,5593,4538
GCA_047113095.1,ABXEDS010000006.1,adeG,-,72395,73615,qacEdelta,2277_qacEdelta_CT025799.2,78482,78153,4538
GCA_047113095.1,ABXEDS010000006.1,abeS,-,78153,78482,qacEdelta,2277_qacEdelta_CT025799.2,78482,78153,0
GCA_047113095.1,ABXEDS010000061.1,AAC(3)-Ia,-,1959,2423,intI1,1060_intI1_KX029331.1,3079,2684,261
GCA_047113095.1,ABXEDS010000061.1,AAC(3)-Ia,-,1959,2423,intI1,1793_intI1_KU736868.1,3607,3384,961
GCA_047113095.1,ABXEDS010000065.1,sul1,+,385,1224,tnpA,278_tnpA_AB304081.1,2360,3123,1136
GCA_047113095.1,ABXEDS010000065.1,sul1,+,385,1224,qacEdelta,267_qacEdelta_HM138673.1,44,391,0
GCA_047113095.1,ABXEDS010000088.1,abeS,+,56500,56829,qacEdelta,2277_qacEdelta_CT025799.2,56500,56829,0
GCA_047113095.1,ABXEDS010000088.1,adeG,+,61367,62587,qacEdelta,2277_qacEdelta_CT025799.2,56500,56829,4538
GCA_047113095.1,ABXEDS010000092.1,AAC(3)-Ia,+,2017,2481,intI1,1060_intI1_KX029331.1,1361,1756,261
GCA_047113095.1,ABXEDS010000092.1,AAC(3)-Ia,+,2017,2481,intI1,1793_intI1_KU736868.1,833,1056,961
GCA_047113095.1,ABXEDS010000093.1,sul1,+,426,1265,tnpA,278_tnpA_AB304081.1,2401,3164,1136
GCA_047113095.1,ABXEDS010000093.1,sul1,+,426,1265,qacEdelta,267_qacEdelta_HM138673.1,85,432,0
GCA_047224085.1,ABXFQI010000004.1,adeG,-,58380,59600,qacEdelta,2277_qacEdelta_CT025799.2,64466,64137,4537
GCA_047224085.1,ABXFQI010000004.1,abeS,-,64137,64466,qacEdelta,2277_qacEdelta_CT025799.2,64466,64137,0
GCA_047224085.1,ABXFQI010000120.1,abeS,+,4564,4893,qacEdelta,2277_qacEdelta_CT025799.2,4564,4893,0
GCA_047226445.1,CP178406.1,APH(3')-VI,+,119136,119915,tnpA,280_tnpA_JF714412.2,120082,121092,167
GCA_047226445.1,CP178406.1,APH(3')-VI,+,119136,119915,tnpA,1000_tnpA_JQ364968.1,118152,119030,106
GCA_047226445.1,CP178406.1,APH(3')-VI,+,119136,119915,tnpA,1000_tnpA_JQ364968.1,124825,125703,4910
GCA_047226445.1,CP178406.1,APH(3')-VI,+,119136,119915,tnpA,1000_tnpA_JQ364968.1,114109,114987,4149
GCA_047226445.1,CP178406.1,APH(3')-VI,+,119136,119915,IS91,426_IS91_CP001921.1,124559,124876,4644
GCA_047226445.1,CP178406.1,APH(3')-VI,+,119136,119915,IS91,426_IS91_CP001921.1,113843,114160,4976
GCA_047226445.1,CP178406.1,APH(3')-VI,+,119136,119915,IS91,426_IS91_CP001921.1,117886,118203,933
GCA_047226445.1,CP178406.1,NDM-1,+,121193,122005,tnpA,280_tnpA_JF714412.2,120082,121092,101
GCA_047226445.1,CP178406.1,NDM-1,+,121193,122005,tnpA,1000_tnpA_JQ364968.1,118152,119030,2163
GCA_047226445.1,CP178406.1,NDM-1,+,121193,122005,tnpA,1000_tnpA_JQ364968.1,124825,125703,2820
GCA_047226445.1,CP178406.1,NDM-1,+,121193,122005,IS91,426_IS91_CP001921.1,124559,124876,2554
GCA_047226445.1,CP178406.1,NDM-1,+,121193,122005,IS91,426_IS91_CP001921.1,117886,118203,2990
GCA_047226445.1,CP178406.1,determinant_of_bleomycin_resistance,+,122009,122374,tnpA,280_tnpA_JF714412.2,120082,121092,917
GCA_047226445.1,CP178406.1,determinant_of_bleomycin_resistance,+,122009,122374,tnpA,1000_tnpA_JQ364968.1,118152,119030,2979
GCA_047226445.1,CP178406.1,determinant_of_bleomycin_resistance,+,122009,122374,tnpA,1000_tnpA_JQ364968.1,124825,125703,2451
GCA_047226445.1,CP178406.1,determinant_of_bleomycin_resistance,+,122009,122374,IS91,426_IS91_CP001921.1,124559,124876,2185
GCA_047226445.1,CP178406.1,determinant_of_bleomycin_resistance,+,122009,122374,IS91,426_IS91_CP001921.1,117886,118203,3806
GCA_047226445.1,CP178406.1,OXA-23,-,729184,730005,tnpA,432_tnpA_FJ628170.1,727523,726993,1661
GCA_047226445.1,CP178406.1,OXA-23,-,1262024,1262845,tnpA,432_tnpA_FJ628170.1,1260363,1259833,1661
GCA_047226445.1,CP178406.1,adeF,-,1307678,1310857,qacEdelta,2277_qacEdelta_CT025799.2,1313718,1313389,2532
GCA_047226445.1,CP178406.1,adeG,-,1310864,1312084,qacEdelta,2277_qacEdelta_CT025799.2,1313718,1313389,1305
GCA_047226445.1,CP178406.1,abeS,-,1313389,1313718,qacEdelta,2277_qacEdelta_CT025799.2,1313718,1313389,0
GCA_047226445.1,CP178406.1,adeS,-,1908002,1909066,tnpA,432_tnpA_FJ628170.1,1911041,1910511,1445
GCA_047226445.1,CP178406.1,adeR,-,1909098,1909841,tnpA,432_tnpA_FJ628170.1,1911041,1910511,670
GCA_047272185.1,JBEXAK010000009.1,abeS,+,84695,85024,qacEdelta,2277_qacEdelta_CT025799.2,84695,85024,0
GCA_047272185.1,JBEXAK010000009.1,adeG,+,89562,90782,qacEdelta,2277_qacEdelta_CT025799.2,84695,85024,4538
GCA_047272185.1,JBEXAK010000020.1,APH(3'')-Ib,+,59288,60091,IS91,270_IS91_MOFF01000153.1,61788,62878,1697
GCA_047272185.1,JBEXAK010000020.1,APH(3'')-Ib,+,59288,60091,IS91,294_IS91_MOFA01000112.1,61650,62164,1559
GCA_047272185.1,JBEXAK010000020.1,APH(3'')-Ib,+,59288,60091,IS91,327_IS91_LRKR01000133.1,62703,62975,2612
GCA_047272185.1,JBEXAK010000020.1,APH(3'')-Ib,+,59288,60091,IS91,406_IS91_CP018710.1,61482,61670,1391
GCA_047272185.1,JBEXAK010000020.1,APH(6)-Id,+,60091,60927,IS91,270_IS91_MOFF01000153.1,61788,62878,861
GCA_047272185.1,JBEXAK010000020.1,APH(6)-Id,+,60091,60927,IS91,294_IS91_MOFA01000112.1,61650,62164,723
GCA_047272185.1,JBEXAK010000020.1,APH(6)-Id,+,60091,60927,IS91,327_IS91_LRKR01000133.1,62703,62975,1776
GCA_047272185.1,JBEXAK010000020.1,APH(6)-Id,+,60091,60927,IS91,406_IS91_CP018710.1,61482,61670,555
GCA_047272185.1,JBEXAK010000020.1,tet(B),+,64300,65499,IS91,270_IS91_MOFF01000153.1,61788,62878,1422
GCA_047272185.1,JBEXAK010000020.1,tet(B),+,64300,65499,IS91,294_IS91_MOFA01000112.1,61650,62164,2136
GCA_047272185.1,JBEXAK010000020.1,tet(B),+,64300,65499,IS91,327_IS91_LRKR01000133.1,62703,62975,1325
GCA_047272185.1,JBEXAK010000020.1,tet(B),+,64300,65499,IS91,406_IS91_CP018710.1,61482,61670,2630
GCA_047272205.1,JBEXAL010000009.1,abeS,+,84695,85024,qacEdelta,2277_qacEdelta_CT025799.2,84695,85024,0
GCA_047272205.1,JBEXAL010000009.1,adeG,+,89562,90782,qacEdelta,2277_qacEdelta_CT025799.2,84695,85024,4538
GCA_047272205.1,JBEXAL010000020.1,tet(B),-,89,1288,IS91,270_IS91_MOFF01000153.1,3800,2710,1422
GCA_047272205.1,JBEXAL010000020.1,tet(B),-,89,1288,IS91,294_IS91_MOFA01000112.1,3938,3424,2136
GCA_047272205.1,JBEXAL010000020.1,tet(B),-,89,1288,IS91,327_IS91_LRKR01000133.1,2885,2613,1325
GCA_047272205.1,JBEXAL010000020.1,tet(B),-,89,1288,IS91,406_IS91_CP018710.1,4106,3918,2630
GCA_047272205.1,JBEXAL010000020.1,APH(6)-Id,-,4661,5497,IS91,270_IS91_MOFF01000153.1,3800,2710,861
GCA_047272205.1,JBEXAL010000020.1,APH(6)-Id,-,4661,5497,IS91,294_IS91_MOFA01000112.1,3938,3424,723
GCA_047272205.1,JBEXAL010000020.1,APH(6)-Id,-,4661,5497,IS91,327_IS91_LRKR01000133.1,2885,2613,1776
GCA_047272205.1,JBEXAL010000020.1,APH(6)-Id,-,4661,5497,IS91,406_IS91_CP018710.1,4106,3918,555
GCA_047272205.1,JBEXAL010000020.1,APH(3'')-Ib,-,5497,6300,IS91,270_IS91_MOFF01000153.1,3800,2710,1697
GCA_047272205.1,JBEXAL010000020.1,APH(3'')-Ib,-,5497,6300,IS91,294_IS91_MOFA01000112.1,3938,3424,1559
GCA_047272205.1,JBEXAL010000020.1,APH(3'')-Ib,-,5497,6300,IS91,327_IS91_LRKR01000133.1,2885,2613,2612
GCA_047272205.1,JBEXAL010000020.1,APH(3'')-Ib,-,5497,6300,IS91,406_IS91_CP018710.1,4106,3918,1391
GCA_047272365.1,JBEXAU010000006.1,adeG,-,96866,98086,qacEdelta,2277_qacEdelta_CT025799.2,102953,102624,4538
GCA_047272365.1,JBEXAU010000006.1,abeS,-,102624,102953,qacEdelta,2277_qacEdelta_CT025799.2,102953,102624,0
GCA_047272365.1,JBEXAU010000006.1,armA,+,199354,200127,tnpA,483_tnpA_HE577623.1,200736,202061,609
GCA_047272365.1,JBEXAU010000006.1,armA,+,199354,200127,tnpAcp1,554_tnpAcp1_FJ187822.1,198385,199028,326
GCA_047272365.1,JBEXAU010000006.1,msrE,+,202426,203901,tnpA,483_tnpA_HE577623.1,200736,202061,365
GCA_047272365.1,JBEXAU010000006.1,msrE,+,202426,203901,tnpAcp1,554_tnpAcp1_FJ187822.1,198385,199028,3398
GCA_047272365.1,JBEXAU010000006.1,mphE,+,203957,204841,tnpA,483_tnpA_HE577623.1,200736,202061,1896
GCA_047272365.1,JBEXAU010000006.1,mphE,+,203957,204841,tnpAcp1,554_tnpAcp1_FJ187822.1,198385,199028,4929
GCA_047272365.1,JBEXAU010000022.1,APH(3'')-Ib,+,59304,60107,IS91,270_IS91_MOFF01000153.1,61804,62894,1697
GCA_047272365.1,JBEXAU010000022.1,APH(3'')-Ib,+,59304,60107,IS91,294_IS91_MOFA01000112.1,61666,62180,1559
GCA_047272365.1,JBEXAU010000022.1,APH(3'')-Ib,+,59304,60107,IS91,327_IS91_LRKR01000133.1,62719,62991,2612
GCA_047272365.1,JBEXAU010000022.1,APH(3'')-Ib,+,59304,60107,IS91,406_IS91_CP018710.1,61498,61686,1391
GCA_047272365.1,JBEXAU010000022.1,APH(6)-Id,+,60107,60943,IS91,270_IS91_MOFF01000153.1,61804,62894,861
GCA_047272365.1,JBEXAU010000022.1,APH(6)-Id,+,60107,60943,IS91,294_IS91_MOFA01000112.1,61666,62180,723
GCA_047272365.1,JBEXAU010000022.1,APH(6)-Id,+,60107,60943,IS91,327_IS91_LRKR01000133.1,62719,62991,1776
GCA_047272365.1,JBEXAU010000022.1,APH(6)-Id,+,60107,60943,IS91,406_IS91_CP018710.1,61498,61686,555
GCA_047272365.1,JBEXAU010000022.1,tet(B),+,64316,65515,IS91,270_IS91_MOFF01000153.1,61804,62894,1422
GCA_047272365.1,JBEXAU010000022.1,tet(B),+,64316,65515,IS91,294_IS91_MOFA01000112.1,61666,62180,2136
GCA_047272365.1,JBEXAU010000022.1,tet(B),+,64316,65515,IS91,327_IS91_LRKR01000133.1,62719,62991,1325
GCA_047272365.1,JBEXAU010000022.1,tet(B),+,64316,65515,IS91,406_IS91_CP018710.1,61498,61686,2630
GCA_047272365.1,JBEXAU010000057.1,TEM-12,-,17,877,tnpA,1098_tnpA_KX756453.1,1574,1060,183
GCA_047272585.1,JBEXBC010000008.1,abeS,+,99653,99982,qacEdelta,2277_qacEdelta_CT025799.2,99653,99982,0
GCA_047272585.1,JBEXBC010000008.1,adeG,+,104520,105740,qacEdelta,2277_qacEdelta_CT025799.2,99653,99982,4538
GCA_047272585.1,JBEXBC010000017.1,APH(3'')-Ib,+,59288,60091,IS91,270_IS91_MOFF01000153.1,61788,62878,1697
GCA_047272585.1,JBEXBC010000017.1,APH(3'')-Ib,+,59288,60091,IS91,294_IS91_MOFA01000112.1,61650,62164,1559
GCA_047272585.1,JBEXBC010000017.1,APH(3'')-Ib,+,59288,60091,IS91,327_IS91_LRKR01000133.1,62703,62975,2612
GCA_047272585.1,JBEXBC010000017.1,APH(3'')-Ib,+,59288,60091,IS91,406_IS91_CP018710.1,61482,61670,1391
GCA_047272585.1,JBEXBC010000017.1,APH(6)-Id,+,60091,60927,IS91,270_IS91_MOFF01000153.1,61788,62878,861
GCA_047272585.1,JBEXBC010000017.1,APH(6)-Id,+,60091,60927,IS91,294_IS91_MOFA01000112.1,61650,62164,723
GCA_047272585.1,JBEXBC010000017.1,APH(6)-Id,+,60091,60927,IS91,327_IS91_LRKR01000133.1,62703,62975,1776
GCA_047272585.1,JBEXBC010000017.1,APH(6)-Id,+,60091,60927,IS91,406_IS91_CP018710.1,61482,61670,555
GCA_047272585.1,JBEXBC010000017.1,tet(B),+,64300,65499,IS91,270_IS91_MOFF01000153.1,61788,62878,1422
GCA_047272585.1,JBEXBC010000017.1,tet(B),+,64300,65499,IS91,294_IS91_MOFA01000112.1,61650,62164,2136
GCA_047272585.1,JBEXBC010000017.1,tet(B),+,64300,65499,IS91,327_IS91_LRKR01000133.1,62703,62975,1325
GCA_047272585.1,JBEXBC010000017.1,tet(B),+,64300,65499,IS91,406_IS91_CP018710.1,61482,61670,2630
GCA_047272585.1,JBEXBC010000035.1,mphE,-,692,1576,tnpA,483_tnpA_HE577623.1,4797,3472,1896
GCA_047272585.1,JBEXBC010000035.1,mphE,-,692,1576,tnpAcp1,554_tnpAcp1_FJ187822.1,7242,6505,4929
GCA_047272585.1,JBEXBC010000035.1,msrE,-,1632,3107,tnpA,483_tnpA_HE577623.1,4797,3472,365
GCA_047272585.1,JBEXBC010000035.1,msrE,-,1632,3107,ISCR-orf513,281_ISCR-orf513_KJ186154.1,8810,7578,4471
GCA_047272585.1,JBEXBC010000035.1,msrE,-,1632,3107,tnpAcp1,554_tnpAcp1_FJ187822.1,7242,6505,3398
GCA_047272585.1,JBEXBC010000035.1,armA,-,5406,6179,tnpA,483_tnpA_HE577623.1,4797,3472,609
GCA_047272585.1,JBEXBC010000035.1,armA,-,5406,6179,ISCR-orf513,281_ISCR-orf513_KJ186154.1,8810,7578,1399
GCA_047272585.1,JBEXBC010000035.1,armA,-,5406,6179,IS91,325_IS91_LYDO01000032.1,9119,8316,2137
GCA_047272585.1,JBEXBC010000035.1,armA,-,5406,6179,tnpAcp1,554_tnpAcp1_FJ187822.1,7242,6505,326
GCA_047272585.1,JBEXBC010000055.1,TEM-12,-,105,965,tnpA,1098_tnpA_KX756453.1,1664,1148,183
GCA_047272585.1,JBEXBC010000060.1,sul1,+,547,1386,qacEdelta,267_qacEdelta_HM138673.1,206,553,0
GCA_047272605.1,JBEXBF010000015.1,abeS,+,27367,27696,qacEdelta,2277_qacEdelta_CT025799.2,27367,27696,0
GCA_047272605.1,JBEXBF010000015.1,adeG,+,32234,33454,qacEdelta,2277_qacEdelta_CT025799.2,27367,27696,4538
GCA_047272605.1,JBEXBF010000018.1,armA,+,69260,70033,tnpA,483_tnpA_HE577623.1,70642,71967,609
GCA_047272605.1,JBEXBF010000018.1,armA,+,69260,70033,tnpAcp1,554_tnpAcp1_FJ187822.1,68291,68934,326
GCA_047272605.1,JBEXBF010000018.1,msrE,+,72332,73807,tnpA,483_tnpA_HE577623.1,70642,71967,365
GCA_047272605.1,JBEXBF010000018.1,msrE,+,72332,73807,tnpAcp1,554_tnpAcp1_FJ187822.1,68291,68934,3398
GCA_047272605.1,JBEXBF010000018.1,mphE,+,73863,74747,tnpA,483_tnpA_HE577623.1,70642,71967,1896
GCA_047272605.1,JBEXBF010000018.1,mphE,+,73863,74747,tnpAcp1,554_tnpAcp1_FJ187822.1,68291,68934,4929
GCA_047272605.1,JBEXBF010000022.1,tet(B),-,2326,3525,IS91,270_IS91_MOFF01000153.1,6037,4947,1422
GCA_047272605.1,JBEXBF010000022.1,tet(B),-,2326,3525,IS91,294_IS91_MOFA01000112.1,6175,5661,2136
GCA_047272605.1,JBEXBF010000022.1,tet(B),-,2326,3525,IS91,327_IS91_LRKR01000133.1,5122,4850,1325
GCA_047272605.1,JBEXBF010000022.1,tet(B),-,2326,3525,IS91,406_IS91_CP018710.1,6343,6155,2630
GCA_047272605.1,JBEXBF010000022.1,APH(6)-Id,-,6898,7734,IS91,270_IS91_MOFF01000153.1,6037,4947,861
GCA_047272605.1,JBEXBF010000022.1,APH(6)-Id,-,6898,7734,IS91,294_IS91_MOFA01000112.1,6175,5661,723
GCA_047272605.1,JBEXBF010000022.1,APH(6)-Id,-,6898,7734,IS91,327_IS91_LRKR01000133.1,5122,4850,1776
GCA_047272605.1,JBEXBF010000022.1,APH(6)-Id,-,6898,7734,IS91,406_IS91_CP018710.1,6343,6155,555
GCA_047272605.1,JBEXBF010000022.1,APH(3'')-Ib,-,7734,8537,IS91,270_IS91_MOFF01000153.1,6037,4947,1697
GCA_047272605.1,JBEXBF010000022.1,APH(3'')-Ib,-,7734,8537,IS91,294_IS91_MOFA01000112.1,6175,5661,1559
GCA_047272605.1,JBEXBF010000022.1,APH(3'')-Ib,-,7734,8537,IS91,327_IS91_LRKR01000133.1,5122,4850,2612
GCA_047272605.1,JBEXBF010000022.1,APH(3'')-Ib,-,7734,8537,IS91,406_IS91_CP018710.1,6343,6155,1391
GCA_047272605.1,JBEXBF010000040.1,TEM-12,-,17,877,tnpA,1098_tnpA_KX756453.1,1574,1060,183
GCA_047287345.1,DBEUXA010000009.1,adeG,-,65778,66998,qacEdelta,2277_qacEdelta_CT025799.2,71865,71536,4538
GCA_047287345.1,DBEUXA010000009.1,abeS,-,71536,71865,qacEdelta,2277_qacEdelta_CT025799.2,71865,71536,0
GCA_047287345.1,DBEUXA010000019.1,APH(3'')-Ib,+,59198,60001,IS91,270_IS91_MOFF01000153.1,61698,62788,1697
GCA_047287345.1,DBEUXA010000019.1,APH(3'')-Ib,+,59198,60001,IS91,294_IS91_MOFA01000112.1,61560,62074,1559
GCA_047287345.1,DBEUXA010000019.1,APH(3'')-Ib,+,59198,60001,IS91,327_IS91_LRKR01000133.1,62613,62885,2612
GCA_047287345.1,DBEUXA010000019.1,APH(3'')-Ib,+,59198,60001,IS91,406_IS91_CP018710.1,61392,61580,1391
GCA_047287345.1,DBEUXA010000019.1,APH(6)-Id,+,60001,60837,IS91,270_IS91_MOFF01000153.1,61698,62788,861
GCA_047287345.1,DBEUXA010000019.1,APH(6)-Id,+,60001,60837,IS91,294_IS91_MOFA01000112.1,61560,62074,723
GCA_047287345.1,DBEUXA010000019.1,APH(6)-Id,+,60001,60837,IS91,327_IS91_LRKR01000133.1,62613,62885,1776
GCA_047287345.1,DBEUXA010000019.1,APH(6)-Id,+,60001,60837,IS91,406_IS91_CP018710.1,61392,61580,555
GCA_047287345.1,DBEUXA010000019.1,tet(B),+,64210,65407,IS91,270_IS91_MOFF01000153.1,61698,62788,1422
GCA_047287345.1,DBEUXA010000019.1,tet(B),+,64210,65407,IS91,294_IS91_MOFA01000112.1,61560,62074,2136
GCA_047287345.1,DBEUXA010000019.1,tet(B),+,64210,65407,IS91,327_IS91_LRKR01000133.1,62613,62885,1325
GCA_047287345.1,DBEUXA010000019.1,tet(B),+,64210,65407,IS91,406_IS91_CP018710.1,61392,61580,2630
GCA_047287345.1,DBEUXA010000079.1,abeS,+,56504,56833,qacEdelta,2277_qacEdelta_CT025799.2,56504,56833,0
GCA_047287345.1,DBEUXA010000079.1,adeG,+,61371,62591,qacEdelta,2277_qacEdelta_CT025799.2,56504,56833,4538
GCA_047287345.1,DBEUXA010000085.1,APH(3'')-Ib,+,1249,2052,IS91,270_IS91_MOFF01000153.1,3749,4839,1697
GCA_047287345.1,DBEUXA010000085.1,APH(3'')-Ib,+,1249,2052,IS91,294_IS91_MOFA01000112.1,3611,4125,1559
GCA_047287345.1,DBEUXA010000085.1,APH(3'')-Ib,+,1249,2052,IS91,327_IS91_LRKR01000133.1,4664,4936,2612
GCA_047287345.1,DBEUXA010000085.1,APH(3'')-Ib,+,1249,2052,IS91,406_IS91_CP018710.1,3443,3631,1391
GCA_047287345.1,DBEUXA010000085.1,APH(6)-Id,+,2052,2888,IS91,270_IS91_MOFF01000153.1,3749,4839,861
GCA_047287345.1,DBEUXA010000085.1,APH(6)-Id,+,2052,2888,IS91,294_IS91_MOFA01000112.1,3611,4125,723
GCA_047287345.1,DBEUXA010000085.1,APH(6)-Id,+,2052,2888,IS91,327_IS91_LRKR01000133.1,4664,4936,1776
GCA_047287345.1,DBEUXA010000085.1,APH(6)-Id,+,2052,2888,IS91,406_IS91_CP018710.1,3443,3631,555
GCA_047291055.1,JBLBFM010000010.1,adeG,-,59716,60936,qacEdelta,2277_qacEdelta_CT025799.2,65803,65474,4538
GCA_047291055.1,JBLBFM010000010.1,abeS,-,65474,65803,qacEdelta,2277_qacEdelta_CT025799.2,65803,65474,0
GCA_047291055.1,JBLBFM010000021.1,APH(3'')-Ib,+,59198,60001,IS91,270_IS91_MOFF01000153.1,61698,62788,1697
GCA_047291055.1,JBLBFM010000021.1,APH(3'')-Ib,+,59198,60001,IS91,294_IS91_MOFA01000112.1,61560,62074,1559
GCA_047291055.1,JBLBFM010000021.1,APH(3'')-Ib,+,59198,60001,IS91,327_IS91_LRKR01000133.1,62613,62885,2612
GCA_047291055.1,JBLBFM010000021.1,APH(3'')-Ib,+,59198,60001,IS91,406_IS91_CP018710.1,61392,61580,1391
GCA_047291055.1,JBLBFM010000021.1,APH(6)-Id,+,60001,60837,IS91,270_IS91_MOFF01000153.1,61698,62788,861
GCA_047291055.1,JBLBFM010000021.1,APH(6)-Id,+,60001,60837,IS91,294_IS91_MOFA01000112.1,61560,62074,723
GCA_047291055.1,JBLBFM010000021.1,APH(6)-Id,+,60001,60837,IS91,327_IS91_LRKR01000133.1,62613,62885,1776
GCA_047291055.1,JBLBFM010000021.1,APH(6)-Id,+,60001,60837,IS91,406_IS91_CP018710.1,61392,61580,555
GCA_047291055.1,JBLBFM010000021.1,tet(B),+,64210,65407,IS91,270_IS91_MOFF01000153.1,61698,62788,1422
GCA_047291055.1,JBLBFM010000021.1,tet(B),+,64210,65407,IS91,294_IS91_MOFA01000112.1,61560,62074,2136
GCA_047291055.1,JBLBFM010000021.1,tet(B),+,64210,65407,IS91,327_IS91_LRKR01000133.1,62613,62885,1325
GCA_047291055.1,JBLBFM010000021.1,tet(B),+,64210,65407,IS91,406_IS91_CP018710.1,61392,61580,2630
GCA_047340255.1,JBLEBS010000008.1,adeG,-,72475,73695,qacEdelta,2277_qacEdelta_CT025799.2,78562,78233,4538
GCA_047340255.1,JBLEBS010000008.1,abeS,-,78233,78562,qacEdelta,2277_qacEdelta_CT025799.2,78562,78233,0
GCA_047340255.1,JBLEBS010000022.1,tet(B),-,2312,3511,IS91,270_IS91_MOFF01000153.1,6023,4933,1422
GCA_047340255.1,JBLEBS010000022.1,tet(B),-,2312,3511,IS91,294_IS91_MOFA01000112.1,6161,5647,2136
GCA_047340255.1,JBLEBS010000022.1,tet(B),-,2312,3511,IS91,327_IS91_LRKR01000133.1,5108,4836,1325
GCA_047340255.1,JBLEBS010000022.1,tet(B),-,2312,3511,IS91,406_IS91_CP018710.1,6329,6141,2630
GCA_047340255.1,JBLEBS010000022.1,APH(6)-Id,-,6884,7720,IS91,270_IS91_MOFF01000153.1,6023,4933,861
GCA_047340255.1,JBLEBS010000022.1,APH(6)-Id,-,6884,7720,IS91,294_IS91_MOFA01000112.1,6161,5647,723
GCA_047340255.1,JBLEBS010000022.1,APH(6)-Id,-,6884,7720,IS91,327_IS91_LRKR01000133.1,5108,4836,1776
GCA_047340255.1,JBLEBS010000022.1,APH(6)-Id,-,6884,7720,IS91,406_IS91_CP018710.1,6329,6141,555
GCA_047340255.1,JBLEBS010000022.1,APH(3'')-Ib,-,7720,8523,IS91,270_IS91_MOFF01000153.1,6023,4933,1697
GCA_047340255.1,JBLEBS010000022.1,APH(3'')-Ib,-,7720,8523,IS91,294_IS91_MOFA01000112.1,6161,5647,1559
GCA_047340255.1,JBLEBS010000022.1,APH(3'')-Ib,-,7720,8523,IS91,327_IS91_LRKR01000133.1,5108,4836,2612
GCA_047340255.1,JBLEBS010000022.1,APH(3'')-Ib,-,7720,8523,IS91,406_IS91_CP018710.1,6329,6141,1391
GCA_047340255.1,JBLEBS010000054.1,armA,+,5870,6643,tnpA,483_tnpA_HE577623.1,7252,8577,609
GCA_047340255.1,JBLEBS010000054.1,armA,+,5870,6643,tnpAcp1,554_tnpAcp1_FJ187822.1,4901,5544,326
GCA_047340255.1,JBLEBS010000054.1,msrE,+,8942,10417,tnpA,483_tnpA_HE577623.1,7252,8577,365
GCA_047340255.1,JBLEBS010000054.1,msrE,+,8942,10417,tnpAcp1,554_tnpAcp1_FJ187822.1,4901,5544,3398
GCA_047340255.1,JBLEBS010000054.1,mphE,+,10473,11357,tnpA,483_tnpA_HE577623.1,7252,8577,1896
GCA_047340255.1,JBLEBS010000054.1,mphE,+,10473,11357,tnpAcp1,554_tnpAcp1_FJ187822.1,4901,5544,4929
GCA_047340255.1,JBLEBS010000068.1,TEM-12,-,91,951,tnpA,1098_tnpA_KX756453.1,1650,1134,183
GCA_047446335.1,ABXLVC010000010.1,adeG,-,72395,73615,qacEdelta,2277_qacEdelta_CT025799.2,78482,78153,4538
GCA_047446335.1,ABXLVC010000010.1,abeS,-,78153,78482,qacEdelta,2277_qacEdelta_CT025799.2,78482,78153,0
GCA_047446335.1,ABXLVC010000020.1,APH(3'')-Ib,+,59198,60001,IS91,270_IS91_MOFF01000153.1,61698,62788,1697
GCA_047446335.1,ABXLVC010000020.1,APH(3'')-Ib,+,59198,60001,IS91,294_IS91_MOFA01000112.1,61560,62074,1559
GCA_047446335.1,ABXLVC010000020.1,APH(3'')-Ib,+,59198,60001,IS91,327_IS91_LRKR01000133.1,62613,62885,2612
GCA_047446335.1,ABXLVC010000020.1,APH(3'')-Ib,+,59198,60001,IS91,406_IS91_CP018710.1,61392,61580,1391
GCA_047446335.1,ABXLVC010000020.1,APH(6)-Id,+,60001,60837,IS91,270_IS91_MOFF01000153.1,61698,62788,861
GCA_047446335.1,ABXLVC010000020.1,APH(6)-Id,+,60001,60837,IS91,294_IS91_MOFA01000112.1,61560,62074,723
GCA_047446335.1,ABXLVC010000020.1,APH(6)-Id,+,60001,60837,IS91,327_IS91_LRKR01000133.1,62613,62885,1776
GCA_047446335.1,ABXLVC010000020.1,APH(6)-Id,+,60001,60837,IS91,406_IS91_CP018710.1,61392,61580,555
GCA_047446335.1,ABXLVC010000020.1,tet(B),+,64210,65407,IS91,270_IS91_MOFF01000153.1,61698,62788,1422
GCA_047446335.1,ABXLVC010000020.1,tet(B),+,64210,65407,IS91,294_IS91_MOFA01000112.1,61560,62074,2136
GCA_047446335.1,ABXLVC010000020.1,tet(B),+,64210,65407,IS91,327_IS91_LRKR01000133.1,62613,62885,1325
GCA_047446335.1,ABXLVC010000020.1,tet(B),+,64210,65407,IS91,406_IS91_CP018710.1,61392,61580,2630
GCA_047446335.1,ABXLVC010000065.1,abeS,+,8473,8802,qacEdelta,2277_qacEdelta_CT025799.2,8473,8802,0
GCA_047446335.1,ABXLVC010000065.1,adeG,+,13340,14560,qacEdelta,2277_qacEdelta_CT025799.2,8473,8802,4538
GCA_047446335.1,ABXLVC010000067.1,APH(3'')-Ib,+,1249,2052,IS91,270_IS91_MOFF01000153.1,3749,4839,1697
GCA_047446335.1,ABXLVC010000067.1,APH(3'')-Ib,+,1249,2052,IS91,294_IS91_MOFA01000112.1,3611,4125,1559
GCA_047446335.1,ABXLVC010000067.1,APH(3'')-Ib,+,1249,2052,IS91,327_IS91_LRKR01000133.1,4664,4936,2612
GCA_047446335.1,ABXLVC010000067.1,APH(3'')-Ib,+,1249,2052,IS91,406_IS91_CP018710.1,3443,3631,1391
GCA_047446335.1,ABXLVC010000067.1,APH(6)-Id,+,2052,2888,IS91,270_IS91_MOFF01000153.1,3749,4839,861
GCA_047446335.1,ABXLVC010000067.1,APH(6)-Id,+,2052,2888,IS91,294_IS91_MOFA01000112.1,3611,4125,723
GCA_047446335.1,ABXLVC010000067.1,APH(6)-Id,+,2052,2888,IS91,327_IS91_LRKR01000133.1,4664,4936,1776
GCA_047446335.1,ABXLVC010000067.1,APH(6)-Id,+,2052,2888,IS91,406_IS91_CP018710.1,3443,3631,555
GCA_047613165.1,ABXRCL010000008.1,adeG,-,72397,73617,qacEdelta,2277_qacEdelta_CT025799.2,78484,78155,4538
GCA_047613165.1,ABXRCL010000008.1,abeS,-,78155,78484,qacEdelta,2277_qacEdelta_CT025799.2,78484,78155,0
GCA_047613165.1,ABXRCL010000023.1,APH(3'')-Ib,+,59198,60001,IS91,294_IS91_MOFA01000112.1,61560,62052,1559
GCA_047613165.1,ABXRCL010000023.1,APH(3'')-Ib,+,59198,60001,IS91,406_IS91_CP018710.1,61392,61580,1391
GCA_047613165.1,ABXRCL010000023.1,APH(6)-Id,+,60001,60837,IS91,294_IS91_MOFA01000112.1,61560,62052,723
GCA_047613165.1,ABXRCL010000023.1,APH(6)-Id,+,60001,60837,IS91,406_IS91_CP018710.1,61392,61580,555
GCA_047613165.1,ABXRCL010000028.1,armA,+,33360,34133,tnpA,483_tnpA_HE577623.1,34742,36067,609
GCA_047613165.1,ABXRCL010000028.1,armA,+,33360,34133,tnpAcp1,554_tnpAcp1_FJ187822.1,32391,33034,326
GCA_047613165.1,ABXRCL010000028.1,msrE,+,36432,37907,tnpA,483_tnpA_HE577623.1,34742,36067,365
GCA_047613165.1,ABXRCL010000028.1,msrE,+,36432,37907,tnpAcp1,554_tnpAcp1_FJ187822.1,32391,33034,3398
GCA_047613165.1,ABXRCL010000028.1,mphE,+,37963,38847,tnpA,483_tnpA_HE577623.1,34742,36067,1896
GCA_047613165.1,ABXRCL010000028.1,mphE,+,37963,38847,tnpAcp1,554_tnpAcp1_FJ187822.1,32391,33034,4929
GCA_047613165.1,ABXRCL010000069.1,abeS,+,3715,4044,qacEdelta,2277_qacEdelta_CT025799.2,3715,4044,0
GCA_047613165.1,ABXRCL010000069.1,adeG,+,8582,9802,qacEdelta,2277_qacEdelta_CT025799.2,3715,4044,4538
GCA_047613165.1,ABXRCL010000072.1,armA,+,10989,11762,tnpA,483_tnpA_HE577623.1,12371,13696,609
GCA_047613165.1,ABXRCL010000072.1,armA,+,10989,11762,tnpAcp1,554_tnpAcp1_FJ187822.1,10020,10663,326
GCA_047613165.1,ABXRCL010000072.1,msrE,+,14061,15536,tnpA,483_tnpA_HE577623.1,12371,13696,365
GCA_047613165.1,ABXRCL010000072.1,msrE,+,14061,15536,tnpAcp1,554_tnpAcp1_FJ187822.1,10020,10663,3398
GCA_047613165.1,ABXRCL010000072.1,mphE,+,15592,16476,tnpA,483_tnpA_HE577623.1,12371,13696,1896
GCA_047613165.1,ABXRCL010000072.1,mphE,+,15592,16476,tnpAcp1,554_tnpAcp1_FJ187822.1,10020,10663,4929
GCA_047613165.1,ABXRCL010000073.1,APH(3'')-Ib,+,1249,2052,IS91,294_IS91_MOFA01000112.1,3611,4125,1559
GCA_047613165.1,ABXRCL010000073.1,APH(3'')-Ib,+,1249,2052,IS91,406_IS91_CP018710.1,3443,3631,1391
GCA_047613165.1,ABXRCL010000073.1,APH(6)-Id,+,2052,2888,IS91,294_IS91_MOFA01000112.1,3611,4125,723
GCA_047613165.1,ABXRCL010000073.1,APH(6)-Id,+,2052,2888,IS91,406_IS91_CP018710.1,3443,3631,555
GCA_047647855.1,ABXRPE010000012.1,APH(3'')-Ib,+,59198,60001,IS91,270_IS91_MOFF01000153.1,61698,62788,1697
GCA_047647855.1,ABXRPE010000012.1,APH(3'')-Ib,+,59198,60001,IS91,294_IS91_MOFA01000112.1,61560,62074,1559
GCA_047647855.1,ABXRPE010000012.1,APH(3'')-Ib,+,59198,60001,IS91,327_IS91_LRKR01000133.1,62613,62885,2612
GCA_047647855.1,ABXRPE010000012.1,APH(3'')-Ib,+,59198,60001,IS91,406_IS91_CP018710.1,61392,61580,1391
GCA_047647855.1,ABXRPE010000012.1,APH(6)-Id,+,60001,60837,IS91,270_IS91_MOFF01000153.1,61698,62788,861
GCA_047647855.1,ABXRPE010000012.1,APH(6)-Id,+,60001,60837,IS91,294_IS91_MOFA01000112.1,61560,62074,723
GCA_047647855.1,ABXRPE010000012.1,APH(6)-Id,+,60001,60837,IS91,327_IS91_LRKR01000133.1,62613,62885,1776
GCA_047647855.1,ABXRPE010000012.1,APH(6)-Id,+,60001,60837,IS91,406_IS91_CP018710.1,61392,61580,555
GCA_047647855.1,ABXRPE010000012.1,tet(B),+,64210,65409,IS91,270_IS91_MOFF01000153.1,61698,62788,1422
GCA_047647855.1,ABXRPE010000012.1,tet(B),+,64210,65409,IS91,294_IS91_MOFA01000112.1,61560,62074,2136
GCA_047647855.1,ABXRPE010000012.1,tet(B),+,64210,65409,IS91,327_IS91_LRKR01000133.1,62613,62885,1325
GCA_047647855.1,ABXRPE010000012.1,tet(B),+,64210,65409,IS91,406_IS91_CP018710.1,61392,61580,2630
GCA_047647855.1,ABXRPE010000016.1,adeG,-,4621,5841,qacEdelta,2277_qacEdelta_CT025799.2,10708,10379,4538
GCA_047647855.1,ABXRPE010000016.1,abeS,-,10379,10708,qacEdelta,2277_qacEdelta_CT025799.2,10708,10379,0
GCA_047647855.1,ABXRPE010000074.1,abeS,+,4301,4630,qacEdelta,2277_qacEdelta_CT025799.2,4301,4630,0
GCA_047647855.1,ABXRPE010000074.1,adeG,+,9168,10388,qacEdelta,2277_qacEdelta_CT025799.2,4301,4630,4538
GCA_047647855.1,ABXRPE010000076.1,APH(3'')-Ib,+,1249,2052,IS91,270_IS91_MOFF01000153.1,3749,4839,1697
GCA_047647855.1,ABXRPE010000076.1,APH(3'')-Ib,+,1249,2052,IS91,294_IS91_MOFA01000112.1,3611,4125,1559
GCA_047647855.1,ABXRPE010000076.1,APH(3'')-Ib,+,1249,2052,IS91,327_IS91_LRKR01000133.1,4664,4936,2612
GCA_047647855.1,ABXRPE010000076.1,APH(3'')-Ib,+,1249,2052,IS91,406_IS91_CP018710.1,3443,3631,1391
GCA_047647855.1,ABXRPE010000076.1,APH(6)-Id,+,2052,2888,IS91,270_IS91_MOFF01000153.1,3749,4839,861
GCA_047647855.1,ABXRPE010000076.1,APH(6)-Id,+,2052,2888,IS91,294_IS91_MOFA01000112.1,3611,4125,723
GCA_047647855.1,ABXRPE010000076.1,APH(6)-Id,+,2052,2888,IS91,327_IS91_LRKR01000133.1,4664,4936,1776
GCA_047647855.1,ABXRPE010000076.1,APH(6)-Id,+,2052,2888,IS91,406_IS91_CP018710.1,3443,3631,555
GCA_047647855.1,ABXRPE010000076.1,tet(B),+,6261,7460,IS91,270_IS91_MOFF01000153.1,3749,4839,1422
GCA_047647855.1,ABXRPE010000076.1,tet(B),+,6261,7460,IS91,294_IS91_MOFA01000112.1,3611,4125,2136
GCA_047647855.1,ABXRPE010000076.1,tet(B),+,6261,7460,IS91,327_IS91_LRKR01000133.1,4664,4936,1325
GCA_047647855.1,ABXRPE010000076.1,tet(B),+,6261,7460,IS91,406_IS91_CP018710.1,3443,3631,2630
GCA_047742875.1,JBLLSI010000006.1,adeG,-,72493,73713,qacEdelta,2277_qacEdelta_CT025799.2,78580,78251,4538
GCA_047742875.1,JBLLSI010000006.1,abeS,-,78251,78580,qacEdelta,2277_qacEdelta_CT025799.2,78580,78251,0
GCA_047742875.1,JBLLSI010000006.1,armA,+,174981,175754,tnpA,483_tnpA_HE577623.1,176363,177688,609
GCA_047742875.1,JBLLSI010000006.1,armA,+,174981,175754,tnpAcp1,554_tnpAcp1_FJ187822.1,174012,174655,326
GCA_047742875.1,JBLLSI010000006.1,msrE,+,178053,179528,tnpA,483_tnpA_HE577623.1,176363,177688,365
GCA_047742875.1,JBLLSI010000006.1,msrE,+,178053,179528,tnpAcp1,554_tnpAcp1_FJ187822.1,174012,174655,3398
GCA_047742875.1,JBLLSI010000006.1,mphE,+,179584,180468,tnpA,483_tnpA_HE577623.1,176363,177688,1896
GCA_047742875.1,JBLLSI010000006.1,mphE,+,179584,180468,tnpAcp1,554_tnpAcp1_FJ187822.1,174012,174655,4929
GCA_047742875.1,JBLLSI010000021.1,APH(3'')-Ib,+,59294,60097,IS91,270_IS91_MOFF01000153.1,61794,62884,1697
GCA_047742875.1,JBLLSI010000021.1,APH(3'')-Ib,+,59294,60097,IS91,294_IS91_MOFA01000112.1,61656,62170,1559
GCA_047742875.1,JBLLSI010000021.1,APH(3'')-Ib,+,59294,60097,IS91,327_IS91_LRKR01000133.1,62709,62981,2612
GCA_047742875.1,JBLLSI010000021.1,APH(3'')-Ib,+,59294,60097,IS91,406_IS91_CP018710.1,61488,61676,1391
GCA_047742875.1,JBLLSI010000021.1,APH(6)-Id,+,60097,60933,IS91,270_IS91_MOFF01000153.1,61794,62884,861
GCA_047742875.1,JBLLSI010000021.1,APH(6)-Id,+,60097,60933,IS91,294_IS91_MOFA01000112.1,61656,62170,723
GCA_047742875.1,JBLLSI010000021.1,APH(6)-Id,+,60097,60933,IS91,327_IS91_LRKR01000133.1,62709,62981,1776
GCA_047742875.1,JBLLSI010000021.1,APH(6)-Id,+,60097,60933,IS91,406_IS91_CP018710.1,61488,61676,555
GCA_047742875.1,JBLLSI010000021.1,tet(B),+,64306,65505,IS91,270_IS91_MOFF01000153.1,61794,62884,1422
GCA_047742875.1,JBLLSI010000021.1,tet(B),+,64306,65505,IS91,294_IS91_MOFA01000112.1,61656,62170,2136
GCA_047742875.1,JBLLSI010000021.1,tet(B),+,64306,65505,IS91,327_IS91_LRKR01000133.1,62709,62981,1325
GCA_047742875.1,JBLLSI010000021.1,tet(B),+,64306,65505,IS91,406_IS91_CP018710.1,61488,61676,2630
GCA_047772745.1,ABXUHH010000011.1,APH(3'')-Ib,+,50774,51577,IS91,270_IS91_MOFF01000153.1,53274,54364,1697
GCA_047772745.1,ABXUHH010000011.1,APH(3'')-Ib,+,50774,51577,IS91,294_IS91_MOFA01000112.1,53136,53650,1559
GCA_047772745.1,ABXUHH010000011.1,APH(3'')-Ib,+,50774,51577,IS91,327_IS91_LRKR01000133.1,54189,54461,2612
GCA_047772745.1,ABXUHH010000011.1,APH(3'')-Ib,+,50774,51577,IS91,406_IS91_CP018710.1,52968,53156,1391
GCA_047772745.1,ABXUHH010000011.1,APH(6)-Id,+,51577,52413,IS91,270_IS91_MOFF01000153.1,53274,54364,861
GCA_047772745.1,ABXUHH010000011.1,APH(6)-Id,+,51577,52413,IS91,294_IS91_MOFA01000112.1,53136,53650,723
GCA_047772745.1,ABXUHH010000011.1,APH(6)-Id,+,51577,52413,IS91,327_IS91_LRKR01000133.1,54189,54461,1776
GCA_047772745.1,ABXUHH010000011.1,APH(6)-Id,+,51577,52413,IS91,406_IS91_CP018710.1,52968,53156,555
GCA_047772745.1,ABXUHH010000011.1,tet(B),+,55786,56985,IS91,270_IS91_MOFF01000153.1,53274,54364,1422
GCA_047772745.1,ABXUHH010000011.1,tet(B),+,55786,56985,IS91,294_IS91_MOFA01000112.1,53136,53650,2136
GCA_047772745.1,ABXUHH010000011.1,tet(B),+,55786,56985,IS91,327_IS91_LRKR01000133.1,54189,54461,1325
GCA_047772745.1,ABXUHH010000011.1,tet(B),+,55786,56985,IS91,406_IS91_CP018710.1,52968,53156,2630
GCA_047772745.1,ABXUHH010000020.1,abeS,-,4530,4859,qacEdelta,2277_qacEdelta_CT025799.2,4859,4530,0
GCA_047772745.1,ABXUHH010000080.1,sul1,-,1215,2054,intI1,1060_intI1_KX029331.1,3672,3277,1223
GCA_047772745.1,ABXUHH010000080.1,sul1,-,1215,2054,qacEdelta,267_qacEdelta_HM138673.1,2395,2048,0
GCA_047772745.1,ABXUHH010000080.1,sul1,-,1215,2054,intI1,1793_intI1_KU736868.1,4200,3977,1923
GCA_047772745.1,ABXUHH010000080.1,AAC(3)-Ia,-,2552,3016,intI1,1060_intI1_KX029331.1,3672,3277,261
GCA_047772745.1,ABXUHH010000080.1,AAC(3)-Ia,-,2552,3016,qacEdelta,267_qacEdelta_HM138673.1,2395,2048,157
GCA_047772745.1,ABXUHH010000080.1,AAC(3)-Ia,-,2552,3016,intI1,1793_intI1_KU736868.1,4200,3977,961
GCA_047772745.1,ABXUHH010000092.1,AAC(6')-Ian,+,168,740,ISCR-orf513,824_ISCR-orf513__FJ012881.1,1391,2926,651
GCA_047772745.1,ABXUHH010000115.1,abeS,+,13361,13690,qacEdelta,2277_qacEdelta_CT025799.2,13361,13690,0
GCA_047772745.1,ABXUHH010000117.1,APH(3'')-Ib,+,1249,2052,IS91,270_IS91_MOFF01000153.1,3749,4839,1697
GCA_047772745.1,ABXUHH010000117.1,APH(3'')-Ib,+,1249,2052,IS91,294_IS91_MOFA01000112.1,3611,4125,1559
GCA_047772745.1,ABXUHH010000117.1,APH(3'')-Ib,+,1249,2052,IS91,327_IS91_LRKR01000133.1,4664,4936,2612
GCA_047772745.1,ABXUHH010000117.1,APH(3'')-Ib,+,1249,2052,IS91,406_IS91_CP018710.1,3443,3631,1391
GCA_047772745.1,ABXUHH010000117.1,APH(6)-Id,+,2052,2888,IS91,270_IS91_MOFF01000153.1,3749,4839,861
GCA_047772745.1,ABXUHH010000117.1,APH(6)-Id,+,2052,2888,IS91,294_IS91_MOFA01000112.1,3611,4125,723
GCA_047772745.1,ABXUHH010000117.1,APH(6)-Id,+,2052,2888,IS91,327_IS91_LRKR01000133.1,4664,4936,1776
GCA_047772745.1,ABXUHH010000117.1,APH(6)-Id,+,2052,2888,IS91,406_IS91_CP018710.1,3443,3631,555
GCA_047772745.1,ABXUHH010000117.1,tet(B),+,6261,7460,IS91,270_IS91_MOFF01000153.1,3749,4839,1422
GCA_047772745.1,ABXUHH010000117.1,tet(B),+,6261,7460,IS91,294_IS91_MOFA01000112.1,3611,4125,2136
GCA_047772745.1,ABXUHH010000117.1,tet(B),+,6261,7460,IS91,327_IS91_LRKR01000133.1,4664,4936,1325
GCA_047772745.1,ABXUHH010000117.1,tet(B),+,6261,7460,IS91,406_IS91_CP018710.1,3443,3631,2630
GCA_047772745.1,ABXUHH010000118.1,AAC(3)-Ia,+,3444,3908,intI1,1060_intI1_KX029331.1,2788,3183,261
GCA_047772745.1,ABXUHH010000118.1,AAC(3)-Ia,+,3444,3908,qacEdelta,267_qacEdelta_HM138673.1,4065,4412,157
GCA_047772745.1,ABXUHH010000118.1,AAC(3)-Ia,+,3444,3908,intI1,1793_intI1_KU736868.1,2260,2483,961
GCA_047772745.1,ABXUHH010000118.1,sul1,+,4406,5245,intI1,1060_intI1_KX029331.1,2788,3183,1223
GCA_047772745.1,ABXUHH010000118.1,sul1,+,4406,5245,qacEdelta,267_qacEdelta_HM138673.1,4065,4412,0
GCA_047772745.1,ABXUHH010000118.1,sul1,+,4406,5245,intI1,1793_intI1_KU736868.1,2260,2483,1923
GCA_047802645.1,DBFKPQ010000001.1,abeS,+,499800,500129,qacEdelta,2277_qacEdelta_CT025799.2,499800,500129,0
GCA_047802645.1,DBFKPQ010000001.1,adeG,+,504669,505889,qacEdelta,2277_qacEdelta_CT025799.2,499800,500129,4540
GCA_047802645.1,DBFKPQ010000022.1,abeS,+,61608,61937,qacEdelta,2277_qacEdelta_CT025799.2,61608,61937,0
GCA_047802645.1,DBFKPQ010000022.1,adeG,+,66477,67637,qacEdelta,2277_qacEdelta_CT025799.2,61608,61937,4540
GCA_047890775.1,ABXYGC010000005.1,adeG,-,122430,123650,qacEdelta,2277_qacEdelta_CT025799.2,128517,128188,4538
GCA_047890775.1,ABXYGC010000005.1,abeS,-,128188,128517,qacEdelta,2277_qacEdelta_CT025799.2,128517,128188,0
GCA_047890775.1,ABXYGC010000011.1,APH(3'')-Ib,+,59198,60001,IS91,270_IS91_MOFF01000153.1,61698,62788,1697
GCA_047890775.1,ABXYGC010000011.1,APH(3'')-Ib,+,59198,60001,IS91,294_IS91_MOFA01000112.1,61560,62074,1559
GCA_047890775.1,ABXYGC010000011.1,APH(3'')-Ib,+,59198,60001,IS91,327_IS91_LRKR01000133.1,62613,62885,2612
GCA_047890775.1,ABXYGC010000011.1,APH(3'')-Ib,+,59198,60001,IS91,406_IS91_CP018710.1,61392,61580,1391
GCA_047890775.1,ABXYGC010000011.1,APH(6)-Id,+,60001,60837,IS91,270_IS91_MOFF01000153.1,61698,62788,861
GCA_047890775.1,ABXYGC010000011.1,APH(6)-Id,+,60001,60837,IS91,294_IS91_MOFA01000112.1,61560,62074,723
GCA_047890775.1,ABXYGC010000011.1,APH(6)-Id,+,60001,60837,IS91,327_IS91_LRKR01000133.1,62613,62885,1776
GCA_047890775.1,ABXYGC010000011.1,APH(6)-Id,+,60001,60837,IS91,406_IS91_CP018710.1,61392,61580,555
GCA_047890775.1,ABXYGC010000011.1,tet(B),+,64210,65409,IS91,270_IS91_MOFF01000153.1,61698,62788,1422
GCA_047890775.1,ABXYGC010000011.1,tet(B),+,64210,65409,IS91,294_IS91_MOFA01000112.1,61560,62074,2136
GCA_047890775.1,ABXYGC010000011.1,tet(B),+,64210,65409,IS91,327_IS91_LRKR01000133.1,62613,62885,1325
GCA_047890775.1,ABXYGC010000011.1,tet(B),+,64210,65409,IS91,406_IS91_CP018710.1,61392,61580,2630
GCA_047890775.1,ABXYGC010000047.1,NDM-1,+,92,904,ISCR21,485_ISCR21_JN872329.1,5661,7190,4757
GCA_047890775.1,ABXYGC010000047.1,determinant_of_bleomycin_resistance,+,908,1273,ISCR21,485_ISCR21_JN872329.1,5661,7190,4388
GCA_047890775.1,ABXYGC010000064.1,abeS,+,14807,15136,qacEdelta,2277_qacEdelta_CT025799.2,14807,15136,0
GCA_047890775.1,ABXYGC010000064.1,adeG,+,19674,20894,qacEdelta,2277_qacEdelta_CT025799.2,14807,15136,4538
GCA_047890775.1,ABXYGC010000068.1,NDM-1,+,133,945,ISCR21,485_ISCR21_JN872329.1,5702,7231,4757
GCA_047890775.1,ABXYGC010000068.1,determinant_of_bleomycin_resistance,+,949,1314,ISCR21,485_ISCR21_JN872329.1,5702,7231,4388
GCA_047890775.1,ABXYGC010000069.1,APH(3'')-Ib,+,1249,2052,IS91,270_IS91_MOFF01000153.1,3749,4839,1697
GCA_047890775.1,ABXYGC010000069.1,APH(3'')-Ib,+,1249,2052,IS91,294_IS91_MOFA01000112.1,3611,4125,1559
GCA_047890775.1,ABXYGC010000069.1,APH(3'')-Ib,+,1249,2052,IS91,327_IS91_LRKR01000133.1,4664,4936,2612
GCA_047890775.1,ABXYGC010000069.1,APH(3'')-Ib,+,1249,2052,IS91,406_IS91_CP018710.1,3443,3631,1391
GCA_047890775.1,ABXYGC010000069.1,APH(6)-Id,+,2052,2888,IS91,270_IS91_MOFF01000153.1,3749,4839,861
GCA_047890775.1,ABXYGC010000069.1,APH(6)-Id,+,2052,2888,IS91,294_IS91_MOFA01000112.1,3611,4125,723
GCA_047890775.1,ABXYGC010000069.1,APH(6)-Id,+,2052,2888,IS91,327_IS91_LRKR01000133.1,4664,4936,1776
GCA_047890775.1,ABXYGC010000069.1,APH(6)-Id,+,2052,2888,IS91,406_IS91_CP018710.1,3443,3631,555
GCA_047890775.1,ABXYGC010000069.1,tet(B),+,6261,7460,IS91,270_IS91_MOFF01000153.1,3749,4839,1422
GCA_047890775.1,ABXYGC010000069.1,tet(B),+,6261,7460,IS91,294_IS91_MOFA01000112.1,3611,4125,2136
GCA_047890775.1,ABXYGC010000069.1,tet(B),+,6261,7460,IS91,327_IS91_LRKR01000133.1,4664,4936,1325
GCA_047890775.1,ABXYGC010000069.1,tet(B),+,6261,7460,IS91,406_IS91_CP018710.1,3443,3631,2630
GCA_047995135.1,ABYAAX010000009.1,adeG,-,72397,73617,qacEdelta,2277_qacEdelta_CT025799.2,78484,78155,4538
GCA_047995135.1,ABYAAX010000009.1,abeS,-,78155,78484,qacEdelta,2277_qacEdelta_CT025799.2,78484,78155,0
GCA_047995135.1,ABYAAX010000021.1,APH(3'')-Ib,+,59198,60001,IS91,270_IS91_MOFF01000153.1,61698,62788,1697
GCA_047995135.1,ABYAAX010000021.1,APH(3'')-Ib,+,59198,60001,IS91,294_IS91_MOFA01000112.1,61560,62074,1559
GCA_047995135.1,ABYAAX010000021.1,APH(3'')-Ib,+,59198,60001,IS91,327_IS91_LRKR01000133.1,62613,62885,2612
GCA_047995135.1,ABYAAX010000021.1,APH(3'')-Ib,+,59198,60001,IS91,406_IS91_CP018710.1,61392,61580,1391
GCA_047995135.1,ABYAAX010000021.1,APH(6)-Id,+,60001,60837,IS91,270_IS91_MOFF01000153.1,61698,62788,861
GCA_047995135.1,ABYAAX010000021.1,APH(6)-Id,+,60001,60837,IS91,294_IS91_MOFA01000112.1,61560,62074,723
GCA_047995135.1,ABYAAX010000021.1,APH(6)-Id,+,60001,60837,IS91,327_IS91_LRKR01000133.1,62613,62885,1776
GCA_047995135.1,ABYAAX010000021.1,APH(6)-Id,+,60001,60837,IS91,406_IS91_CP018710.1,61392,61580,555
GCA_047995135.1,ABYAAX010000021.1,tet(B),+,64210,65409,IS91,270_IS91_MOFF01000153.1,61698,62788,1422
GCA_047995135.1,ABYAAX010000021.1,tet(B),+,64210,65409,IS91,294_IS91_MOFA01000112.1,61560,62074,2136
GCA_047995135.1,ABYAAX010000021.1,tet(B),+,64210,65409,IS91,327_IS91_LRKR01000133.1,62613,62885,1325
GCA_047995135.1,ABYAAX010000021.1,tet(B),+,64210,65409,IS91,406_IS91_CP018710.1,61392,61580,2630
GCA_047995135.1,ABYAAX010000032.1,armA,+,19746,20519,tnpA,483_tnpA_HE577623.1,21128,22453,609
GCA_047995135.1,ABYAAX010000032.1,armA,+,19746,20519,tnpAcp1,554_tnpAcp1_FJ187822.1,18777,19420,326
GCA_047995135.1,ABYAAX010000032.1,msrE,+,22818,24293,tnpA,483_tnpA_HE577623.1,21128,22453,365
GCA_047995135.1,ABYAAX010000032.1,msrE,+,22818,24293,tnpAcp1,554_tnpAcp1_FJ187822.1,18777,19420,3398
GCA_047995135.1,ABYAAX010000032.1,mphE,+,24349,25233,tnpA,483_tnpA_HE577623.1,21128,22453,1896
GCA_047995135.1,ABYAAX010000032.1,mphE,+,24349,25233,tnpAcp1,554_tnpAcp1_FJ187822.1,18777,19420,4929
GCA_047995135.1,ABYAAX010000079.1,abeS,+,56504,56833,qacEdelta,2277_qacEdelta_CT025799.2,56504,56833,0
GCA_047995135.1,ABYAAX010000079.1,adeG,+,61371,62591,qacEdelta,2277_qacEdelta_CT025799.2,56504,56833,4538
GCA_047995135.1,ABYAAX010000084.1,armA,+,10989,11762,tnpA,483_tnpA_HE577623.1,12371,13696,609
GCA_047995135.1,ABYAAX010000084.1,armA,+,10989,11762,tnpAcp1,554_tnpAcp1_FJ187822.1,10020,10663,326
GCA_047995135.1,ABYAAX010000084.1,msrE,+,14061,15536,tnpA,483_tnpA_HE577623.1,12371,13696,365
GCA_047995135.1,ABYAAX010000084.1,msrE,+,14061,15536,tnpAcp1,554_tnpAcp1_FJ187822.1,10020,10663,3398
GCA_047995135.1,ABYAAX010000084.1,mphE,+,15592,16476,tnpA,483_tnpA_HE577623.1,12371,13696,1896
GCA_047995135.1,ABYAAX010000084.1,mphE,+,15592,16476,tnpAcp1,554_tnpAcp1_FJ187822.1,10020,10663,4929
GCA_047995135.1,ABYAAX010000085.1,armA,+,10989,11762,tnpA,483_tnpA_HE577623.1,12371,13696,609
GCA_047995135.1,ABYAAX010000085.1,armA,+,10989,11762,tnpAcp1,554_tnpAcp1_FJ187822.1,10020,10663,326
GCA_047995135.1,ABYAAX010000085.1,msrE,+,14061,15536,tnpA,483_tnpA_HE577623.1,12371,13696,365
GCA_047995135.1,ABYAAX010000085.1,msrE,+,14061,15536,tnpAcp1,554_tnpAcp1_FJ187822.1,10020,10663,3398
GCA_047995135.1,ABYAAX010000085.1,mphE,+,15592,16476,tnpA,483_tnpA_HE577623.1,12371,13696,1896
GCA_047995135.1,ABYAAX010000085.1,mphE,+,15592,16476,tnpAcp1,554_tnpAcp1_FJ187822.1,10020,10663,4929
GCA_047995135.1,ABYAAX010000086.1,APH(3'')-Ib,+,1249,2052,IS91,294_IS91_MOFA01000112.1,3611,4125,1559
GCA_047995135.1,ABYAAX010000086.1,APH(3'')-Ib,+,1249,2052,IS91,406_IS91_CP018710.1,3443,3631,1391
GCA_047995135.1,ABYAAX010000086.1,APH(6)-Id,+,2052,2888,IS91,294_IS91_MOFA01000112.1,3611,4125,723
GCA_047995135.1,ABYAAX010000086.1,APH(6)-Id,+,2052,2888,IS91,406_IS91_CP018710.1,3443,3631,555
GCA_047995345.1,ABYABM010000011.1,adeG,-,72397,73617,qacEdelta,2277_qacEdelta_CT025799.2,78484,78155,4538
GCA_047995345.1,ABYABM010000011.1,abeS,-,78155,78484,qacEdelta,2277_qacEdelta_CT025799.2,78484,78155,0
GCA_047995345.1,ABYABM010000026.1,APH(3'')-Ib,+,59198,60001,IS91,294_IS91_MOFA01000112.1,61560,62052,1559
GCA_047995345.1,ABYABM010000026.1,APH(3'')-Ib,+,59198,60001,IS91,406_IS91_CP018710.1,61392,61580,1391
GCA_047995345.1,ABYABM010000026.1,APH(6)-Id,+,60001,60837,IS91,294_IS91_MOFA01000112.1,61560,62052,723
GCA_047995345.1,ABYABM010000026.1,APH(6)-Id,+,60001,60837,IS91,406_IS91_CP018710.1,61392,61580,555
GCA_047995345.1,ABYABM010000029.1,armA,+,33360,34133,tnpA,483_tnpA_HE577623.1,34742,36067,609
GCA_047995345.1,ABYABM010000029.1,armA,+,33360,34133,tnpAcp1,554_tnpAcp1_FJ187822.1,32391,33034,326
GCA_047995345.1,ABYABM010000029.1,msrE,+,36432,37907,tnpA,483_tnpA_HE577623.1,34742,36067,365
GCA_047995345.1,ABYABM010000029.1,msrE,+,36432,37907,tnpAcp1,554_tnpAcp1_FJ187822.1,32391,33034,3398
GCA_047995345.1,ABYABM010000029.1,mphE,+,37963,38847,tnpA,483_tnpA_HE577623.1,34742,36067,1896
GCA_047995345.1,ABYABM010000029.1,mphE,+,37963,38847,tnpAcp1,554_tnpAcp1_FJ187822.1,32391,33034,4929
GCA_047995345.1,ABYABM010000049.1,tet(B),+,2136,3332,IS91,327_IS91_LRKR01000133.1,539,811,1325
GCA_047995345.1,ABYABM010000049.1,tet(B),+,2136,3332,IS91,502_IS91_MOIM01000174.1,1,179,1957
GCA_047995345.1,ABYABM010000063.1,abeS,+,44030,44359,qacEdelta,2277_qacEdelta_CT025799.2,44030,44359,0
GCA_047995345.1,ABYABM010000063.1,adeG,+,48897,50117,qacEdelta,2277_qacEdelta_CT025799.2,44030,44359,4538
GCA_047995345.1,ABYABM010000068.1,APH(3'')-Ib,+,1249,2052,IS91,294_IS91_MOFA01000112.1,3611,4125,1559
GCA_047995345.1,ABYABM010000068.1,APH(3'')-Ib,+,1249,2052,IS91,406_IS91_CP018710.1,3443,3631,1391
GCA_047995345.1,ABYABM010000068.1,APH(6)-Id,+,2052,2888,IS91,294_IS91_MOFA01000112.1,3611,4125,723
GCA_047995345.1,ABYABM010000068.1,APH(6)-Id,+,2052,2888,IS91,406_IS91_CP018710.1,3443,3631,555
GCA_047995345.1,ABYABM010000069.1,armA,+,1396,2169,tnpA,483_tnpA_HE577623.1,2778,4103,609
GCA_047995345.1,ABYABM010000069.1,armA,+,1396,2169,tnpAcp1,554_tnpAcp1_FJ187822.1,427,1070,326
GCA_048011565.1,DBFREP010000006.1,adeG,-,62106,63326,qacEdelta,2277_qacEdelta_CT025799.2,68193,67864,4538
GCA_048011565.1,DBFREP010000006.1,abeS,-,67864,68193,qacEdelta,2277_qacEdelta_CT025799.2,68193,67864,0
GCA_048011565.1,DBFREP010000024.1,APH(3'')-Ib,+,59198,60001,IS91,270_IS91_MOFF01000153.1,61698,62788,1697
GCA_048011565.1,DBFREP010000024.1,APH(3'')-Ib,+,59198,60001,IS91,294_IS91_MOFA01000112.1,61560,62074,1559
GCA_048011565.1,DBFREP010000024.1,APH(3'')-Ib,+,59198,60001,IS91,327_IS91_LRKR01000133.1,62613,62885,2612
GCA_048011565.1,DBFREP010000024.1,APH(3'')-Ib,+,59198,60001,IS91,406_IS91_CP018710.1,61392,61580,1391
GCA_048011565.1,DBFREP010000024.1,APH(6)-Id,+,60001,60837,IS91,270_IS91_MOFF01000153.1,61698,62788,861
GCA_048011565.1,DBFREP010000024.1,APH(6)-Id,+,60001,60837,IS91,294_IS91_MOFA01000112.1,61560,62074,723
GCA_048011565.1,DBFREP010000024.1,APH(6)-Id,+,60001,60837,IS91,327_IS91_LRKR01000133.1,62613,62885,1776
GCA_048011565.1,DBFREP010000024.1,APH(6)-Id,+,60001,60837,IS91,406_IS91_CP018710.1,61392,61580,555
GCA_048011565.1,DBFREP010000024.1,tet(B),+,64210,65407,IS91,270_IS91_MOFF01000153.1,61698,62788,1422
GCA_048011565.1,DBFREP010000024.1,tet(B),+,64210,65407,IS91,294_IS91_MOFA01000112.1,61560,62074,2136
GCA_048011565.1,DBFREP010000024.1,tet(B),+,64210,65407,IS91,327_IS91_LRKR01000133.1,62613,62885,1325
GCA_048011565.1,DBFREP010000024.1,tet(B),+,64210,65407,IS91,406_IS91_CP018710.1,61392,61580,2630
GCA_048011565.1,DBFREP010000046.1,mphE,-,4149,5033,tnpA,483_tnpA_HE577623.1,8254,6929,1896
GCA_048011565.1,DBFREP010000046.1,mphE,-,4149,5033,tnpAcp1,554_tnpAcp1_FJ187822.1,10699,9962,4929
GCA_048011565.1,DBFREP010000046.1,msrE,-,5089,6564,tnpA,483_tnpA_HE577623.1,8254,6929,365
GCA_048011565.1,DBFREP010000046.1,msrE,-,5089,6564,ISCR-orf513,281_ISCR-orf513_KJ186154.1,12267,11035,4471
GCA_048011565.1,DBFREP010000046.1,msrE,-,5089,6564,tnpAcp1,554_tnpAcp1_FJ187822.1,10699,9962,3398
GCA_048011565.1,DBFREP010000046.1,armA,-,8863,9636,tnpA,483_tnpA_HE577623.1,8254,6929,609
GCA_048011565.1,DBFREP010000046.1,armA,-,8863,9636,ISCR-orf513,281_ISCR-orf513_KJ186154.1,12267,11035,1399
GCA_048011565.1,DBFREP010000046.1,armA,-,8863,9636,IS91,325_IS91_LYDO01000032.1,12576,11773,2137
GCA_048011565.1,DBFREP010000046.1,armA,-,8863,9636,tnpAcp1,554_tnpAcp1_FJ187822.1,10699,9962,326
GCA_048011565.1,DBFREP010000046.1,armA,-,8863,9636,qacEdelta,267_qacEdelta_HM138673.1,14161,13814,4178
GCA_048011565.1,DBFREP010000046.1,sul1,-,12981,13820,tnpA,483_tnpA_HE577623.1,8254,6929,4727
GCA_048011565.1,DBFREP010000046.1,sul1,-,12981,13820,ISCR-orf513,281_ISCR-orf513_KJ186154.1,12267,11035,714
GCA_048011565.1,DBFREP010000046.1,sul1,-,12981,13820,IS91,325_IS91_LYDO01000032.1,12576,11773,405
GCA_048011565.1,DBFREP010000046.1,sul1,-,12981,13820,tnpAcp1,554_tnpAcp1_FJ187822.1,10699,9962,2282
GCA_048011565.1,DBFREP010000046.1,sul1,-,12981,13820,qacEdelta,267_qacEdelta_HM138673.1,14161,13814,0
GCA_048011565.1,DBFREP010000052.1,NDM-1,+,92,904,ISCR21,485_ISCR21_JN872329.1,5661,7190,4757
GCA_048011565.1,DBFREP010000052.1,determinant_of_bleomycin_resistance,+,908,1273,ISCR21,485_ISCR21_JN872329.1,5661,7190,4388
GCA_048011565.1,DBFREP010000061.1,catB8,-,190,822,intI1,1060_intI1_KX029331.1,2134,1739,917
GCA_048011565.1,DBFREP010000061.1,AAC(6')-Ib7,-,915,1719,intI1,1060_intI1_KX029331.1,2134,1739,20
GCA_048011565.1,DBFREP010000100.1,NDM-1,+,133,945,ISCR21,485_ISCR21_JN872329.1,5702,7231,4757
GCA_048011565.1,DBFREP010000100.1,determinant_of_bleomycin_resistance,+,949,1314,ISCR21,485_ISCR21_JN872329.1,5702,7231,4388
GCA_048011565.1,DBFREP010000101.1,sul1,+,1209,2048,ISCR-orf513,281_ISCR-orf513_KJ186154.1,2762,3994,714
GCA_048011565.1,DBFREP010000101.1,sul1,+,1209,2048,IS91,325_IS91_LYDO01000032.1,2453,3256,405
GCA_048011565.1,DBFREP010000101.1,sul1,+,1209,2048,tnpAcp1,554_tnpAcp1_FJ187822.1,4330,5067,2282
GCA_048011565.1,DBFREP010000101.1,sul1,+,1209,2048,qacEdelta,267_qacEdelta_HM138673.1,868,1215,0
GCA_048011565.1,DBFREP010000101.1,armA,+,5393,6166,ISCR-orf513,281_ISCR-orf513_KJ186154.1,2762,3994,1399
GCA_048011565.1,DBFREP010000101.1,armA,+,5393,6166,IS91,325_IS91_LYDO01000032.1,2453,3256,2137
GCA_048011565.1,DBFREP010000101.1,armA,+,5393,6166,tnpAcp1,554_tnpAcp1_FJ187822.1,4330,5067,326
GCA_048011565.1,DBFREP010000101.1,armA,+,5393,6166,qacEdelta,267_qacEdelta_HM138673.1,868,1215,4178
GCA_048011565.1,DBFREP010000102.1,abeS,+,130,459,qacEdelta,2277_qacEdelta_CT025799.2,130,459,0
GCA_048011565.1,DBFREP010000102.1,adeG,+,4997,6135,qacEdelta,2277_qacEdelta_CT025799.2,130,459,4538
GCA_048011565.1,DBFREP010000104.1,APH(3'')-Ib,+,1249,2052,IS91,270_IS91_MOFF01000153.1,3749,4839,1697
GCA_048011565.1,DBFREP010000104.1,APH(3'')-Ib,+,1249,2052,IS91,294_IS91_MOFA01000112.1,3611,4125,1559
GCA_048011565.1,DBFREP010000104.1,APH(3'')-Ib,+,1249,2052,IS91,327_IS91_LRKR01000133.1,4664,4936,2612
GCA_048011565.1,DBFREP010000104.1,APH(3'')-Ib,+,1249,2052,IS91,406_IS91_CP018710.1,3443,3631,1391
GCA_048011565.1,DBFREP010000104.1,APH(6)-Id,+,2052,2888,IS91,270_IS91_MOFF01000153.1,3749,4839,861
GCA_048011565.1,DBFREP010000104.1,APH(6)-Id,+,2052,2888,IS91,294_IS91_MOFA01000112.1,3611,4125,723
GCA_048011565.1,DBFREP010000104.1,APH(6)-Id,+,2052,2888,IS91,327_IS91_LRKR01000133.1,4664,4936,1776
GCA_048011565.1,DBFREP010000104.1,APH(6)-Id,+,2052,2888,IS91,406_IS91_CP018710.1,3443,3631,555
GCA_048011565.1,DBFREP010000106.1,AAC(6')-Ib7,+,676,1480,intI1,1060_intI1_KX029331.1,261,656,20
GCA_048011565.1,DBFREP010000106.1,catB8,+,1573,2205,intI1,1060_intI1_KX029331.1,261,656,917
GCA_048015705.1,DBFRLT010000001.1,abeS,+,1100313,1100642,qacEdelta,2277_qacEdelta_CT025799.2,1100313,1100642,0
GCA_048015705.1,DBFRLT010000001.1,adeG,+,1101947,1103167,qacEdelta,2277_qacEdelta_CT025799.2,1100313,1100642,1305
GCA_048015705.1,DBFRLT010000001.1,adeF,+,1103174,1106353,qacEdelta,2277_qacEdelta_CT025799.2,1100313,1100642,2532
GCA_048015705.1,DBFRLT010000019.1,mphE,-,1722,2606,tnpA,483_tnpA_HE577623.1,5827,4502,1896
GCA_048015705.1,DBFRLT010000019.1,mphE,-,1722,2606,tnpAcp1,554_tnpAcp1_FJ187822.1,8272,7535,4929
GCA_048015705.1,DBFRLT010000019.1,msrE,-,2662,4137,tnpA,483_tnpA_HE577623.1,5827,4502,365
GCA_048015705.1,DBFRLT010000019.1,msrE,-,2662,4137,ISCR-orf513,281_ISCR-orf513_KJ186154.1,9840,8608,4471
GCA_048015705.1,DBFRLT010000019.1,msrE,-,2662,4137,tnpAcp1,554_tnpAcp1_FJ187822.1,8272,7535,3398
GCA_048015705.1,DBFRLT010000019.1,armA,-,6436,7209,tnpA,483_tnpA_HE577623.1,5827,4502,609
GCA_048015705.1,DBFRLT010000019.1,armA,-,6436,7209,ISCR-orf513,281_ISCR-orf513_KJ186154.1,9840,8608,1399
GCA_048015705.1,DBFRLT010000019.1,armA,-,6436,7209,IS91,325_IS91_LYDO01000032.1,10149,9346,2137
GCA_048015705.1,DBFRLT010000019.1,armA,-,6436,7209,tnpAcp1,554_tnpAcp1_FJ187822.1,8272,7535,326
GCA_048015705.1,DBFRLT010000028.1,sul1,-,4,843,qacEdelta,1653_qacEdelta_KT334335.1,1044,837,0
GCA_048015705.1,DBFRLT010000038.1,abeS,+,7621,7950,qacEdelta,2277_qacEdelta_CT025799.2,7621,7950,0
GCA_048015705.1,DBFRLT010000038.1,adeG,+,9255,10475,qacEdelta,2277_qacEdelta_CT025799.2,7621,7950,1305
GCA_048015705.1,DBFRLT010000038.1,adeF,+,10482,13661,qacEdelta,2277_qacEdelta_CT025799.2,7621,7950,2532
GCA_048015705.1,DBFRLT010000041.1,armA,+,1207,1980,tnpA,483_tnpA_HE577623.1,2589,3914,609
GCA_048015705.1,DBFRLT010000041.1,armA,+,1207,1980,tnpAcp1,554_tnpAcp1_FJ187822.1,144,881,326
GCA_048015705.1,DBFRLT010000041.1,msrE,+,4279,5754,tnpA,483_tnpA_HE577623.1,2589,3914,365
GCA_048015705.1,DBFRLT010000041.1,msrE,+,4279,5754,tnpAcp1,554_tnpAcp1_FJ187822.1,144,881,3398
GCA_048015705.1,DBFRLT010000041.1,mphE,+,5810,6694,tnpA,483_tnpA_HE577623.1,2589,3914,1896
GCA_048015705.1,DBFRLT010000041.1,mphE,+,5810,6694,tnpAcp1,554_tnpAcp1_FJ187822.1,144,881,4929
GCA_048015705.1,DBFRLT010000042.1,armA,+,1207,1980,tnpA,483_tnpA_HE577623.1,2589,3914,609
GCA_048015705.1,DBFRLT010000042.1,armA,+,1207,1980,tnpAcp1,554_tnpAcp1_FJ187822.1,144,881,326
GCA_048015705.1,DBFRLT010000042.1,msrE,+,4279,5754,tnpA,483_tnpA_HE577623.1,2589,3914,365
GCA_048015705.1,DBFRLT010000042.1,msrE,+,4279,5754,tnpAcp1,554_tnpAcp1_FJ187822.1,144,881,3398
GCA_048015705.1,DBFRLT010000042.1,mphE,+,5810,6694,tnpA,483_tnpA_HE577623.1,2589,3914,1896
GCA_048015705.1,DBFRLT010000042.1,mphE,+,5810,6694,tnpAcp1,554_tnpAcp1_FJ187822.1,144,881,4929
GCA_048015705.1,DBFRLT010000045.1,sul1,+,455,1294,qacEdelta,267_qacEdelta_HM138673.1,114,461,0
GCA_048017885.1,ABYAPU010000001.1,adeG,-,72396,73616,qacEdelta,2277_qacEdelta_CT025799.2,78483,78154,4538
GCA_048017885.1,ABYAPU010000001.1,abeS,-,78154,78483,qacEdelta,2277_qacEdelta_CT025799.2,78483,78154,0
GCA_048017885.1,ABYAPU010000117.1,sul1,-,1052,1891,tnpA,278_tnpA_AB304081.1,876,113,176
GCA_048017885.1,ABYAPU010000117.1,sul1,-,1052,1891,intI1,1060_intI1_KX029331.1,2490,2095,204
GCA_048017885.1,ABYAPU010000148.1,abeS,+,8466,8795,qacEdelta,2277_qacEdelta_CT025799.2,8466,8795,0
GCA_048017885.1,ABYAPU010000148.1,adeG,+,13333,14553,qacEdelta,2277_qacEdelta_CT025799.2,8466,8795,4538
GCA_048017885.1,ABYAPU010000152.1,sul1,+,951,1790,tnpA,278_tnpA_AB304081.1,1966,2729,176
GCA_048017885.1,ABYAPU010000152.1,sul1,+,951,1790,intI1,1060_intI1_KX029331.1,352,747,204
GCA_048017965.1,ABYAPY010000015.1,abeS,+,20911,21240,qacEdelta,2277_qacEdelta_CT025799.2,20911,21240,0
GCA_048017965.1,ABYAPY010000015.1,adeG,+,25778,26998,qacEdelta,2277_qacEdelta_CT025799.2,20911,21240,4538
GCA_048017965.1,ABYAPY010000033.1,APH(3'')-Ib,+,41737,42540,IS91,270_IS91_MOFF01000153.1,44237,45327,1697
GCA_048017965.1,ABYAPY010000033.1,APH(3'')-Ib,+,41737,42540,IS91,294_IS91_MOFA01000112.1,44099,44613,1559
GCA_048017965.1,ABYAPY010000033.1,APH(3'')-Ib,+,41737,42540,IS91,327_IS91_LRKR01000133.1,45152,45424,2612
GCA_048017965.1,ABYAPY010000033.1,APH(3'')-Ib,+,41737,42540,IS91,406_IS91_CP018710.1,43931,44119,1391
GCA_048017965.1,ABYAPY010000033.1,APH(6)-Id,+,42540,43376,IS91,270_IS91_MOFF01000153.1,44237,45327,861
GCA_048017965.1,ABYAPY010000033.1,APH(6)-Id,+,42540,43376,IS91,294_IS91_MOFA01000112.1,44099,44613,723
GCA_048017965.1,ABYAPY010000033.1,APH(6)-Id,+,42540,43376,IS91,327_IS91_LRKR01000133.1,45152,45424,1776
GCA_048017965.1,ABYAPY010000033.1,APH(6)-Id,+,42540,43376,IS91,406_IS91_CP018710.1,43931,44119,555
GCA_048017965.1,ABYAPY010000033.1,tet(B),+,46749,47946,IS91,270_IS91_MOFF01000153.1,44237,45327,1422
GCA_048017965.1,ABYAPY010000033.1,tet(B),+,46749,47946,IS91,294_IS91_MOFA01000112.1,44099,44613,2136
GCA_048017965.1,ABYAPY010000033.1,tet(B),+,46749,47946,IS91,327_IS91_LRKR01000133.1,45152,45424,1325
GCA_048017965.1,ABYAPY010000033.1,tet(B),+,46749,47946,IS91,406_IS91_CP018710.1,43931,44119,2630
GCA_048017965.1,ABYAPY010000068.1,sul2,+,17,832,tniA,440_tniA_JX844629.1,2324,4234,1492
GCA_048017965.1,ABYAPY010000068.1,sul2,+,17,832,tniA,1302_tniA_CP008706.1,1613,2323,781
GCA_048017965.1,ABYAPY010000076.1,AAC(3)-Ia,-,904,1368,tnpA,1204_tnpA_EU213261.1,2263,1955,587
GCA_048017965.1,ABYAPY010000086.1,abeS,+,20952,21281,qacEdelta,2277_qacEdelta_CT025799.2,20952,21281,0
GCA_048017965.1,ABYAPY010000086.1,adeG,+,25819,27039,qacEdelta,2277_qacEdelta_CT025799.2,20952,21281,4538
GCA_048017965.1,ABYAPY010000088.1,APH(3'')-Ib,+,1249,2052,IS91,294_IS91_MOFA01000112.1,3611,4125,1559
GCA_048017965.1,ABYAPY010000088.1,APH(3'')-Ib,+,1249,2052,IS91,502_IS91_MOIM01000174.1,4105,4304,2053
GCA_048017965.1,ABYAPY010000088.1,APH(3'')-Ib,+,1249,2052,IS91,406_IS91_CP018710.1,3443,3631,1391
GCA_048017965.1,ABYAPY010000088.1,APH(6)-Id,+,2052,2888,IS91,294_IS91_MOFA01000112.1,3611,4125,723
GCA_048017965.1,ABYAPY010000088.1,APH(6)-Id,+,2052,2888,IS91,502_IS91_MOIM01000174.1,4105,4304,1217
GCA_048017965.1,ABYAPY010000088.1,APH(6)-Id,+,2052,2888,IS91,406_IS91_CP018710.1,3443,3631,555
GCA_048085925.1,ABYCJZ010000024.1,sul2,+,15,830,IS26,755_IS26_KT334335.1,2289,2993,1459
GCA_048085925.1,ABYCJZ010000028.1,abeS,+,27276,27605,qacEdelta,2277_qacEdelta_CT025799.2,27276,27605,0
GCA_048085925.1,ABYCJZ010000028.1,adeG,+,32142,33362,qacEdelta,2277_qacEdelta_CT025799.2,27276,27605,4537
GCA_048085925.1,ABYCJZ010000085.1,sul2,+,56,871,IS26,755_IS26_KT334335.1,2330,3034,1459
GCA_048085925.1,ABYCJZ010000090.1,abeS,+,361,690,qacEdelta,2277_qacEdelta_CT025799.2,361,690,0
GCA_048102175.1,DBFULF010000001.1,abeS,+,220619,220948,qacEdelta,2277_qacEdelta_CT025799.2,220619,220948,0
GCA_048102175.1,DBFULF010000001.1,adeG,+,225485,226702,qacEdelta,2277_qacEdelta_CT025799.2,220619,220948,4537
GCA_048102175.1,DBFULF010000047.1,mphE,-,1722,2606,tnpA,483_tnpA_HE577623.1,5827,4502,1896
GCA_048102175.1,DBFULF010000047.1,mphE,-,1722,2606,tnpA,309_tnpA_JQ690540.1,8701,7451,4845
GCA_048102175.1,DBFULF010000047.1,msrE,-,2662,4137,tnpA,483_tnpA_HE577623.1,5827,4502,365
GCA_048102175.1,DBFULF010000047.1,msrE,-,2662,4137,tnpA,309_tnpA_JQ690540.1,8701,7451,3314
GCA_048102175.1,DBFULF010000047.1,msrE,-,2662,4137,tnpAcp1,554_tnpAcp1_FJ187822.1,9609,8872,4735
GCA_048102175.1,DBFULF010000047.1,armA,-,6436,7209,tnpA,483_tnpA_HE577623.1,5827,4502,609
GCA_048102175.1,DBFULF010000047.1,armA,-,6436,7209,tnpA,309_tnpA_JQ690540.1,8701,7451,242
GCA_048102175.1,DBFULF010000047.1,armA,-,6436,7209,tnpAcp1,554_tnpAcp1_FJ187822.1,9609,8872,1663
GCA_048102175.1,DBFULF010000052.1,sul1,+,2720,3559,ISCR-orf513,281_ISCR-orf513_KJ186154.1,4273,5505,714
GCA_048102175.1,DBFULF010000052.1,sul1,+,2720,3559,IS91,325_IS91_LYDO01000032.1,3964,4767,405
GCA_048102175.1,DBFULF010000052.1,sul1,+,2720,3559,qacEdelta,1653_qacEdelta_KT334335.1,2519,2726,0
GCA_048102175.1,DBFULF010000058.1,cmlA5,-,310,1569,intI1,1060_intI1_KX029331.1,3000,2605,1036
GCA_048102175.1,DBFULF010000058.1,arr-2,-,1890,2342,intI1,1060_intI1_KX029331.1,3000,2605,263
GCA_048102175.1,DBFULF010000086.1,abeS,+,28832,29161,qacEdelta,2277_qacEdelta_CT025799.2,28832,29161,0
GCA_048102175.1,DBFULF010000086.1,adeG,+,33698,34915,qacEdelta,2277_qacEdelta_CT025799.2,28832,29161,4537
GCA_048102175.1,DBFULF010000091.1,arr-2,+,1011,1463,ISCR-orf513,281_ISCR-orf513_KJ186154.1,5129,6361,3666
GCA_048102175.1,DBFULF010000091.1,arr-2,+,1011,1463,IS91,325_IS91_LYDO01000032.1,4820,5623,3357
GCA_048102175.1,DBFULF010000091.1,arr-2,+,1011,1463,intI1,1060_intI1_KX029331.1,353,748,263
GCA_048102175.1,DBFULF010000091.1,arr-2,+,1011,1463,qacEdelta,267_qacEdelta_HM138673.1,3235,3582,1772
GCA_048102175.1,DBFULF010000091.1,cmlA5,+,1784,3043,ISCR-orf513,281_ISCR-orf513_KJ186154.1,5129,6361,2086
GCA_048102175.1,DBFULF010000091.1,cmlA5,+,1784,3043,IS91,325_IS91_LYDO01000032.1,4820,5623,1777
GCA_048102175.1,DBFULF010000091.1,cmlA5,+,1784,3043,intI1,1060_intI1_KX029331.1,353,748,1036
GCA_048102175.1,DBFULF010000091.1,cmlA5,+,1784,3043,qacEdelta,267_qacEdelta_HM138673.1,3235,3582,192
GCA_048102175.1,DBFULF010000091.1,sul1,+,3576,4415,ISCR-orf513,281_ISCR-orf513_KJ186154.1,5129,6361,714
GCA_048102175.1,DBFULF010000091.1,sul1,+,3576,4415,IS91,325_IS91_LYDO01000032.1,4820,5623,405
GCA_048102175.1,DBFULF010000091.1,sul1,+,3576,4415,intI1,1060_intI1_KX029331.1,353,748,2828
GCA_048102175.1,DBFULF010000091.1,sul1,+,3576,4415,qacEdelta,267_qacEdelta_HM138673.1,3235,3582,0
GCA_048102175.1,DBFULF010000093.1,armA,+,2544,3317,tnpA,309_tnpA_JQ690540.1,1052,2302,242
GCA_048102175.1,DBFULF010000093.1,armA,+,2544,3317,tnpAcp1,554_tnpAcp1_FJ187822.1,144,881,1663
GCA_048149925.1,JAYXAX010000002.1,abeS,+,274087,274416,qacEdelta,2277_qacEdelta_CT025799.2,274087,274416,0
GCA_048149925.1,JAYXAX010000002.1,adeG,+,275722,276939,qacEdelta,2277_qacEdelta_CT025799.2,274087,274416,1306
GCA_048149925.1,JAYXAX010000002.1,adeF,+,276946,280125,qacEdelta,2277_qacEdelta_CT025799.2,274087,274416,2530
GCA_048239345.1,DBGFYP010000013.1,adeG,-,57430,58650,qacEdelta,2277_qacEdelta_CT025799.2,63517,63188,4538
GCA_048239345.1,DBGFYP010000013.1,abeS,-,63188,63517,qacEdelta,2277_qacEdelta_CT025799.2,63517,63188,0
GCA_048239345.1,DBGFYP010000014.1,APH(3'')-Ib,+,59198,60001,IS91,270_IS91_MOFF01000153.1,61698,62788,1697
GCA_048239345.1,DBGFYP010000014.1,APH(3'')-Ib,+,59198,60001,IS91,294_IS91_MOFA01000112.1,61560,62074,1559
GCA_048239345.1,DBGFYP010000014.1,APH(3'')-Ib,+,59198,60001,IS91,327_IS91_LRKR01000133.1,62613,62885,2612
GCA_048239345.1,DBGFYP010000014.1,APH(3'')-Ib,+,59198,60001,IS91,406_IS91_CP018710.1,61392,61580,1391
GCA_048239345.1,DBGFYP010000014.1,APH(6)-Id,+,60001,60837,IS91,270_IS91_MOFF01000153.1,61698,62788,861
GCA_048239345.1,DBGFYP010000014.1,APH(6)-Id,+,60001,60837,IS91,294_IS91_MOFA01000112.1,61560,62074,723
GCA_048239345.1,DBGFYP010000014.1,APH(6)-Id,+,60001,60837,IS91,327_IS91_LRKR01000133.1,62613,62885,1776
GCA_048239345.1,DBGFYP010000014.1,APH(6)-Id,+,60001,60837,IS91,406_IS91_CP018710.1,61392,61580,555
GCA_048239345.1,DBGFYP010000014.1,tet(B),+,64210,65409,IS91,270_IS91_MOFF01000153.1,61698,62788,1422
GCA_048239345.1,DBGFYP010000014.1,tet(B),+,64210,65409,IS91,294_IS91_MOFA01000112.1,61560,62074,2136
GCA_048239345.1,DBGFYP010000014.1,tet(B),+,64210,65409,IS91,327_IS91_LRKR01000133.1,62613,62885,1325
GCA_048239345.1,DBGFYP010000014.1,tet(B),+,64210,65409,IS91,406_IS91_CP018710.1,61392,61580,2630
GCA_048239345.1,DBGFYP010000032.1,armA,+,20766,21539,tnpA,483_tnpA_HE577623.1,22148,23473,609
GCA_048239345.1,DBGFYP010000032.1,armA,+,20766,21539,tnpAcp1,554_tnpAcp1_FJ187822.1,19797,20440,326
GCA_048239345.1,DBGFYP010000032.1,msrE,+,23838,25313,tnpA,483_tnpA_HE577623.1,22148,23473,365
GCA_048239345.1,DBGFYP010000032.1,msrE,+,23838,25313,tnpAcp1,554_tnpAcp1_FJ187822.1,19797,20440,3398
GCA_048239345.1,DBGFYP010000032.1,mphE,+,25369,26253,tnpA,483_tnpA_HE577623.1,22148,23473,1896
GCA_048239345.1,DBGFYP010000032.1,mphE,+,25369,26253,tnpAcp1,554_tnpAcp1_FJ187822.1,19797,20440,4929
GCA_048239345.1,DBGFYP010000062.1,sul1,+,532,1371,qacEdelta,267_qacEdelta_HM138673.1,191,538,0
GCA_048239345.1,DBGFYP010000090.1,abeS,+,44946,45275,qacEdelta,2277_qacEdelta_CT025799.2,44946,45275,0
GCA_048239345.1,DBGFYP010000090.1,adeG,+,49813,51033,qacEdelta,2277_qacEdelta_CT025799.2,44946,45275,4538
GCA_048239345.1,DBGFYP010000093.1,armA,+,6463,7236,tnpAcp1,554_tnpAcp1_FJ187822.1,5494,6137,326
GCA_048239345.1,DBGFYP010000094.1,APH(3'')-Ib,+,1249,2052,IS91,270_IS91_MOFF01000153.1,3749,4839,1697
GCA_048239345.1,DBGFYP010000094.1,APH(3'')-Ib,+,1249,2052,IS91,294_IS91_MOFA01000112.1,3611,4125,1559
GCA_048239345.1,DBGFYP010000094.1,APH(3'')-Ib,+,1249,2052,IS91,327_IS91_LRKR01000133.1,4664,4936,2612
GCA_048239345.1,DBGFYP010000094.1,APH(3'')-Ib,+,1249,2052,IS91,406_IS91_CP018710.1,3443,3631,1391
GCA_048239345.1,DBGFYP010000094.1,APH(6)-Id,+,2052,2888,IS91,270_IS91_MOFF01000153.1,3749,4839,861
GCA_048239345.1,DBGFYP010000094.1,APH(6)-Id,+,2052,2888,IS91,294_IS91_MOFA01000112.1,3611,4125,723
GCA_048239345.1,DBGFYP010000094.1,APH(6)-Id,+,2052,2888,IS91,327_IS91_LRKR01000133.1,4664,4936,1776
GCA_048239345.1,DBGFYP010000094.1,APH(6)-Id,+,2052,2888,IS91,406_IS91_CP018710.1,3443,3631,555
GCA_048239345.1,DBGFYP010000094.1,tet(B),+,6261,7460,IS91,270_IS91_MOFF01000153.1,3749,4839,1422
GCA_048239345.1,DBGFYP010000094.1,tet(B),+,6261,7460,IS91,294_IS91_MOFA01000112.1,3611,4125,2136
GCA_048239345.1,DBGFYP010000094.1,tet(B),+,6261,7460,IS91,327_IS91_LRKR01000133.1,4664,4936,1325
GCA_048239345.1,DBGFYP010000094.1,tet(B),+,6261,7460,IS91,406_IS91_CP018710.1,3443,3631,2630
GCA_048239345.1,DBGFYP010000097.1,sul1,+,426,1265,qacEdelta,267_qacEdelta_HM138673.1,85,432,0
GCA_048515885.1,JBLYCF010000015.1,adeG,-,9571,10791,qacEdelta,2277_qacEdelta_CT025799.2,15658,15329,4538
GCA_048515885.1,JBLYCF010000015.1,abeS,-,15329,15658,qacEdelta,2277_qacEdelta_CT025799.2,15658,15329,0
GCA_048515885.1,JBLYCF010000046.1,sul1,-,5985,6824,tniA,2053_tniA_JX235356.1,4393,3985,1592
GCA_048515885.1,JBLYCF010000046.1,sul1,-,5985,6824,qacEdelta,267_qacEdelta_HM138673.1,7165,6818,0
GCA_048515885.1,JBLYCF010000046.1,dfrA7,-,7395,7868,tniA,2053_tniA_JX235356.1,4393,3985,3002
GCA_048515885.1,JBLYCF010000046.1,dfrA7,-,7395,7868,qacEdelta,267_qacEdelta_HM138673.1,7165,6818,230
GCA_048515885.1,JBLYCF010000046.1,AAC(6')-Ib10,-,7950,8529,tniA,2053_tniA_JX235356.1,4393,3985,3557
GCA_048515885.1,JBLYCF010000046.1,AAC(6')-Ib10,-,7950,8529,qacEdelta,267_qacEdelta_HM138673.1,7165,6818,785
GCA_048515885.1,JBLYCF010000046.1,GES-11,-,8642,9505,tniA,2053_tniA_JX235356.1,4393,3985,4249
GCA_048515885.1,JBLYCF010000046.1,GES-11,-,8642,9505,qacEdelta,267_qacEdelta_HM138673.1,7165,6818,1477
GCA_048549435.1,JBIMAV010000001.1,adeF,-,377209,380388,qacEdelta,2277_qacEdelta_CT025799.2,383250,382921,2533
GCA_048549435.1,JBIMAV010000001.1,adeG,-,380395,381615,qacEdelta,2277_qacEdelta_CT025799.2,383250,382921,1306
GCA_048549435.1,JBIMAV010000001.1,abeS,-,382921,383250,qacEdelta,2277_qacEdelta_CT025799.2,383250,382921,0
GCA_048627405.1,JBMBUT010000001.1,adeF,-,405678,408857,qacEdelta,2277_qacEdelta_CT025799.2,411718,411389,2532
GCA_048627405.1,JBMBUT010000001.1,adeG,-,408864,410084,qacEdelta,2277_qacEdelta_CT025799.2,411718,411389,1305
GCA_048627405.1,JBMBUT010000001.1,abeS,-,411389,411718,qacEdelta,2277_qacEdelta_CT025799.2,411718,411389,0
GCA_048630375.1,ABYEQA010000015.1,adeG,-,18122,19342,qacEdelta,2277_qacEdelta_CT025799.2,24209,23880,4538
GCA_048630375.1,ABYEQA010000015.1,abeS,-,23880,24209,qacEdelta,2277_qacEdelta_CT025799.2,24209,23880,0
GCA_048630375.1,ABYEQA010000024.1,APH(3'')-Ib,+,59198,60001,IS91,270_IS91_MOFF01000153.1,61698,62788,1697
GCA_048630375.1,ABYEQA010000024.1,APH(3'')-Ib,+,59198,60001,IS91,294_IS91_MOFA01000112.1,61560,62074,1559
GCA_048630375.1,ABYEQA010000024.1,APH(3'')-Ib,+,59198,60001,IS91,327_IS91_LRKR01000133.1,62613,62885,2612
GCA_048630375.1,ABYEQA010000024.1,APH(3'')-Ib,+,59198,60001,IS91,406_IS91_CP018710.1,61392,61580,1391
GCA_048630375.1,ABYEQA010000024.1,APH(6)-Id,+,60001,60837,IS91,270_IS91_MOFF01000153.1,61698,62788,861
GCA_048630375.1,ABYEQA010000024.1,APH(6)-Id,+,60001,60837,IS91,294_IS91_MOFA01000112.1,61560,62074,723
GCA_048630375.1,ABYEQA010000024.1,APH(6)-Id,+,60001,60837,IS91,327_IS91_LRKR01000133.1,62613,62885,1776
GCA_048630375.1,ABYEQA010000024.1,APH(6)-Id,+,60001,60837,IS91,406_IS91_CP018710.1,61392,61580,555
GCA_048630375.1,ABYEQA010000024.1,tet(B),+,64210,65409,IS91,270_IS91_MOFF01000153.1,61698,62788,1422
GCA_048630375.1,ABYEQA010000024.1,tet(B),+,64210,65409,IS91,294_IS91_MOFA01000112.1,61560,62074,2136
GCA_048630375.1,ABYEQA010000024.1,tet(B),+,64210,65409,IS91,327_IS91_LRKR01000133.1,62613,62885,1325
GCA_048630375.1,ABYEQA010000024.1,tet(B),+,64210,65409,IS91,406_IS91_CP018710.1,61392,61580,2630
GCA_048630375.1,ABYEQA010000089.1,abeS,+,14278,14607,qacEdelta,2277_qacEdelta_CT025799.2,14278,14607,0
GCA_048630375.1,ABYEQA010000089.1,adeG,+,19145,20365,qacEdelta,2277_qacEdelta_CT025799.2,14278,14607,4538
GCA_048630375.1,ABYEQA010000091.1,APH(3'')-Ib,+,1249,2052,IS91,270_IS91_MOFF01000153.1,3749,4839,1697
GCA_048630375.1,ABYEQA010000091.1,APH(3'')-Ib,+,1249,2052,IS91,294_IS91_MOFA01000112.1,3611,4125,1559
GCA_048630375.1,ABYEQA010000091.1,APH(3'')-Ib,+,1249,2052,IS91,327_IS91_LRKR01000133.1,4664,4936,2612
GCA_048630375.1,ABYEQA010000091.1,APH(3'')-Ib,+,1249,2052,IS91,406_IS91_CP018710.1,3443,3631,1391
GCA_048630375.1,ABYEQA010000091.1,APH(6)-Id,+,2052,2888,IS91,270_IS91_MOFF01000153.1,3749,4839,861
GCA_048630375.1,ABYEQA010000091.1,APH(6)-Id,+,2052,2888,IS91,294_IS91_MOFA01000112.1,3611,4125,723
GCA_048630375.1,ABYEQA010000091.1,APH(6)-Id,+,2052,2888,IS91,327_IS91_LRKR01000133.1,4664,4936,1776
GCA_048630375.1,ABYEQA010000091.1,APH(6)-Id,+,2052,2888,IS91,406_IS91_CP018710.1,3443,3631,555
GCA_048630375.1,ABYEQA010000091.1,tet(B),+,6261,7460,IS91,270_IS91_MOFF01000153.1,3749,4839,1422
GCA_048630375.1,ABYEQA010000091.1,tet(B),+,6261,7460,IS91,294_IS91_MOFA01000112.1,3611,4125,2136
GCA_048630375.1,ABYEQA010000091.1,tet(B),+,6261,7460,IS91,327_IS91_LRKR01000133.1,4664,4936,1325
GCA_048630375.1,ABYEQA010000091.1,tet(B),+,6261,7460,IS91,406_IS91_CP018710.1,3443,3631,2630
GCA_048633515.1,CP184587.1,adeG,-,1219929,1221149,qacEdelta,2277_qacEdelta_CT025799.2,1226016,1225687,4538
GCA_048633515.1,CP184587.1,abeS,-,1225687,1226016,qacEdelta,2277_qacEdelta_CT025799.2,1226016,1225687,0
GCA_048633515.1,CP184587.1,armA,+,1322416,1323189,tnpA,483_tnpA_HE577623.1,1323798,1325123,609
GCA_048633515.1,CP184587.1,armA,+,1322416,1323189,tnpAcp1,554_tnpAcp1_FJ187822.1,1321447,1322090,326
GCA_048633515.1,CP184587.1,msrE,+,1325488,1326963,tnpA,483_tnpA_HE577623.1,1323798,1325123,365
GCA_048633515.1,CP184587.1,msrE,+,1325488,1326963,tnpA,1768_tnpA_FQ482074.1,1331953,1332634,4990
GCA_048633515.1,CP184587.1,msrE,+,1325488,1326963,tnpAcp1,554_tnpAcp1_FJ187822.1,1321447,1322090,3398
GCA_048633515.1,CP184587.1,mphE,+,1327019,1327903,tnpA,483_tnpA_HE577623.1,1323798,1325123,1896
GCA_048633515.1,CP184587.1,mphE,+,1327019,1327903,tnpA,1768_tnpA_FQ482074.1,1331953,1332634,4050
GCA_048633515.1,CP184587.1,mphE,+,1327019,1327903,tnpAcp1,554_tnpAcp1_FJ187822.1,1321447,1322090,4929
GCA_048633515.1,CP184587.1,TEM-12,+,1604770,1605630,tnpA,520_tnpA_CP012903.1,1606465,1609318,835
GCA_048633515.1,CP184587.1,TEM-12,+,1604770,1605630,tnpA,1768_tnpA_FQ482074.1,1603337,1604018,752
GCA_048633515.1,CP184587.1,TEM-12,+,1604770,1605630,tnpA,1768_tnpA_FQ482074.1,1610123,1610804,4493
GCA_048633515.1,CP184587.1,TEM-12,+,1604770,1605630,tnpA,653_tnpA_KJ933392.1,1605859,1606469,229
GCA_048633515.1,CP184587.1,TEM-12,+,1604770,1605630,tnpA,1098_tnpA_KX756453.1,1604068,1604587,183
GCA_048633515.1,CP184587.1,APH(3')-Ia,-,1611229,1612044,tnpA,1768_tnpA_FQ482074.1,1606382,1605701,4847
GCA_048633515.1,CP184587.1,APH(3')-Ia,-,1611229,1612044,tnpA,653_tnpA_KJ933392.1,1610646,1610032,583
GCA_048633515.1,CP184587.1,APH(3')-Ia,-,1611229,1612044,tnpA,653_tnpA_KJ933392.1,1612720,1612111,67
GCA_048633515.1,CP184587.1,APH(3'')-Ib,+,3670133,3670936,IS91,270_IS91_MOFF01000153.1,3672633,3673723,1697
GCA_048633515.1,CP184587.1,APH(3'')-Ib,+,3670133,3670936,IS91,294_IS91_MOFA01000112.1,3672495,3673009,1559
GCA_048633515.1,CP184587.1,APH(3'')-Ib,+,3670133,3670936,IS91,327_IS91_LRKR01000133.1,3673548,3673820,2612
GCA_048633515.1,CP184587.1,APH(3'')-Ib,+,3670133,3670936,IS91,406_IS91_CP018710.1,3672327,3672515,1391
GCA_048633515.1,CP184587.1,APH(6)-Id,+,3670936,3671772,IS91,270_IS91_MOFF01000153.1,3672633,3673723,861
GCA_048633515.1,CP184587.1,APH(6)-Id,+,3670936,3671772,IS91,294_IS91_MOFA01000112.1,3672495,3673009,723
GCA_048633515.1,CP184587.1,APH(6)-Id,+,3670936,3671772,IS91,327_IS91_LRKR01000133.1,3673548,3673820,1776
GCA_048633515.1,CP184587.1,APH(6)-Id,+,3670936,3671772,IS91,406_IS91_CP018710.1,3672327,3672515,555
GCA_048633515.1,CP184587.1,tet(B),+,3675145,3676344,IS91,270_IS91_MOFF01000153.1,3672633,3673723,1422
GCA_048633515.1,CP184587.1,tet(B),+,3675145,3676344,IS91,294_IS91_MOFA01000112.1,3672495,3673009,2136
GCA_048633515.1,CP184587.1,tet(B),+,3675145,3676344,IS91,327_IS91_LRKR01000133.1,3673548,3673820,1325
GCA_048633515.1,CP184587.1,tet(B),+,3675145,3676344,IS91,406_IS91_CP018710.1,3672327,3672515,2630
GCA_048633515.1,CP184587.1,OXA-23,+,3679795,3680616,tnpA,432_tnpA_FJ628170.1,3682277,3682807,1661
GCA_048633515.1,CP184588.1,OXA-23,+,68390,69211,tnpA,432_tnpA_FJ628170.1,70872,71402,1661
GCA_048635255.1,CP184603.1,adeG,-,1219938,1221158,qacEdelta,2277_qacEdelta_CT025799.2,1226025,1225696,4538
GCA_048635255.1,CP184603.1,abeS,-,1225696,1226025,qacEdelta,2277_qacEdelta_CT025799.2,1226025,1225696,0
GCA_048635255.1,CP184603.1,armA,+,1322426,1323199,tnpA,483_tnpA_HE577623.1,1323808,1325133,609
GCA_048635255.1,CP184603.1,armA,+,1322426,1323199,tnpAcp1,554_tnpAcp1_FJ187822.1,1321457,1322100,326
GCA_048635255.1,CP184603.1,msrE,+,1325498,1326973,tnpA,483_tnpA_HE577623.1,1323808,1325133,365
GCA_048635255.1,CP184603.1,msrE,+,1325498,1326973,tnpA,1768_tnpA_FQ482074.1,1331963,1332644,4990
GCA_048635255.1,CP184603.1,msrE,+,1325498,1326973,tnpAcp1,554_tnpAcp1_FJ187822.1,1321457,1322100,3398
GCA_048635255.1,CP184603.1,mphE,+,1327029,1327913,tnpA,483_tnpA_HE577623.1,1323808,1325133,1896
GCA_048635255.1,CP184603.1,mphE,+,1327029,1327913,tnpA,1768_tnpA_FQ482074.1,1331963,1332644,4050
GCA_048635255.1,CP184603.1,mphE,+,1327029,1327913,tnpAcp1,554_tnpAcp1_FJ187822.1,1321457,1322100,4929
GCA_048635255.1,CP184603.1,TEM-12,+,1604780,1605640,tnpA,520_tnpA_CP012903.1,1606475,1609328,835
GCA_048635255.1,CP184603.1,TEM-12,+,1604780,1605640,tnpA,1768_tnpA_FQ482074.1,1603347,1604028,752
GCA_048635255.1,CP184603.1,TEM-12,+,1604780,1605640,tnpA,1768_tnpA_FQ482074.1,1610133,1610814,4493
GCA_048635255.1,CP184603.1,TEM-12,+,1604780,1605640,tnpA,653_tnpA_KJ933392.1,1605869,1606479,229
GCA_048635255.1,CP184603.1,TEM-12,+,1604780,1605640,tnpA,1098_tnpA_KX756453.1,1604078,1604597,183
GCA_048635255.1,CP184603.1,APH(3')-Ia,-,1611239,1612054,tnpA,1768_tnpA_FQ482074.1,1606392,1605711,4847
GCA_048635255.1,CP184603.1,APH(3')-Ia,-,1611239,1612054,tnpA,653_tnpA_KJ933392.1,1610656,1610042,583
GCA_048635255.1,CP184603.1,APH(3')-Ia,-,1611239,1612054,tnpA,653_tnpA_KJ933392.1,1612730,1612121,67
GCA_048635255.1,CP184603.1,APH(3'')-Ib,+,3670149,3670952,IS91,270_IS91_MOFF01000153.1,3672649,3673739,1697
GCA_048635255.1,CP184603.1,APH(3'')-Ib,+,3670149,3670952,IS91,294_IS91_MOFA01000112.1,3672511,3673025,1559
GCA_048635255.1,CP184603.1,APH(3'')-Ib,+,3670149,3670952,IS91,327_IS91_LRKR01000133.1,3673564,3673836,2612
GCA_048635255.1,CP184603.1,APH(3'')-Ib,+,3670149,3670952,IS91,406_IS91_CP018710.1,3672343,3672531,1391
GCA_048635255.1,CP184603.1,APH(6)-Id,+,3670952,3671788,IS91,270_IS91_MOFF01000153.1,3672649,3673739,861
GCA_048635255.1,CP184603.1,APH(6)-Id,+,3670952,3671788,IS91,294_IS91_MOFA01000112.1,3672511,3673025,723
GCA_048635255.1,CP184603.1,APH(6)-Id,+,3670952,3671788,IS91,327_IS91_LRKR01000133.1,3673564,3673836,1776
GCA_048635255.1,CP184603.1,APH(6)-Id,+,3670952,3671788,IS91,406_IS91_CP018710.1,3672343,3672531,555
GCA_048635255.1,CP184603.1,tet(B),+,3675161,3676360,IS91,270_IS91_MOFF01000153.1,3672649,3673739,1422
GCA_048635255.1,CP184603.1,tet(B),+,3675161,3676360,IS91,294_IS91_MOFA01000112.1,3672511,3673025,2136
GCA_048635255.1,CP184603.1,tet(B),+,3675161,3676360,IS91,327_IS91_LRKR01000133.1,3673564,3673836,1325
GCA_048635255.1,CP184603.1,tet(B),+,3675161,3676360,IS91,406_IS91_CP018710.1,3672343,3672531,2630
GCA_048635255.1,CP184603.1,OXA-23,+,3679811,3680632,tnpA,432_tnpA_FJ628170.1,3682293,3682823,1661
GCA_048695615.1,ABYGRM010000013.1,adeG,-,59922,61142,qacEdelta,2277_qacEdelta_CT025799.2,66009,65680,4538
GCA_048695615.1,ABYGRM010000013.1,abeS,-,65680,66009,qacEdelta,2277_qacEdelta_CT025799.2,66009,65680,0
GCA_048695615.1,ABYGRM010000020.1,APH(3'')-Ib,+,59198,60001,IS91,270_IS91_MOFF01000153.1,61698,62788,1697
GCA_048695615.1,ABYGRM010000020.1,APH(3'')-Ib,+,59198,60001,IS91,294_IS91_MOFA01000112.1,61560,62074,1559
GCA_048695615.1,ABYGRM010000020.1,APH(3'')-Ib,+,59198,60001,IS91,327_IS91_LRKR01000133.1,62613,62885,2612
GCA_048695615.1,ABYGRM010000020.1,APH(3'')-Ib,+,59198,60001,IS91,406_IS91_CP018710.1,61392,61580,1391
GCA_048695615.1,ABYGRM010000020.1,APH(6)-Id,+,60001,60837,IS91,270_IS91_MOFF01000153.1,61698,62788,861
GCA_048695615.1,ABYGRM010000020.1,APH(6)-Id,+,60001,60837,IS91,294_IS91_MOFA01000112.1,61560,62074,723
GCA_048695615.1,ABYGRM010000020.1,APH(6)-Id,+,60001,60837,IS91,327_IS91_LRKR01000133.1,62613,62885,1776
GCA_048695615.1,ABYGRM010000020.1,APH(6)-Id,+,60001,60837,IS91,406_IS91_CP018710.1,61392,61580,555
GCA_048695615.1,ABYGRM010000020.1,tet(B),+,64210,65407,IS91,270_IS91_MOFF01000153.1,61698,62788,1422
GCA_048695615.1,ABYGRM010000020.1,tet(B),+,64210,65407,IS91,294_IS91_MOFA01000112.1,61560,62074,2136
GCA_048695615.1,ABYGRM010000020.1,tet(B),+,64210,65407,IS91,327_IS91_LRKR01000133.1,62613,62885,1325
GCA_048695615.1,ABYGRM010000020.1,tet(B),+,64210,65407,IS91,406_IS91_CP018710.1,61392,61580,2630
GCA_048695615.1,ABYGRM010000026.1,armA,+,33103,33876,tnpA,483_tnpA_HE577623.1,34485,35810,609
GCA_048695615.1,ABYGRM010000026.1,armA,+,33103,33876,tnpAcp1,554_tnpAcp1_FJ187822.1,32134,32777,326
GCA_048695615.1,ABYGRM010000026.1,msrE,+,36175,37650,tnpA,483_tnpA_HE577623.1,34485,35810,365
GCA_048695615.1,ABYGRM010000026.1,msrE,+,36175,37650,tnpAcp1,554_tnpAcp1_FJ187822.1,32134,32777,3398
GCA_048695615.1,ABYGRM010000026.1,mphE,+,37706,38590,tnpA,483_tnpA_HE577623.1,34485,35810,1896
GCA_048695615.1,ABYGRM010000026.1,mphE,+,37706,38590,tnpAcp1,554_tnpAcp1_FJ187822.1,32134,32777,4929
GCA_048695615.1,ABYGRM010000067.1,TEM-12,-,226,1086,tnpA,1098_tnpA_KX756453.1,1782,1269,183
GCA_048695615.1,ABYGRM010000094.1,abeS,+,14807,15136,qacEdelta,2277_qacEdelta_CT025799.2,14807,15136,0
GCA_048695615.1,ABYGRM010000094.1,adeG,+,19674,20894,qacEdelta,2277_qacEdelta_CT025799.2,14807,15136,4538
GCA_048695615.1,ABYGRM010000098.1,armA,+,10989,11762,tnpA,483_tnpA_HE577623.1,12371,13696,609
GCA_048695615.1,ABYGRM010000098.1,armA,+,10989,11762,tnpAcp1,554_tnpAcp1_FJ187822.1,10020,10663,326
GCA_048695615.1,ABYGRM010000098.1,msrE,+,14061,15536,tnpA,483_tnpA_HE577623.1,12371,13696,365
GCA_048695615.1,ABYGRM010000098.1,msrE,+,14061,15536,tnpAcp1,554_tnpAcp1_FJ187822.1,10020,10663,3398
GCA_048695615.1,ABYGRM010000098.1,mphE,+,15592,16476,tnpA,483_tnpA_HE577623.1,12371,13696,1896
GCA_048695615.1,ABYGRM010000098.1,mphE,+,15592,16476,tnpAcp1,554_tnpAcp1_FJ187822.1,10020,10663,4929
GCA_048695615.1,ABYGRM010000100.1,APH(3'')-Ib,+,1249,2052,IS91,270_IS91_MOFF01000153.1,3749,4839,1697
GCA_048695615.1,ABYGRM010000100.1,APH(3'')-Ib,+,1249,2052,IS91,294_IS91_MOFA01000112.1,3611,4125,1559
GCA_048695615.1,ABYGRM010000100.1,APH(3'')-Ib,+,1249,2052,IS91,327_IS91_LRKR01000133.1,4664,4936,2612
GCA_048695615.1,ABYGRM010000100.1,APH(3'')-Ib,+,1249,2052,IS91,406_IS91_CP018710.1,3443,3631,1391
GCA_048695615.1,ABYGRM010000100.1,APH(6)-Id,+,2052,2888,IS91,270_IS91_MOFF01000153.1,3749,4839,861
GCA_048695615.1,ABYGRM010000100.1,APH(6)-Id,+,2052,2888,IS91,294_IS91_MOFA01000112.1,3611,4125,723
GCA_048695615.1,ABYGRM010000100.1,APH(6)-Id,+,2052,2888,IS91,327_IS91_LRKR01000133.1,4664,4936,1776
GCA_048695615.1,ABYGRM010000100.1,APH(6)-Id,+,2052,2888,IS91,406_IS91_CP018710.1,3443,3631,555
GCA_048695615.1,ABYGRM010000103.1,TEM-12,+,738,1598,tnpA,1098_tnpA_KX756453.1,36,555,183
GCA_048728595.1,ABYGYY010000009.1,adeG,-,72454,73674,qacEdelta,2277_qacEdelta_CT025799.2,78541,78212,4538
GCA_048728595.1,ABYGYY010000009.1,abeS,-,78212,78541,qacEdelta,2277_qacEdelta_CT025799.2,78541,78212,0
GCA_048728595.1,ABYGYY010000013.1,APH(3'')-Ib,+,59197,60000,IS91,270_IS91_MOFF01000153.1,61697,62787,1697
GCA_048728595.1,ABYGYY010000013.1,APH(3'')-Ib,+,59197,60000,IS91,294_IS91_MOFA01000112.1,61559,62073,1559
GCA_048728595.1,ABYGYY010000013.1,APH(3'')-Ib,+,59197,60000,IS91,327_IS91_LRKR01000133.1,62612,62884,2612
GCA_048728595.1,ABYGYY010000013.1,APH(3'')-Ib,+,59197,60000,IS91,406_IS91_CP018710.1,61391,61579,1391
GCA_048728595.1,ABYGYY010000013.1,APH(6)-Id,+,60000,60836,IS91,270_IS91_MOFF01000153.1,61697,62787,861
GCA_048728595.1,ABYGYY010000013.1,APH(6)-Id,+,60000,60836,IS91,294_IS91_MOFA01000112.1,61559,62073,723
GCA_048728595.1,ABYGYY010000013.1,APH(6)-Id,+,60000,60836,IS91,327_IS91_LRKR01000133.1,62612,62884,1776
GCA_048728595.1,ABYGYY010000013.1,APH(6)-Id,+,60000,60836,IS91,406_IS91_CP018710.1,61391,61579,555
GCA_048728595.1,ABYGYY010000013.1,tet(B),+,64209,65408,IS91,270_IS91_MOFF01000153.1,61697,62787,1422
GCA_048728595.1,ABYGYY010000013.1,tet(B),+,64209,65408,IS91,294_IS91_MOFA01000112.1,61559,62073,2136
GCA_048728595.1,ABYGYY010000013.1,tet(B),+,64209,65408,IS91,327_IS91_LRKR01000133.1,62612,62884,1325
GCA_048728595.1,ABYGYY010000013.1,tet(B),+,64209,65408,IS91,406_IS91_CP018710.1,61391,61579,2630
GCA_048728595.1,ABYGYY010000040.1,sul1,-,2090,2929,intI1,1060_intI1_KX029331.1,5466,5071,2142
GCA_048728595.1,ABYGYY010000040.1,sul1,-,2090,2929,qacEdelta,267_qacEdelta_HM138673.1,3270,2923,0
GCA_048728595.1,ABYGYY010000040.1,sul1,-,2090,2929,intI1,1793_intI1_KU736868.1,5994,5771,2842
GCA_048728595.1,ABYGYY010000040.1,aadA2,-,3434,4213,intI1,1060_intI1_KX029331.1,5466,5071,858
GCA_048728595.1,ABYGYY010000040.1,aadA2,-,3434,4213,qacEdelta,267_qacEdelta_HM138673.1,3270,2923,164
GCA_048728595.1,ABYGYY010000040.1,aadA2,-,3434,4213,intI1,1793_intI1_KU736868.1,5994,5771,1558
GCA_048728595.1,ABYGYY010000040.1,ANT(2'')-Ia,-,4283,4816,intI1,1060_intI1_KX029331.1,5466,5071,255
GCA_048728595.1,ABYGYY010000040.1,ANT(2'')-Ia,-,4283,4816,qacEdelta,267_qacEdelta_HM138673.1,3270,2923,1013
GCA_048728595.1,ABYGYY010000040.1,ANT(2'')-Ia,-,4283,4816,intI1,1793_intI1_KU736868.1,5994,5771,955
GCA_048728595.1,ABYGYY010000066.1,APH(3'')-Ib,+,587,1390,IS91,270_IS91_MOFF01000153.1,3087,4177,1697
GCA_048728595.1,ABYGYY010000066.1,APH(3'')-Ib,+,587,1390,IS91,294_IS91_MOFA01000112.1,2949,3463,1559
GCA_048728595.1,ABYGYY010000066.1,APH(3'')-Ib,+,587,1390,IS91,327_IS91_LRKR01000133.1,4002,4274,2612
GCA_048728595.1,ABYGYY010000066.1,APH(3'')-Ib,+,587,1390,IS91,406_IS91_CP018710.1,2781,2969,1391
GCA_048728595.1,ABYGYY010000066.1,APH(6)-Id,+,1390,2226,IS91,270_IS91_MOFF01000153.1,3087,4177,861
GCA_048728595.1,ABYGYY010000066.1,APH(6)-Id,+,1390,2226,IS91,294_IS91_MOFA01000112.1,2949,3463,723
GCA_048728595.1,ABYGYY010000066.1,APH(6)-Id,+,1390,2226,IS91,327_IS91_LRKR01000133.1,4002,4274,1776
GCA_048728595.1,ABYGYY010000066.1,APH(6)-Id,+,1390,2226,IS91,406_IS91_CP018710.1,2781,2969,555
GCA_048728595.1,ABYGYY010000066.1,tet(B),+,5599,6798,IS91,270_IS91_MOFF01000153.1,3087,4177,1422
GCA_048728595.1,ABYGYY010000066.1,tet(B),+,5599,6798,IS91,294_IS91_MOFA01000112.1,2949,3463,2136
GCA_048728595.1,ABYGYY010000066.1,tet(B),+,5599,6798,IS91,327_IS91_LRKR01000133.1,4002,4274,1325
GCA_048728595.1,ABYGYY010000066.1,tet(B),+,5599,6798,IS91,406_IS91_CP018710.1,2781,2969,2630
GCA_048728595.1,ABYGYY010000067.1,ANT(2'')-Ia,+,1609,2142,intI1,1060_intI1_KX029331.1,959,1354,255
GCA_048728595.1,ABYGYY010000067.1,ANT(2'')-Ia,+,1609,2142,qacEdelta,267_qacEdelta_HM138673.1,3155,3502,1013
GCA_048728595.1,ABYGYY010000067.1,ANT(2'')-Ia,+,1609,2142,intI1,1793_intI1_KU736868.1,431,654,955
GCA_048728595.1,ABYGYY010000067.1,aadA2,+,2212,2991,intI1,1060_intI1_KX029331.1,959,1354,858
GCA_048728595.1,ABYGYY010000067.1,aadA2,+,2212,2991,qacEdelta,267_qacEdelta_HM138673.1,3155,3502,164
GCA_048728595.1,ABYGYY010000067.1,aadA2,+,2212,2991,intI1,1793_intI1_KU736868.1,431,654,1558
GCA_048728595.1,ABYGYY010000067.1,sul1,+,3496,4335,intI1,1060_intI1_KX029331.1,959,1354,2142
GCA_048728595.1,ABYGYY010000067.1,sul1,+,3496,4335,qacEdelta,267_qacEdelta_HM138673.1,3155,3502,0
GCA_048728595.1,ABYGYY010000067.1,sul1,+,3496,4335,intI1,1793_intI1_KU736868.1,431,654,2842
GCA_048728595.1,ABYGYY010000068.1,abeS,+,2451,2780,qacEdelta,2277_qacEdelta_CT025799.2,2451,2780,0
GCA_048792805.1,ABYHUE010000011.1,APH(3'')-Ib,+,59198,60001,IS91,270_IS91_MOFF01000153.1,61698,62788,1697
GCA_048792805.1,ABYHUE010000011.1,APH(3'')-Ib,+,59198,60001,IS91,294_IS91_MOFA01000112.1,61560,62074,1559
GCA_048792805.1,ABYHUE010000011.1,APH(3'')-Ib,+,59198,60001,IS91,327_IS91_LRKR01000133.1,62613,62885,2612
GCA_048792805.1,ABYHUE010000011.1,APH(3'')-Ib,+,59198,60001,IS91,406_IS91_CP018710.1,61392,61580,1391
GCA_048792805.1,ABYHUE010000011.1,APH(6)-Id,+,60001,60837,IS91,270_IS91_MOFF01000153.1,61698,62788,861
GCA_048792805.1,ABYHUE010000011.1,APH(6)-Id,+,60001,60837,IS91,294_IS91_MOFA01000112.1,61560,62074,723
GCA_048792805.1,ABYHUE010000011.1,APH(6)-Id,+,60001,60837,IS91,327_IS91_LRKR01000133.1,62613,62885,1776
GCA_048792805.1,ABYHUE010000011.1,APH(6)-Id,+,60001,60837,IS91,406_IS91_CP018710.1,61392,61580,555
GCA_048792805.1,ABYHUE010000011.1,tet(B),+,64210,65409,IS91,270_IS91_MOFF01000153.1,61698,62788,1422
GCA_048792805.1,ABYHUE010000011.1,tet(B),+,64210,65409,IS91,294_IS91_MOFA01000112.1,61560,62074,2136
GCA_048792805.1,ABYHUE010000011.1,tet(B),+,64210,65409,IS91,327_IS91_LRKR01000133.1,62613,62885,1325
GCA_048792805.1,ABYHUE010000011.1,tet(B),+,64210,65409,IS91,406_IS91_CP018710.1,61392,61580,2630
GCA_048792805.1,ABYHUE010000030.1,abeS,+,20912,21241,qacEdelta,2277_qacEdelta_CT025799.2,20912,21241,0
GCA_048792805.1,ABYHUE010000030.1,adeG,+,25779,26999,qacEdelta,2277_qacEdelta_CT025799.2,20912,21241,4538
GCA_048792805.1,ABYHUE010000071.1,mphE,-,21,905,tnpA,483_tnpA_HE577623.1,4126,2801,1896
GCA_048792805.1,ABYHUE010000071.1,mphE,-,21,905,tnpAcp1,554_tnpAcp1_FJ187822.1,6571,5834,4929
GCA_048792805.1,ABYHUE010000071.1,msrE,-,961,2436,tnpA,483_tnpA_HE577623.1,4126,2801,365
GCA_048792805.1,ABYHUE010000071.1,msrE,-,961,2436,ISCR-orf513,281_ISCR-orf513_KJ186154.1,8139,6907,4471
GCA_048792805.1,ABYHUE010000071.1,msrE,-,961,2436,tnpAcp1,554_tnpAcp1_FJ187822.1,6571,5834,3398
GCA_048792805.1,ABYHUE010000071.1,armA,-,4735,5508,tnpA,483_tnpA_HE577623.1,4126,2801,609
GCA_048792805.1,ABYHUE010000071.1,armA,-,4735,5508,ISCR-orf513,281_ISCR-orf513_KJ186154.1,8139,6907,1399
GCA_048792805.1,ABYHUE010000071.1,armA,-,4735,5508,IS91,325_IS91_LYDO01000032.1,8448,7645,2137
GCA_048792805.1,ABYHUE010000071.1,armA,-,4735,5508,tnpAcp1,554_tnpAcp1_FJ187822.1,6571,5834,326
GCA_048792805.1,ABYHUE010000071.1,armA,-,4735,5508,qacEdelta,267_qacEdelta_HM138673.1,10033,9686,4178
GCA_048792805.1,ABYHUE010000071.1,sul1,-,8853,9692,tnpA,483_tnpA_HE577623.1,4126,2801,4727
GCA_048792805.1,ABYHUE010000071.1,sul1,-,8853,9692,ISCR-orf513,281_ISCR-orf513_KJ186154.1,8139,6907,714
GCA_048792805.1,ABYHUE010000071.1,sul1,-,8853,9692,IS91,325_IS91_LYDO01000032.1,8448,7645,405
GCA_048792805.1,ABYHUE010000071.1,sul1,-,8853,9692,tnpAcp1,554_tnpAcp1_FJ187822.1,6571,5834,2282
GCA_048792805.1,ABYHUE010000071.1,sul1,-,8853,9692,qacEdelta,267_qacEdelta_HM138673.1,10033,9686,0
GCA_048792805.1,ABYHUE010000071.1,aadA5,-,10239,11027,ISCR-orf513,281_ISCR-orf513_KJ186154.1,8139,6907,2100
GCA_048792805.1,ABYHUE010000071.1,aadA5,-,10239,11027,IS91,325_IS91_LYDO01000032.1,8448,7645,1791
GCA_048792805.1,ABYHUE010000071.1,aadA5,-,10239,11027,tnpAcp1,554_tnpAcp1_FJ187822.1,6571,5834,3668
GCA_048792805.1,ABYHUE010000071.1,aadA5,-,10239,11027,qacEdelta,267_qacEdelta_HM138673.1,10033,9686,206
GCA_048792805.1,ABYHUE010000071.1,dfrA17,-,11158,11631,ISCR-orf513,281_ISCR-orf513_KJ186154.1,8139,6907,3019
GCA_048792805.1,ABYHUE010000071.1,dfrA17,-,11158,11631,IS91,325_IS91_LYDO01000032.1,8448,7645,2710
GCA_048792805.1,ABYHUE010000071.1,dfrA17,-,11158,11631,tnpAcp1,554_tnpAcp1_FJ187822.1,6571,5834,4587
GCA_048792805.1,ABYHUE010000071.1,dfrA17,-,11158,11631,qacEdelta,267_qacEdelta_HM138673.1,10033,9686,1125
GCA_048792805.1,ABYHUE010000132.1,abeS,+,10665,10994,qacEdelta,2277_qacEdelta_CT025799.2,10665,10994,0
GCA_048792805.1,ABYHUE010000133.1,dfrA17,+,58,531,ISCR-orf513,281_ISCR-orf513_KJ186154.1,3550,4782,3019
GCA_048792805.1,ABYHUE010000133.1,dfrA17,+,58,531,IS91,325_IS91_LYDO01000032.1,3241,4044,2710
GCA_048792805.1,ABYHUE010000133.1,dfrA17,+,58,531,tnpAcp1,554_tnpAcp1_FJ187822.1,5118,5855,4587
GCA_048792805.1,ABYHUE010000133.1,dfrA17,+,58,531,qacEdelta,267_qacEdelta_HM138673.1,1656,2003,1125
GCA_048792805.1,ABYHUE010000133.1,aadA5,+,662,1450,ISCR-orf513,281_ISCR-orf513_KJ186154.1,3550,4782,2100
GCA_048792805.1,ABYHUE010000133.1,aadA5,+,662,1450,IS91,325_IS91_LYDO01000032.1,3241,4044,1791
GCA_048792805.1,ABYHUE010000133.1,aadA5,+,662,1450,tnpAcp1,554_tnpAcp1_FJ187822.1,5118,5855,3668
GCA_048792805.1,ABYHUE010000133.1,aadA5,+,662,1450,qacEdelta,267_qacEdelta_HM138673.1,1656,2003,206
GCA_048792805.1,ABYHUE010000133.1,sul1,+,1997,2836,tnpA,483_tnpA_HE577623.1,7563,8888,4727
GCA_048792805.1,ABYHUE010000133.1,sul1,+,1997,2836,ISCR-orf513,281_ISCR-orf513_KJ186154.1,3550,4782,714
GCA_048792805.1,ABYHUE010000133.1,sul1,+,1997,2836,IS91,325_IS91_LYDO01000032.1,3241,4044,405
GCA_048792805.1,ABYHUE010000133.1,sul1,+,1997,2836,tnpAcp1,554_tnpAcp1_FJ187822.1,5118,5855,2282
GCA_048792805.1,ABYHUE010000133.1,sul1,+,1997,2836,qacEdelta,267_qacEdelta_HM138673.1,1656,2003,0
GCA_048792805.1,ABYHUE010000133.1,armA,+,6181,6954,tnpA,483_tnpA_HE577623.1,7563,8888,609
GCA_048792805.1,ABYHUE010000133.1,armA,+,6181,6954,ISCR-orf513,281_ISCR-orf513_KJ186154.1,3550,4782,1399
GCA_048792805.1,ABYHUE010000133.1,armA,+,6181,6954,IS91,325_IS91_LYDO01000032.1,3241,4044,2137
GCA_048792805.1,ABYHUE010000133.1,armA,+,6181,6954,tnpAcp1,554_tnpAcp1_FJ187822.1,5118,5855,326
GCA_048792805.1,ABYHUE010000133.1,armA,+,6181,6954,qacEdelta,267_qacEdelta_HM138673.1,1656,2003,4178
GCA_048792805.1,ABYHUE010000133.1,msrE,+,9253,10728,tnpA,483_tnpA_HE577623.1,7563,8888,365
GCA_048792805.1,ABYHUE010000133.1,msrE,+,9253,10728,ISCR-orf513,281_ISCR-orf513_KJ186154.1,3550,4782,4471
GCA_048792805.1,ABYHUE010000133.1,msrE,+,9253,10728,tnpAcp1,554_tnpAcp1_FJ187822.1,5118,5855,3398
GCA_048792805.1,ABYHUE010000133.1,mphE,+,10784,11668,tnpA,483_tnpA_HE577623.1,7563,8888,1896
GCA_048792805.1,ABYHUE010000133.1,mphE,+,10784,11668,tnpAcp1,554_tnpAcp1_FJ187822.1,5118,5855,4929
GCA_048792805.1,ABYHUE010000135.1,APH(3'')-Ib,+,1249,2052,IS91,270_IS91_MOFF01000153.1,3749,4839,1697
GCA_048792805.1,ABYHUE010000135.1,APH(3'')-Ib,+,1249,2052,IS91,294_IS91_MOFA01000112.1,3611,4125,1559
GCA_048792805.1,ABYHUE010000135.1,APH(3'')-Ib,+,1249,2052,IS91,327_IS91_LRKR01000133.1,4664,4936,2612
GCA_048792805.1,ABYHUE010000135.1,APH(3'')-Ib,+,1249,2052,IS91,406_IS91_CP018710.1,3443,3631,1391
GCA_048792805.1,ABYHUE010000135.1,APH(6)-Id,+,2052,2888,IS91,270_IS91_MOFF01000153.1,3749,4839,861
GCA_048792805.1,ABYHUE010000135.1,APH(6)-Id,+,2052,2888,IS91,294_IS91_MOFA01000112.1,3611,4125,723
GCA_048792805.1,ABYHUE010000135.1,APH(6)-Id,+,2052,2888,IS91,327_IS91_LRKR01000133.1,4664,4936,1776
GCA_048792805.1,ABYHUE010000135.1,APH(6)-Id,+,2052,2888,IS91,406_IS91_CP018710.1,3443,3631,555
GCA_048792805.1,ABYHUE010000135.1,tet(B),+,6261,7460,IS91,270_IS91_MOFF01000153.1,3749,4839,1422
GCA_048792805.1,ABYHUE010000135.1,tet(B),+,6261,7460,IS91,294_IS91_MOFA01000112.1,3611,4125,2136
GCA_048792805.1,ABYHUE010000135.1,tet(B),+,6261,7460,IS91,327_IS91_LRKR01000133.1,4664,4936,1325
GCA_048792805.1,ABYHUE010000135.1,tet(B),+,6261,7460,IS91,406_IS91_CP018710.1,3443,3631,2630
GCA_048873585.1,DBGTAY010000007.1,adeG,-,72395,73615,qacEdelta,2277_qacEdelta_CT025799.2,78482,78153,4538
GCA_048873585.1,DBGTAY010000007.1,abeS,-,78153,78482,qacEdelta,2277_qacEdelta_CT025799.2,78482,78153,0
GCA_048873585.1,DBGTAY010000007.1,armA,+,174883,175656,tnpA,483_tnpA_HE577623.1,176265,177590,609
GCA_048873585.1,DBGTAY010000007.1,armA,+,174883,175656,tnpAcp1,554_tnpAcp1_FJ187822.1,173914,174557,326
GCA_048873585.1,DBGTAY010000007.1,msrE,+,177955,179430,tnpA,483_tnpA_HE577623.1,176265,177590,365
GCA_048873585.1,DBGTAY010000007.1,msrE,+,177955,179430,tnpAcp1,554_tnpAcp1_FJ187822.1,173914,174557,3398
GCA_048873585.1,DBGTAY010000007.1,mphE,+,179486,180370,tnpA,483_tnpA_HE577623.1,176265,177590,1896
GCA_048873585.1,DBGTAY010000007.1,mphE,+,179486,180370,tnpAcp1,554_tnpAcp1_FJ187822.1,173914,174557,4929
GCA_048873585.1,DBGTAY010000023.1,APH(3'')-Ib,+,59198,60001,IS91,270_IS91_MOFF01000153.1,61698,62788,1697
GCA_048873585.1,DBGTAY010000023.1,APH(3'')-Ib,+,59198,60001,IS91,294_IS91_MOFA01000112.1,61560,62074,1559
GCA_048873585.1,DBGTAY010000023.1,APH(3'')-Ib,+,59198,60001,IS91,327_IS91_LRKR01000133.1,62613,62885,2612
GCA_048873585.1,DBGTAY010000023.1,APH(3'')-Ib,+,59198,60001,IS91,406_IS91_CP018710.1,61392,61580,1391
GCA_048873585.1,DBGTAY010000023.1,APH(6)-Id,+,60001,60837,IS91,270_IS91_MOFF01000153.1,61698,62788,861
GCA_048873585.1,DBGTAY010000023.1,APH(6)-Id,+,60001,60837,IS91,294_IS91_MOFA01000112.1,61560,62074,723
GCA_048873585.1,DBGTAY010000023.1,APH(6)-Id,+,60001,60837,IS91,327_IS91_LRKR01000133.1,62613,62885,1776
GCA_048873585.1,DBGTAY010000023.1,APH(6)-Id,+,60001,60837,IS91,406_IS91_CP018710.1,61392,61580,555
GCA_048873585.1,DBGTAY010000023.1,tet(B),+,64210,65409,IS91,270_IS91_MOFF01000153.1,61698,62788,1422
GCA_048873585.1,DBGTAY010000023.1,tet(B),+,64210,65409,IS91,294_IS91_MOFA01000112.1,61560,62074,2136
GCA_048873585.1,DBGTAY010000023.1,tet(B),+,64210,65409,IS91,327_IS91_LRKR01000133.1,62613,62885,1325
GCA_048873585.1,DBGTAY010000023.1,tet(B),+,64210,65409,IS91,406_IS91_CP018710.1,61392,61580,2630
GCA_048873585.1,DBGTAY010000056.1,TEM-12,-,16,876,tnpA,1098_tnpA_KX756453.1,1572,1059,183
GCA_048873585.1,DBGTAY010000068.1,abeS,+,25802,26131,qacEdelta,2277_qacEdelta_CT025799.2,25802,26131,0
GCA_048873585.1,DBGTAY010000068.1,adeG,+,30669,31889,qacEdelta,2277_qacEdelta_CT025799.2,25802,26131,4538
GCA_048873585.1,DBGTAY010000070.1,armA,+,10989,11762,tnpA,483_tnpA_HE577623.1,12371,13696,609
GCA_048873585.1,DBGTAY010000070.1,armA,+,10989,11762,tnpAcp1,554_tnpAcp1_FJ187822.1,10020,10663,326
GCA_048873585.1,DBGTAY010000070.1,msrE,+,14061,15536,tnpA,483_tnpA_HE577623.1,12371,13696,365
GCA_048873585.1,DBGTAY010000070.1,msrE,+,14061,15536,tnpAcp1,554_tnpAcp1_FJ187822.1,10020,10663,3398
GCA_048873585.1,DBGTAY010000070.1,mphE,+,15592,16476,tnpA,483_tnpA_HE577623.1,12371,13696,1896
GCA_048873585.1,DBGTAY010000070.1,mphE,+,15592,16476,tnpAcp1,554_tnpAcp1_FJ187822.1,10020,10663,4929
GCA_048873585.1,DBGTAY010000071.1,armA,+,10989,11762,tnpA,483_tnpA_HE577623.1,12371,13696,609
GCA_048873585.1,DBGTAY010000071.1,armA,+,10989,11762,tnpAcp1,554_tnpAcp1_FJ187822.1,10020,10663,326
GCA_048873585.1,DBGTAY010000071.1,msrE,+,14061,15536,tnpA,483_tnpA_HE577623.1,12371,13696,365
GCA_048873585.1,DBGTAY010000071.1,msrE,+,14061,15536,tnpAcp1,554_tnpAcp1_FJ187822.1,10020,10663,3398
GCA_048873585.1,DBGTAY010000071.1,mphE,+,15592,16476,tnpA,483_tnpA_HE577623.1,12371,13696,1896
GCA_048873585.1,DBGTAY010000071.1,mphE,+,15592,16476,tnpAcp1,554_tnpAcp1_FJ187822.1,10020,10663,4929
GCA_048873585.1,DBGTAY010000074.1,APH(3'')-Ib,+,1249,2052,IS91,270_IS91_MOFF01000153.1,3749,4839,1697
GCA_048873585.1,DBGTAY010000074.1,APH(3'')-Ib,+,1249,2052,IS91,294_IS91_MOFA01000112.1,3611,4125,1559
GCA_048873585.1,DBGTAY010000074.1,APH(3'')-Ib,+,1249,2052,IS91,327_IS91_LRKR01000133.1,4664,4936,2612
GCA_048873585.1,DBGTAY010000074.1,APH(3'')-Ib,+,1249,2052,IS91,406_IS91_CP018710.1,3443,3631,1391
GCA_048873585.1,DBGTAY010000074.1,APH(6)-Id,+,2052,2888,IS91,270_IS91_MOFF01000153.1,3749,4839,861
GCA_048873585.1,DBGTAY010000074.1,APH(6)-Id,+,2052,2888,IS91,294_IS91_MOFA01000112.1,3611,4125,723
GCA_048873585.1,DBGTAY010000074.1,APH(6)-Id,+,2052,2888,IS91,327_IS91_LRKR01000133.1,4664,4936,1776
GCA_048873585.1,DBGTAY010000074.1,APH(6)-Id,+,2052,2888,IS91,406_IS91_CP018710.1,3443,3631,555
GCA_048873585.1,DBGTAY010000074.1,tet(B),+,6261,7460,IS91,270_IS91_MOFF01000153.1,3749,4839,1422
GCA_048873585.1,DBGTAY010000074.1,tet(B),+,6261,7460,IS91,294_IS91_MOFA01000112.1,3611,4125,2136
GCA_048873585.1,DBGTAY010000074.1,tet(B),+,6261,7460,IS91,327_IS91_LRKR01000133.1,4664,4936,1325
GCA_048873585.1,DBGTAY010000074.1,tet(B),+,6261,7460,IS91,406_IS91_CP018710.1,3443,3631,2630
GCA_048873585.1,DBGTAY010000076.1,TEM-12,+,738,1598,tnpA,1098_tnpA_KX756453.1,36,555,183
GCA_048877045.1,DBGTDC010000004.1,adeG,-,84521,85738,qacEdelta,2277_qacEdelta_CT025799.2,90604,90275,4537
GCA_048877045.1,DBGTDC010000004.1,abeS,-,90275,90604,qacEdelta,2277_qacEdelta_CT025799.2,90604,90275,0
GCA_048877045.1,DBGTDC010000048.1,dfrA1,+,8111,8584,tnpA,2265_tnpA_JEXJ01000286.1,6790,6933,1178
GCA_048877045.1,DBGTDC010000058.1,NDM-1,+,93,905,ISCR21,485_ISCR21_JN872329.1,5662,7191,4757
GCA_048877045.1,DBGTDC010000058.1,determinant_of_bleomycin_resistance,+,909,1274,ISCR21,485_ISCR21_JN872329.1,5662,7191,4388
GCA_048877045.1,DBGTDC010000063.1,floR,-,1402,2616,tnpA,1204_tnpA_EU213261.1,6154,5846,3230
GCA_048877045.1,DBGTDC010000070.1,sul2,-,2188,3003,tnpA,712_tnpA_EU850412.1,1839,1013,349
GCA_048877045.1,DBGTDC010000107.1,abeS,+,61687,62016,qacEdelta,2277_qacEdelta_CT025799.2,61687,62016,0
GCA_048877045.1,DBGTDC010000107.1,adeG,+,66553,67770,qacEdelta,2277_qacEdelta_CT025799.2,61687,62016,4537
GCA_048877045.1,DBGTDC010000113.1,NDM-1,+,134,946,ISCR21,485_ISCR21_JN872329.1,5703,7232,4757
GCA_048877045.1,DBGTDC010000113.1,determinant_of_bleomycin_resistance,+,950,1315,ISCR21,485_ISCR21_JN872329.1,5703,7232,4388
GCA_048877185.1,ABYIUJ010000011.1,adeG,-,72397,73617,qacEdelta,2277_qacEdelta_CT025799.2,78484,78155,4538
GCA_048877185.1,ABYIUJ010000011.1,abeS,-,78155,78484,qacEdelta,2277_qacEdelta_CT025799.2,78484,78155,0
GCA_048877185.1,ABYIUJ010000023.1,APH(3'')-Ib,+,59198,60001,IS91,294_IS91_MOFA01000112.1,61560,62052,1559
GCA_048877185.1,ABYIUJ010000023.1,APH(3'')-Ib,+,59198,60001,IS91,406_IS91_CP018710.1,61392,61580,1391
GCA_048877185.1,ABYIUJ010000023.1,APH(6)-Id,+,60001,60837,IS91,294_IS91_MOFA01000112.1,61560,62052,723
GCA_048877185.1,ABYIUJ010000023.1,APH(6)-Id,+,60001,60837,IS91,406_IS91_CP018710.1,61392,61580,555
GCA_048877185.1,ABYIUJ010000041.1,armA,+,6914,7687,tnpA,483_tnpA_HE577623.1,8296,9621,609
GCA_048877185.1,ABYIUJ010000041.1,armA,+,6914,7687,tnpAcp1,554_tnpAcp1_FJ187822.1,5945,6588,326
GCA_048877185.1,ABYIUJ010000041.1,msrE,+,9986,11461,tnpA,483_tnpA_HE577623.1,8296,9621,365
GCA_048877185.1,ABYIUJ010000041.1,msrE,+,9986,11461,tnpAcp1,554_tnpAcp1_FJ187822.1,5945,6588,3398
GCA_048877185.1,ABYIUJ010000041.1,mphE,+,11517,12401,tnpA,483_tnpA_HE577623.1,8296,9621,1896
GCA_048877185.1,ABYIUJ010000041.1,mphE,+,11517,12401,tnpAcp1,554_tnpAcp1_FJ187822.1,5945,6588,4929
GCA_048877185.1,ABYIUJ010000046.1,tet(B),-,2236,3435,IS91,327_IS91_LRKR01000133.1,5032,4760,1325
GCA_048877185.1,ABYIUJ010000046.1,tet(B),-,2236,3435,IS91,502_IS91_MOIM01000174.1,5570,5392,1957
GCA_048877185.1,ABYIUJ010000061.1,abeS,+,14807,15136,qacEdelta,2277_qacEdelta_CT025799.2,14807,15136,0
GCA_048877185.1,ABYIUJ010000061.1,adeG,+,19674,20894,qacEdelta,2277_qacEdelta_CT025799.2,14807,15136,4538
GCA_048877185.1,ABYIUJ010000064.1,armA,+,6955,7728,tnpA,483_tnpA_HE577623.1,8337,9662,609
GCA_048877185.1,ABYIUJ010000064.1,armA,+,6955,7728,tnpAcp1,554_tnpAcp1_FJ187822.1,5986,6629,326
GCA_048877185.1,ABYIUJ010000064.1,msrE,+,10027,11502,tnpA,483_tnpA_HE577623.1,8337,9662,365
GCA_048877185.1,ABYIUJ010000064.1,msrE,+,10027,11502,tnpAcp1,554_tnpAcp1_FJ187822.1,5986,6629,3398
GCA_048877185.1,ABYIUJ010000064.1,mphE,+,11558,12442,tnpA,483_tnpA_HE577623.1,8337,9662,1896
GCA_048877185.1,ABYIUJ010000064.1,mphE,+,11558,12442,tnpAcp1,554_tnpAcp1_FJ187822.1,5986,6629,4929
GCA_048877185.1,ABYIUJ010000065.1,APH(3'')-Ib,+,1249,2052,IS91,294_IS91_MOFA01000112.1,3611,4125,1559
GCA_048877185.1,ABYIUJ010000065.1,APH(3'')-Ib,+,1249,2052,IS91,406_IS91_CP018710.1,3443,3631,1391
GCA_048877185.1,ABYIUJ010000065.1,APH(6)-Id,+,2052,2888,IS91,294_IS91_MOFA01000112.1,3611,4125,723
GCA_048877185.1,ABYIUJ010000065.1,APH(6)-Id,+,2052,2888,IS91,406_IS91_CP018710.1,3443,3631,555
GCA_048877385.1,ABYIUT010000016.1,adeG,-,17584,18804,qacEdelta,2277_qacEdelta_CT025799.2,23671,23342,4538
GCA_048877385.1,ABYIUT010000016.1,abeS,-,23342,23671,qacEdelta,2277_qacEdelta_CT025799.2,23671,23342,0
GCA_048877385.1,ABYIUT010000059.1,sul1,-,1921,2760,intI1,1060_intI1_KX029331.1,5297,4902,2142
GCA_048877385.1,ABYIUT010000059.1,sul1,-,1921,2760,qacEdelta,267_qacEdelta_HM138673.1,3101,2754,0
GCA_048877385.1,ABYIUT010000059.1,sul1,-,1921,2760,intI1,1793_intI1_KU736868.1,5825,5602,2842
GCA_048877385.1,ABYIUT010000059.1,aadA2,-,3265,4044,intI1,1060_intI1_KX029331.1,5297,4902,858
GCA_048877385.1,ABYIUT010000059.1,aadA2,-,3265,4044,qacEdelta,267_qacEdelta_HM138673.1,3101,2754,164
GCA_048877385.1,ABYIUT010000059.1,aadA2,-,3265,4044,intI1,1793_intI1_KU736868.1,5825,5602,1558
GCA_048877385.1,ABYIUT010000059.1,ANT(2'')-Ia,-,4114,4647,intI1,1060_intI1_KX029331.1,5297,4902,255
GCA_048877385.1,ABYIUT010000059.1,ANT(2'')-Ia,-,4114,4647,qacEdelta,267_qacEdelta_HM138673.1,3101,2754,1013
GCA_048877385.1,ABYIUT010000059.1,ANT(2'')-Ia,-,4114,4647,intI1,1793_intI1_KU736868.1,5825,5602,955
GCA_048877385.1,ABYIUT010000080.1,abeS,+,2683,3012,qacEdelta,2277_qacEdelta_CT025799.2,2683,3012,0
GCA_048877385.1,ABYIUT010000080.1,adeG,+,7550,8770,qacEdelta,2277_qacEdelta_CT025799.2,2683,3012,4538
GCA_048877385.1,ABYIUT010000081.1,ANT(2'')-Ia,+,1736,2269,intI1,1060_intI1_KX029331.1,1086,1481,255
GCA_048877385.1,ABYIUT010000081.1,ANT(2'')-Ia,+,1736,2269,qacEdelta,267_qacEdelta_HM138673.1,3282,3629,1013
GCA_048877385.1,ABYIUT010000081.1,ANT(2'')-Ia,+,1736,2269,intI1,1793_intI1_KU736868.1,558,781,955
GCA_048877385.1,ABYIUT010000081.1,aadA2,+,2339,3118,intI1,1060_intI1_KX029331.1,1086,1481,858
GCA_048877385.1,ABYIUT010000081.1,aadA2,+,2339,3118,qacEdelta,267_qacEdelta_HM138673.1,3282,3629,164
GCA_048877385.1,ABYIUT010000081.1,aadA2,+,2339,3118,intI1,1793_intI1_KU736868.1,558,781,1558
GCA_048877385.1,ABYIUT010000081.1,sul1,+,3623,4462,intI1,1060_intI1_KX029331.1,1086,1481,2142
GCA_048877385.1,ABYIUT010000081.1,sul1,+,3623,4462,qacEdelta,267_qacEdelta_HM138673.1,3282,3629,0
GCA_048877385.1,ABYIUT010000081.1,sul1,+,3623,4462,intI1,1793_intI1_KU736868.1,558,781,2842
GCA_048960835.1,JBAJYF010000008.1,abeS,+,69824,70153,qacEdelta,2277_qacEdelta_CT025799.2,69824,70153,0
GCA_048960835.1,JBAJYF010000008.1,adeG,+,74691,75911,qacEdelta,2277_qacEdelta_CT025799.2,69824,70153,4538
GCA_048962405.1,JBAJWW010000015.1,abeS,+,67565,67894,qacEdelta,2277_qacEdelta_CT025799.2,67565,67894,0
GCA_048962405.1,JBAJWW010000015.1,adeG,+,72432,73652,qacEdelta,2277_qacEdelta_CT025799.2,67565,67894,4538
GCA_048962405.1,JBAJWW010000057.1,armA,+,4735,5508,tnpA,483_tnpA_HE577623.1,6117,7442,609
GCA_048962405.1,JBAJWW010000057.1,armA,+,4735,5508,tnpA,309_tnpA_JQ690540.1,3243,4493,242
GCA_048962405.1,JBAJWW010000057.1,armA,+,4735,5508,ISCR-orf513,281_ISCR-orf513_KJ186154.1,767,1999,2736
GCA_048962405.1,JBAJWW010000057.1,armA,+,4735,5508,IS91,325_IS91_LYDO01000032.1,458,1261,3474
GCA_048962405.1,JBAJWW010000057.1,armA,+,4735,5508,tnpAcp1,554_tnpAcp1_FJ187822.1,2335,3072,1663
GCA_048962405.1,JBAJWW010000057.1,msrE,+,7807,9282,tnpA,483_tnpA_HE577623.1,6117,7442,365
GCA_048962405.1,JBAJWW010000057.1,msrE,+,7807,9282,tnpA,309_tnpA_JQ690540.1,3243,4493,3314
GCA_048962405.1,JBAJWW010000057.1,msrE,+,7807,9282,tnpAcp1,554_tnpAcp1_FJ187822.1,2335,3072,4735
GCA_048962405.1,JBAJWW010000057.1,mphE,+,9338,10222,tnpA,483_tnpA_HE577623.1,6117,7442,1896
GCA_048962405.1,JBAJWW010000057.1,mphE,+,9338,10222,tnpA,309_tnpA_JQ690540.1,3243,4493,4845
GCA_048962405.1,JBAJWW010000063.1,determinant_of_bleomycin_resistance,-,6727,7092,ISCR21,485_ISCR21_JN872329.1,2339,810,4388
GCA_048962405.1,JBAJWW010000063.1,NDM-1,-,7096,7908,ISCR21,485_ISCR21_JN872329.1,2339,810,4757
GCA_048962405.1,JBAJWW010000090.1,sul1,+,453,1292,qacEdelta,267_qacEdelta_HM138673.1,112,459,0
GCA_048989025.1,JBEMMM010000011.1,adeG,-,82829,84049,qacEdelta,2277_qacEdelta_CT025799.2,88916,88587,4538
GCA_048989025.1,JBEMMM010000011.1,abeS,-,88587,88916,qacEdelta,2277_qacEdelta_CT025799.2,88916,88587,0
GCA_048989025.1,JBEMMM010000021.1,armA,+,63657,64430,tnpA,483_tnpA_HE577623.1,65039,66364,609
GCA_048989025.1,JBEMMM010000021.1,armA,+,63657,64430,tnpAcp1,554_tnpAcp1_FJ187822.1,62688,63331,326
GCA_048989025.1,JBEMMM010000021.1,msrE,+,66729,68204,tnpA,483_tnpA_HE577623.1,65039,66364,365
GCA_048989025.1,JBEMMM010000021.1,msrE,+,66729,68204,tnpAcp1,554_tnpAcp1_FJ187822.1,62688,63331,3398
GCA_048989025.1,JBEMMM010000021.1,mphE,+,68260,69144,tnpA,483_tnpA_HE577623.1,65039,66364,1896
GCA_048989025.1,JBEMMM010000021.1,mphE,+,68260,69144,tnpAcp1,554_tnpAcp1_FJ187822.1,62688,63331,4929
GCA_048989025.1,JBEMMM010000023.1,tet(B),-,2314,3513,IS91,270_IS91_MOFF01000153.1,6025,4935,1422
GCA_048989025.1,JBEMMM010000023.1,tet(B),-,2314,3513,IS91,294_IS91_MOFA01000112.1,6163,5649,2136
GCA_048989025.1,JBEMMM010000023.1,tet(B),-,2314,3513,IS91,327_IS91_LRKR01000133.1,5110,4838,1325
GCA_048989025.1,JBEMMM010000023.1,tet(B),-,2314,3513,IS91,406_IS91_CP018710.1,6331,6143,2630
GCA_048989025.1,JBEMMM010000023.1,APH(6)-Id,-,6886,7722,IS91,270_IS91_MOFF01000153.1,6025,4935,861
GCA_048989025.1,JBEMMM010000023.1,APH(6)-Id,-,6886,7722,IS91,294_IS91_MOFA01000112.1,6163,5649,723
GCA_048989025.1,JBEMMM010000023.1,APH(6)-Id,-,6886,7722,IS91,327_IS91_LRKR01000133.1,5110,4838,1776
GCA_048989025.1,JBEMMM010000023.1,APH(6)-Id,-,6886,7722,IS91,406_IS91_CP018710.1,6331,6143,555
GCA_048989025.1,JBEMMM010000023.1,APH(3'')-Ib,-,7722,8525,IS91,270_IS91_MOFF01000153.1,6025,4935,1697
GCA_048989025.1,JBEMMM010000023.1,APH(3'')-Ib,-,7722,8525,IS91,294_IS91_MOFA01000112.1,6163,5649,1559
GCA_048989025.1,JBEMMM010000023.1,APH(3'')-Ib,-,7722,8525,IS91,327_IS91_LRKR01000133.1,5110,4838,2612
GCA_048989025.1,JBEMMM010000023.1,APH(3'')-Ib,-,7722,8525,IS91,406_IS91_CP018710.1,6331,6143,1391
GCA_048989085.1,JBEMMK010000011.1,adeG,-,59794,61014,qacEdelta,2277_qacEdelta_CT025799.2,65881,65552,4538
GCA_048989085.1,JBEMMK010000011.1,abeS,-,65552,65881,qacEdelta,2277_qacEdelta_CT025799.2,65881,65552,0
GCA_048989085.1,JBEMMK010000021.1,tet(B),-,2314,3513,IS91,270_IS91_MOFF01000153.1,6025,4935,1422
GCA_048989085.1,JBEMMK010000021.1,tet(B),-,2314,3513,IS91,294_IS91_MOFA01000112.1,6163,5649,2136
GCA_048989085.1,JBEMMK010000021.1,tet(B),-,2314,3513,IS91,327_IS91_LRKR01000133.1,5110,4838,1325
GCA_048989085.1,JBEMMK010000021.1,tet(B),-,2314,3513,IS91,406_IS91_CP018710.1,6331,6143,2630
GCA_048989085.1,JBEMMK010000021.1,APH(6)-Id,-,6886,7722,IS91,270_IS91_MOFF01000153.1,6025,4935,861
GCA_048989085.1,JBEMMK010000021.1,APH(6)-Id,-,6886,7722,IS91,294_IS91_MOFA01000112.1,6163,5649,723
GCA_048989085.1,JBEMMK010000021.1,APH(6)-Id,-,6886,7722,IS91,327_IS91_LRKR01000133.1,5110,4838,1776
GCA_048989085.1,JBEMMK010000021.1,APH(6)-Id,-,6886,7722,IS91,406_IS91_CP018710.1,6331,6143,555
GCA_048989085.1,JBEMMK010000021.1,APH(3'')-Ib,-,7722,8525,IS91,270_IS91_MOFF01000153.1,6025,4935,1697
GCA_048989085.1,JBEMMK010000021.1,APH(3'')-Ib,-,7722,8525,IS91,294_IS91_MOFA01000112.1,6163,5649,1559
GCA_048989085.1,JBEMMK010000021.1,APH(3'')-Ib,-,7722,8525,IS91,327_IS91_LRKR01000133.1,5110,4838,2612
GCA_048989085.1,JBEMMK010000021.1,APH(3'')-Ib,-,7722,8525,IS91,406_IS91_CP018710.1,6331,6143,1391
GCA_048989425.1,JBEMMD010000005.1,adeG,-,72474,73694,qacEdelta,2277_qacEdelta_CT025799.2,78561,78232,4538
GCA_048989425.1,JBEMMD010000005.1,abeS,-,78232,78561,qacEdelta,2277_qacEdelta_CT025799.2,78561,78232,0
GCA_048989425.1,JBEMMD010000040.1,sul1,-,1293,2132,intI1,1060_intI1_KX029331.1,6130,5735,3603
GCA_048989425.1,JBEMMD010000040.1,sul1,-,1293,2132,qacEdelta,267_qacEdelta_HM138673.1,2473,2126,0
GCA_048989425.1,JBEMMD010000040.1,sul1,-,1293,2132,intI1,1793_intI1_KU736868.1,6658,6435,4303
GCA_048989425.1,JBEMMD010000040.1,AAC(3)-Ia,-,5010,5474,intI1,1060_intI1_KX029331.1,6130,5735,261
GCA_048989425.1,JBEMMD010000040.1,AAC(3)-Ia,-,5010,5474,qacEdelta,267_qacEdelta_HM138673.1,2473,2126,2537
GCA_048989425.1,JBEMMD010000040.1,AAC(3)-Ia,-,5010,5474,intI1,1793_intI1_KU736868.1,6658,6435,961
GCA_048989425.1,JBEMMD010000052.1,TEM-12,-,17,877,tnpA,1098_tnpA_KX756453.1,1574,1060,183
GCA_048989805.1,JBEMLS010000009.1,adeG,-,84897,86117,qacEdelta,2277_qacEdelta_CT025799.2,90984,90655,4538
GCA_048989805.1,JBEMLS010000009.1,abeS,-,90655,90984,qacEdelta,2277_qacEdelta_CT025799.2,90984,90655,0
GCA_048989805.1,JBEMLS010000021.1,APH(3'')-Ib,+,59276,60079,IS91,270_IS91_MOFF01000153.1,61776,62866,1697
GCA_048989805.1,JBEMLS010000021.1,APH(3'')-Ib,+,59276,60079,IS91,294_IS91_MOFA01000112.1,61638,62152,1559
GCA_048989805.1,JBEMLS010000021.1,APH(3'')-Ib,+,59276,60079,IS91,327_IS91_LRKR01000133.1,62691,62963,2612
GCA_048989805.1,JBEMLS010000021.1,APH(3'')-Ib,+,59276,60079,IS91,406_IS91_CP018710.1,61470,61658,1391
GCA_048989805.1,JBEMLS010000021.1,APH(6)-Id,+,60079,60915,IS91,270_IS91_MOFF01000153.1,61776,62866,861
GCA_048989805.1,JBEMLS010000021.1,APH(6)-Id,+,60079,60915,IS91,294_IS91_MOFA01000112.1,61638,62152,723
GCA_048989805.1,JBEMLS010000021.1,APH(6)-Id,+,60079,60915,IS91,327_IS91_LRKR01000133.1,62691,62963,1776
GCA_048989805.1,JBEMLS010000021.1,APH(6)-Id,+,60079,60915,IS91,406_IS91_CP018710.1,61470,61658,555
GCA_048989805.1,JBEMLS010000021.1,tet(B),+,64288,65487,IS91,270_IS91_MOFF01000153.1,61776,62866,1422
GCA_048989805.1,JBEMLS010000021.1,tet(B),+,64288,65487,IS91,294_IS91_MOFA01000112.1,61638,62152,2136
GCA_048989805.1,JBEMLS010000021.1,tet(B),+,64288,65487,IS91,327_IS91_LRKR01000133.1,62691,62963,1325
GCA_048989805.1,JBEMLS010000021.1,tet(B),+,64288,65487,IS91,406_IS91_CP018710.1,61470,61658,2630
GCA_048989805.1,JBEMLS010000067.1,TEM-12,-,94,954,tnpA,1098_tnpA_KX756453.1,1653,1137,183
GCA_048990075.1,JBEMLL010000008.1,abeS,+,48626,48955,qacEdelta,2277_qacEdelta_CT025799.2,48626,48955,0
GCA_048990075.1,JBEMLL010000008.1,adeG,+,53493,54713,qacEdelta,2277_qacEdelta_CT025799.2,48626,48955,4538
GCA_048990075.1,JBEMLL010000017.1,APH(3'')-Ib,+,59276,60079,IS91,270_IS91_MOFF01000153.1,61776,62866,1697
GCA_048990075.1,JBEMLL010000017.1,APH(3'')-Ib,+,59276,60079,IS91,294_IS91_MOFA01000112.1,61638,62152,1559
GCA_048990075.1,JBEMLL010000017.1,APH(3'')-Ib,+,59276,60079,IS91,327_IS91_LRKR01000133.1,62691,62963,2612
GCA_048990075.1,JBEMLL010000017.1,APH(3'')-Ib,+,59276,60079,IS91,406_IS91_CP018710.1,61470,61658,1391
GCA_048990075.1,JBEMLL010000017.1,APH(6)-Id,+,60079,60915,IS91,270_IS91_MOFF01000153.1,61776,62866,861
GCA_048990075.1,JBEMLL010000017.1,APH(6)-Id,+,60079,60915,IS91,294_IS91_MOFA01000112.1,61638,62152,723
GCA_048990075.1,JBEMLL010000017.1,APH(6)-Id,+,60079,60915,IS91,327_IS91_LRKR01000133.1,62691,62963,1776
GCA_048990075.1,JBEMLL010000017.1,APH(6)-Id,+,60079,60915,IS91,406_IS91_CP018710.1,61470,61658,555
GCA_048990075.1,JBEMLL010000017.1,tet(B),+,64288,65487,IS91,270_IS91_MOFF01000153.1,61776,62866,1422
GCA_048990075.1,JBEMLL010000017.1,tet(B),+,64288,65487,IS91,294_IS91_MOFA01000112.1,61638,62152,2136
GCA_048990075.1,JBEMLL010000017.1,tet(B),+,64288,65487,IS91,327_IS91_LRKR01000133.1,62691,62963,1325
GCA_048990075.1,JBEMLL010000017.1,tet(B),+,64288,65487,IS91,406_IS91_CP018710.1,61470,61658,2630
GCA_048990075.1,JBEMLL010000041.1,AAC(6')-Ib7,+,805,1609,ISCR-orf513,281_ISCR-orf513_KJ186154.1,5241,6473,3632
GCA_048990075.1,JBEMLL010000041.1,AAC(6')-Ib7,+,805,1609,IS91,325_IS91_LYDO01000032.1,4932,5735,3323
GCA_048990075.1,JBEMLL010000041.1,AAC(6')-Ib7,+,805,1609,intI1,1060_intI1_KX029331.1,390,785,20
GCA_048990075.1,JBEMLL010000041.1,AAC(6')-Ib7,+,805,1609,qacEdelta,267_qacEdelta_HM138673.1,3347,3694,1738
GCA_048990075.1,JBEMLL010000041.1,catB8,+,1702,2334,ISCR-orf513,281_ISCR-orf513_KJ186154.1,5241,6473,2907
GCA_048990075.1,JBEMLL010000041.1,catB8,+,1702,2334,IS91,325_IS91_LYDO01000032.1,4932,5735,2598
GCA_048990075.1,JBEMLL010000041.1,catB8,+,1702,2334,tnpAcp1,554_tnpAcp1_FJ187822.1,6809,7546,4475
GCA_048990075.1,JBEMLL010000041.1,catB8,+,1702,2334,intI1,1060_intI1_KX029331.1,390,785,917
GCA_048990075.1,JBEMLL010000041.1,catB8,+,1702,2334,qacEdelta,267_qacEdelta_HM138673.1,3347,3694,1013
GCA_048990075.1,JBEMLL010000041.1,sul1,+,3688,4527,tnpA,483_tnpA_HE577623.1,9254,10579,4727
GCA_048990075.1,JBEMLL010000041.1,sul1,+,3688,4527,ISCR-orf513,281_ISCR-orf513_KJ186154.1,5241,6473,714
GCA_048990075.1,JBEMLL010000041.1,sul1,+,3688,4527,IS91,325_IS91_LYDO01000032.1,4932,5735,405
GCA_048990075.1,JBEMLL010000041.1,sul1,+,3688,4527,tnpAcp1,554_tnpAcp1_FJ187822.1,6809,7546,2282
GCA_048990075.1,JBEMLL010000041.1,sul1,+,3688,4527,intI1,1060_intI1_KX029331.1,390,785,2903
GCA_048990075.1,JBEMLL010000041.1,sul1,+,3688,4527,qacEdelta,267_qacEdelta_HM138673.1,3347,3694,0
GCA_048990075.1,JBEMLL010000041.1,armA,+,7872,8645,tnpA,483_tnpA_HE577623.1,9254,10579,609
GCA_048990075.1,JBEMLL010000041.1,armA,+,7872,8645,ISCR-orf513,281_ISCR-orf513_KJ186154.1,5241,6473,1399
GCA_048990075.1,JBEMLL010000041.1,armA,+,7872,8645,IS91,325_IS91_LYDO01000032.1,4932,5735,2137
GCA_048990075.1,JBEMLL010000041.1,armA,+,7872,8645,tnpAcp1,554_tnpAcp1_FJ187822.1,6809,7546,326
GCA_048990075.1,JBEMLL010000041.1,armA,+,7872,8645,qacEdelta,267_qacEdelta_HM138673.1,3347,3694,4178
GCA_048990075.1,JBEMLL010000041.1,msrE,+,10944,12419,tnpA,483_tnpA_HE577623.1,9254,10579,365
GCA_048990075.1,JBEMLL010000041.1,msrE,+,10944,12419,ISCR-orf513,281_ISCR-orf513_KJ186154.1,5241,6473,4471
GCA_048990075.1,JBEMLL010000041.1,msrE,+,10944,12419,tnpAcp1,554_tnpAcp1_FJ187822.1,6809,7546,3398
GCA_048990075.1,JBEMLL010000041.1,mphE,+,12475,13359,tnpA,483_tnpA_HE577623.1,9254,10579,1896
GCA_048990075.1,JBEMLL010000041.1,mphE,+,12475,13359,tnpAcp1,554_tnpAcp1_FJ187822.1,6809,7546,4929
GCA_048990075.1,JBEMLL010000054.1,TEM-12,-,17,877,tnpA,1098_tnpA_KX756453.1,1574,1060,183
GCA_048990295.1,JBEMLF010000006.1,adeG,-,115024,116244,qacEdelta,2277_qacEdelta_CT025799.2,121111,120782,4538
GCA_048990295.1,JBEMLF010000006.1,abeS,-,120782,121111,qacEdelta,2277_qacEdelta_CT025799.2,121111,120782,0
GCA_048990295.1,JBEMLF010000017.1,tet(B),-,40942,42141,IS91,270_IS91_MOFF01000153.1,44653,43563,1422
GCA_048990295.1,JBEMLF010000017.1,tet(B),-,40942,42141,IS91,294_IS91_MOFA01000112.1,44791,44277,2136
GCA_048990295.1,JBEMLF010000017.1,tet(B),-,40942,42141,IS91,327_IS91_LRKR01000133.1,43738,43466,1325
GCA_048990295.1,JBEMLF010000017.1,tet(B),-,40942,42141,IS91,406_IS91_CP018710.1,44959,44771,2630
GCA_048990295.1,JBEMLF010000017.1,APH(6)-Id,-,45514,46350,IS91,270_IS91_MOFF01000153.1,44653,43563,861
GCA_048990295.1,JBEMLF010000017.1,APH(6)-Id,-,45514,46350,IS91,294_IS91_MOFA01000112.1,44791,44277,723
GCA_048990295.1,JBEMLF010000017.1,APH(6)-Id,-,45514,46350,IS91,327_IS91_LRKR01000133.1,43738,43466,1776
GCA_048990295.1,JBEMLF010000017.1,APH(6)-Id,-,45514,46350,IS91,406_IS91_CP018710.1,44959,44771,555
GCA_048990295.1,JBEMLF010000017.1,APH(3'')-Ib,-,46350,47153,IS91,270_IS91_MOFF01000153.1,44653,43563,1697
GCA_048990295.1,JBEMLF010000017.1,APH(3'')-Ib,-,46350,47153,IS91,294_IS91_MOFA01000112.1,44791,44277,1559
GCA_048990295.1,JBEMLF010000017.1,APH(3'')-Ib,-,46350,47153,IS91,327_IS91_LRKR01000133.1,43738,43466,2612
GCA_048990295.1,JBEMLF010000017.1,APH(3'')-Ib,-,46350,47153,IS91,406_IS91_CP018710.1,44959,44771,1391
GCA_048990295.1,JBEMLF010000030.1,mphE,-,4216,5100,tnpA,483_tnpA_HE577623.1,8321,6996,1896
GCA_048990295.1,JBEMLF010000030.1,mphE,-,4216,5100,tnpAcp1,554_tnpAcp1_FJ187822.1,10766,10029,4929
GCA_048990295.1,JBEMLF010000030.1,msrE,-,5156,6631,tnpA,483_tnpA_HE577623.1,8321,6996,365
GCA_048990295.1,JBEMLF010000030.1,msrE,-,5156,6631,ISCR-orf513,281_ISCR-orf513_KJ186154.1,12334,11102,4471
GCA_048990295.1,JBEMLF010000030.1,msrE,-,5156,6631,tnpAcp1,554_tnpAcp1_FJ187822.1,10766,10029,3398
GCA_048990295.1,JBEMLF010000030.1,armA,-,8930,9703,tnpA,483_tnpA_HE577623.1,8321,6996,609
GCA_048990295.1,JBEMLF010000030.1,armA,-,8930,9703,ISCR-orf513,281_ISCR-orf513_KJ186154.1,12334,11102,1399
GCA_048990295.1,JBEMLF010000030.1,armA,-,8930,9703,IS91,325_IS91_LYDO01000032.1,12643,11840,2137
GCA_048990295.1,JBEMLF010000030.1,armA,-,8930,9703,tnpAcp1,554_tnpAcp1_FJ187822.1,10766,10029,326
GCA_048990295.1,JBEMLF010000030.1,armA,-,8930,9703,qacEdelta,267_qacEdelta_HM138673.1,14228,13881,4178
GCA_048990295.1,JBEMLF010000030.1,sul1,-,13048,13887,tnpA,483_tnpA_HE577623.1,8321,6996,4727
GCA_048990295.1,JBEMLF010000030.1,sul1,-,13048,13887,ISCR-orf513,281_ISCR-orf513_KJ186154.1,12334,11102,714
GCA_048990295.1,JBEMLF010000030.1,sul1,-,13048,13887,IS91,325_IS91_LYDO01000032.1,12643,11840,405
GCA_048990295.1,JBEMLF010000030.1,sul1,-,13048,13887,tnpAcp1,554_tnpAcp1_FJ187822.1,10766,10029,2282
GCA_048990295.1,JBEMLF010000030.1,sul1,-,13048,13887,intI1,1060_intI1_KX029331.1,17185,16790,2903
GCA_048990295.1,JBEMLF010000030.1,sul1,-,13048,13887,qacEdelta,267_qacEdelta_HM138673.1,14228,13881,0
GCA_048990295.1,JBEMLF010000030.1,catB8,-,15241,15873,ISCR-orf513,281_ISCR-orf513_KJ186154.1,12334,11102,2907
GCA_048990295.1,JBEMLF010000030.1,catB8,-,15241,15873,IS91,325_IS91_LYDO01000032.1,12643,11840,2598
GCA_048990295.1,JBEMLF010000030.1,catB8,-,15241,15873,tnpAcp1,554_tnpAcp1_FJ187822.1,10766,10029,4475
GCA_048990295.1,JBEMLF010000030.1,catB8,-,15241,15873,intI1,1060_intI1_KX029331.1,17185,16790,917
GCA_048990295.1,JBEMLF010000030.1,catB8,-,15241,15873,qacEdelta,267_qacEdelta_HM138673.1,14228,13881,1013
GCA_048990295.1,JBEMLF010000030.1,AAC(6')-Ib7,-,15966,16770,ISCR-orf513,281_ISCR-orf513_KJ186154.1,12334,11102,3632
GCA_048990295.1,JBEMLF010000030.1,AAC(6')-Ib7,-,15966,16770,IS91,325_IS91_LYDO01000032.1,12643,11840,3323
GCA_048990295.1,JBEMLF010000030.1,AAC(6')-Ib7,-,15966,16770,intI1,1060_intI1_KX029331.1,17185,16790,20
GCA_048990295.1,JBEMLF010000030.1,AAC(6')-Ib7,-,15966,16770,qacEdelta,267_qacEdelta_HM138673.1,14228,13881,1738
GCA_048990475.1,JBEMLA010000012.1,abeS,-,3619,3948,qacEdelta,2277_qacEdelta_CT025799.2,3948,3619,0
GCA_048990475.1,JBEMLA010000012.1,armA,+,100349,101122,tnpA,483_tnpA_HE577623.1,101731,103056,609
GCA_048990475.1,JBEMLA010000012.1,armA,+,100349,101122,tnpAcp1,554_tnpAcp1_FJ187822.1,99380,100023,326
GCA_048990475.1,JBEMLA010000012.1,msrE,+,103421,104896,tnpA,483_tnpA_HE577623.1,101731,103056,365
GCA_048990475.1,JBEMLA010000012.1,msrE,+,103421,104896,tnpAcp1,554_tnpAcp1_FJ187822.1,99380,100023,3398
GCA_048990475.1,JBEMLA010000012.1,mphE,+,104952,105836,tnpA,483_tnpA_HE577623.1,101731,103056,1896
GCA_048990475.1,JBEMLA010000012.1,mphE,+,104952,105836,tnpAcp1,554_tnpAcp1_FJ187822.1,99380,100023,4929
GCA_048990475.1,JBEMLA010000020.1,APH(3'')-Ib,+,59276,60079,IS91,270_IS91_MOFF01000153.1,61776,62866,1697
GCA_048990475.1,JBEMLA010000020.1,APH(3'')-Ib,+,59276,60079,IS91,294_IS91_MOFA01000112.1,61638,62152,1559
GCA_048990475.1,JBEMLA010000020.1,APH(3'')-Ib,+,59276,60079,IS91,327_IS91_LRKR01000133.1,62691,62963,2612
GCA_048990475.1,JBEMLA010000020.1,APH(3'')-Ib,+,59276,60079,IS91,406_IS91_CP018710.1,61470,61658,1391
GCA_048990475.1,JBEMLA010000020.1,APH(6)-Id,+,60079,60915,IS91,270_IS91_MOFF01000153.1,61776,62866,861
GCA_048990475.1,JBEMLA010000020.1,APH(6)-Id,+,60079,60915,IS91,294_IS91_MOFA01000112.1,61638,62152,723
GCA_048990475.1,JBEMLA010000020.1,APH(6)-Id,+,60079,60915,IS91,327_IS91_LRKR01000133.1,62691,62963,1776
GCA_048990475.1,JBEMLA010000020.1,APH(6)-Id,+,60079,60915,IS91,406_IS91_CP018710.1,61470,61658,555
GCA_048990475.1,JBEMLA010000020.1,tet(B),+,64288,65487,IS91,270_IS91_MOFF01000153.1,61776,62866,1422
GCA_048990475.1,JBEMLA010000020.1,tet(B),+,64288,65487,IS91,294_IS91_MOFA01000112.1,61638,62152,2136
GCA_048990475.1,JBEMLA010000020.1,tet(B),+,64288,65487,IS91,327_IS91_LRKR01000133.1,62691,62963,1325
GCA_048990475.1,JBEMLA010000020.1,tet(B),+,64288,65487,IS91,406_IS91_CP018710.1,61470,61658,2630
GCA_048990475.1,JBEMLA010000058.1,TEM-12,-,17,877,tnpA,1098_tnpA_KX756453.1,1574,1060,183
GCA_048990545.1,JBEMKZ010000008.1,abeS,+,90127,90456,qacEdelta,2277_qacEdelta_CT025799.2,90127,90456,0
GCA_048990545.1,JBEMKZ010000008.1,adeG,+,91761,92981,qacEdelta,2277_qacEdelta_CT025799.2,90127,90456,1305
GCA_048990545.1,JBEMKZ010000008.1,adeF,+,92988,96167,qacEdelta,2277_qacEdelta_CT025799.2,90127,90456,2532
GCA_048990545.1,JBEMKZ010000052.1,cmlB1,+,14400,15665,IS26,755_IS26_KT334335.1,19710,20414,4045
GCA_048990545.1,JBEMKZ010000082.1,NDM-1,+,169,981,ISCR21,485_ISCR21_JN872329.1,5738,7267,4757
GCA_048990545.1,JBEMKZ010000082.1,determinant_of_bleomycin_resistance,+,985,1350,ISCR21,485_ISCR21_JN872329.1,5738,7267,4388
GCA_048990695.1,JBEMKV010000011.1,abeS,+,45833,46162,qacEdelta,2277_qacEdelta_CT025799.2,45833,46162,0
GCA_048990695.1,JBEMKV010000011.1,adeG,+,50700,51920,qacEdelta,2277_qacEdelta_CT025799.2,45833,46162,4538
GCA_048990695.1,JBEMKV010000016.1,APH(3'')-Ib,+,59276,60079,IS91,270_IS91_MOFF01000153.1,61776,62866,1697
GCA_048990695.1,JBEMKV010000016.1,APH(3'')-Ib,+,59276,60079,IS91,294_IS91_MOFA01000112.1,61638,62152,1559
GCA_048990695.1,JBEMKV010000016.1,APH(3'')-Ib,+,59276,60079,IS91,327_IS91_LRKR01000133.1,62691,62963,2612
GCA_048990695.1,JBEMKV010000016.1,APH(3'')-Ib,+,59276,60079,IS91,406_IS91_CP018710.1,61470,61658,1391
GCA_048990695.1,JBEMKV010000016.1,APH(6)-Id,+,60079,60915,IS91,270_IS91_MOFF01000153.1,61776,62866,861
GCA_048990695.1,JBEMKV010000016.1,APH(6)-Id,+,60079,60915,IS91,294_IS91_MOFA01000112.1,61638,62152,723
GCA_048990695.1,JBEMKV010000016.1,APH(6)-Id,+,60079,60915,IS91,327_IS91_LRKR01000133.1,62691,62963,1776
GCA_048990695.1,JBEMKV010000016.1,APH(6)-Id,+,60079,60915,IS91,406_IS91_CP018710.1,61470,61658,555
GCA_048990695.1,JBEMKV010000016.1,tet(B),+,64288,65487,IS91,270_IS91_MOFF01000153.1,61776,62866,1422
GCA_048990695.1,JBEMKV010000016.1,tet(B),+,64288,65487,IS91,294_IS91_MOFA01000112.1,61638,62152,2136
GCA_048990695.1,JBEMKV010000016.1,tet(B),+,64288,65487,IS91,327_IS91_LRKR01000133.1,62691,62963,1325
GCA_048990695.1,JBEMKV010000016.1,tet(B),+,64288,65487,IS91,406_IS91_CP018710.1,61470,61658,2630
GCA_048990695.1,JBEMKV010000040.1,mphE,-,2934,3818,tnpA,483_tnpA_HE577623.1,7039,5714,1896
GCA_048990695.1,JBEMKV010000040.1,mphE,-,2934,3818,tnpAcp1,554_tnpAcp1_FJ187822.1,9484,8747,4929
GCA_048990695.1,JBEMKV010000040.1,msrE,-,3874,5349,tnpA,483_tnpA_HE577623.1,7039,5714,365
GCA_048990695.1,JBEMKV010000040.1,msrE,-,3874,5349,ISCR-orf513,281_ISCR-orf513_KJ186154.1,11052,9820,4471
GCA_048990695.1,JBEMKV010000040.1,msrE,-,3874,5349,tnpAcp1,554_tnpAcp1_FJ187822.1,9484,8747,3398
GCA_048990695.1,JBEMKV010000040.1,armA,-,7648,8421,tnpA,483_tnpA_HE577623.1,7039,5714,609
GCA_048990695.1,JBEMKV010000040.1,armA,-,7648,8421,ISCR-orf513,281_ISCR-orf513_KJ186154.1,11052,9820,1399
GCA_048990695.1,JBEMKV010000040.1,armA,-,7648,8421,IS91,325_IS91_LYDO01000032.1,11361,10558,2137
GCA_048990695.1,JBEMKV010000040.1,armA,-,7648,8421,tnpAcp1,554_tnpAcp1_FJ187822.1,9484,8747,326
GCA_048990695.1,JBEMKV010000040.1,armA,-,7648,8421,qacEdelta,267_qacEdelta_HM138673.1,12946,12599,4178
GCA_048990695.1,JBEMKV010000040.1,sul1,-,11766,12605,tnpA,483_tnpA_HE577623.1,7039,5714,4727
GCA_048990695.1,JBEMKV010000040.1,sul1,-,11766,12605,ISCR-orf513,281_ISCR-orf513_KJ186154.1,11052,9820,714
GCA_048990695.1,JBEMKV010000040.1,sul1,-,11766,12605,IS91,325_IS91_LYDO01000032.1,11361,10558,405
GCA_048990695.1,JBEMKV010000040.1,sul1,-,11766,12605,tnpAcp1,554_tnpAcp1_FJ187822.1,9484,8747,2282
GCA_048990695.1,JBEMKV010000040.1,sul1,-,11766,12605,intI1,1060_intI1_KX029331.1,15903,15508,2903
GCA_048990695.1,JBEMKV010000040.1,sul1,-,11766,12605,qacEdelta,267_qacEdelta_HM138673.1,12946,12599,0
GCA_048990695.1,JBEMKV010000040.1,catB8,-,13959,14591,ISCR-orf513,281_ISCR-orf513_KJ186154.1,11052,9820,2907
GCA_048990695.1,JBEMKV010000040.1,catB8,-,13959,14591,IS91,325_IS91_LYDO01000032.1,11361,10558,2598
GCA_048990695.1,JBEMKV010000040.1,catB8,-,13959,14591,tnpAcp1,554_tnpAcp1_FJ187822.1,9484,8747,4475
GCA_048990695.1,JBEMKV010000040.1,catB8,-,13959,14591,intI1,1060_intI1_KX029331.1,15903,15508,917
GCA_048990695.1,JBEMKV010000040.1,catB8,-,13959,14591,qacEdelta,267_qacEdelta_HM138673.1,12946,12599,1013
GCA_048990695.1,JBEMKV010000040.1,AAC(6')-Ib7,-,14684,15488,ISCR-orf513,281_ISCR-orf513_KJ186154.1,11052,9820,3632
GCA_048990695.1,JBEMKV010000040.1,AAC(6')-Ib7,-,14684,15488,IS91,325_IS91_LYDO01000032.1,11361,10558,3323
GCA_048990695.1,JBEMKV010000040.1,AAC(6')-Ib7,-,14684,15488,intI1,1060_intI1_KX029331.1,15903,15508,20
GCA_048990695.1,JBEMKV010000040.1,AAC(6')-Ib7,-,14684,15488,qacEdelta,267_qacEdelta_HM138673.1,12946,12599,1738
GCA_048990695.1,JBEMKV010000055.1,TEM-12,-,17,877,tnpA,1098_tnpA_KX756453.1,1574,1060,183
GCA_048990805.1,JBEMKS010000009.1,adeG,-,59794,61014,qacEdelta,2277_qacEdelta_CT025799.2,65881,65552,4538
GCA_048990805.1,JBEMKS010000009.1,abeS,-,65552,65881,qacEdelta,2277_qacEdelta_CT025799.2,65881,65552,0
GCA_048990805.1,JBEMKS010000009.1,armA,+,162282,163055,tnpA,483_tnpA_HE577623.1,163664,164989,609
GCA_048990805.1,JBEMKS010000009.1,armA,+,162282,163055,tnpAcp1,554_tnpAcp1_FJ187822.1,161313,161956,326
GCA_048990805.1,JBEMKS010000009.1,msrE,+,165354,166829,tnpA,483_tnpA_HE577623.1,163664,164989,365
GCA_048990805.1,JBEMKS010000009.1,msrE,+,165354,166829,tnpAcp1,554_tnpAcp1_FJ187822.1,161313,161956,3398
GCA_048990805.1,JBEMKS010000009.1,mphE,+,166885,167769,tnpA,483_tnpA_HE577623.1,163664,164989,1896
GCA_048990805.1,JBEMKS010000009.1,mphE,+,166885,167769,tnpAcp1,554_tnpAcp1_FJ187822.1,161313,161956,4929
GCA_048990805.1,JBEMKS010000020.1,tet(B),-,2314,3513,IS91,270_IS91_MOFF01000153.1,6025,4935,1422
GCA_048990805.1,JBEMKS010000020.1,tet(B),-,2314,3513,IS91,294_IS91_MOFA01000112.1,6163,5649,2136
GCA_048990805.1,JBEMKS010000020.1,tet(B),-,2314,3513,IS91,327_IS91_LRKR01000133.1,5110,4838,1325
GCA_048990805.1,JBEMKS010000020.1,tet(B),-,2314,3513,IS91,406_IS91_CP018710.1,6331,6143,2630
GCA_048990805.1,JBEMKS010000020.1,APH(6)-Id,-,6886,7722,IS91,270_IS91_MOFF01000153.1,6025,4935,861
GCA_048990805.1,JBEMKS010000020.1,APH(6)-Id,-,6886,7722,IS91,294_IS91_MOFA01000112.1,6163,5649,723
GCA_048990805.1,JBEMKS010000020.1,APH(6)-Id,-,6886,7722,IS91,327_IS91_LRKR01000133.1,5110,4838,1776
GCA_048990805.1,JBEMKS010000020.1,APH(6)-Id,-,6886,7722,IS91,406_IS91_CP018710.1,6331,6143,555
GCA_048990805.1,JBEMKS010000020.1,APH(3'')-Ib,-,7722,8525,IS91,270_IS91_MOFF01000153.1,6025,4935,1697
GCA_048990805.1,JBEMKS010000020.1,APH(3'')-Ib,-,7722,8525,IS91,294_IS91_MOFA01000112.1,6163,5649,1559
GCA_048990805.1,JBEMKS010000020.1,APH(3'')-Ib,-,7722,8525,IS91,327_IS91_LRKR01000133.1,5110,4838,2612
GCA_048990805.1,JBEMKS010000020.1,APH(3'')-Ib,-,7722,8525,IS91,406_IS91_CP018710.1,6331,6143,1391
GCA_048990995.1,JBEMKO010000010.1,abeS,+,73236,73565,qacEdelta,2277_qacEdelta_CT025799.2,73236,73565,0
GCA_048990995.1,JBEMKO010000010.1,adeG,+,78103,79323,qacEdelta,2277_qacEdelta_CT025799.2,73236,73565,4538
GCA_048990995.1,JBEMKO010000044.1,APH(3')-VI,+,7573,8352,tnpA,280_tnpA_JF714412.2,8519,9529,167
GCA_048990995.1,JBEMKO010000044.1,APH(3')-VI,+,7573,8352,tnpA,1000_tnpA_JQ364968.1,6589,7467,106
GCA_048990995.1,JBEMKO010000044.1,APH(3')-VI,+,7573,8352,IS91,426_IS91_CP001921.1,6323,6640,933
GCA_048990995.1,JBEMKO010000044.1,NDM-1,+,9630,10442,tnpA,280_tnpA_JF714412.2,8519,9529,101
GCA_048990995.1,JBEMKO010000044.1,NDM-1,+,9630,10442,tnpA,1000_tnpA_JQ364968.1,6589,7467,2163
GCA_048990995.1,JBEMKO010000044.1,NDM-1,+,9630,10442,IS91,426_IS91_CP001921.1,6323,6640,2990
GCA_048990995.1,JBEMKO010000044.1,determinant_of_bleomycin_resistance,+,10446,10811,tnpA,280_tnpA_JF714412.2,8519,9529,917
GCA_048990995.1,JBEMKO010000044.1,determinant_of_bleomycin_resistance,+,10446,10811,tnpA,1000_tnpA_JQ364968.1,6589,7467,2979
GCA_048990995.1,JBEMKO010000044.1,determinant_of_bleomycin_resistance,+,10446,10811,IS91,426_IS91_CP001921.1,6323,6640,3806
GCA_048992435.1,JBEMJD010000004.1,mphE,-,4278,5162,tnpA,483_tnpA_HE577623.1,8383,7058,1896
GCA_048992435.1,JBEMJD010000004.1,mphE,-,4278,5162,tnpAcp1,554_tnpAcp1_FJ187822.1,10734,10091,4929
GCA_048992435.1,JBEMJD010000004.1,msrE,-,5218,6693,tnpA,483_tnpA_HE577623.1,8383,7058,365
GCA_048992435.1,JBEMJD010000004.1,msrE,-,5218,6693,tnpAcp1,554_tnpAcp1_FJ187822.1,10734,10091,3398
GCA_048992435.1,JBEMJD010000004.1,armA,-,8992,9765,tnpA,483_tnpA_HE577623.1,8383,7058,609
GCA_048992435.1,JBEMJD010000004.1,armA,-,8992,9765,tnpAcp1,554_tnpAcp1_FJ187822.1,10734,10091,326
GCA_048992435.1,JBEMJD010000004.1,abeS,+,106166,106495,qacEdelta,2277_qacEdelta_CT025799.2,106166,106495,0
GCA_048992435.1,JBEMJD010000004.1,adeG,+,111033,112253,qacEdelta,2277_qacEdelta_CT025799.2,106166,106495,4538
GCA_048992435.1,JBEMJD010000021.1,APH(3'')-Ib,+,59276,60079,IS91,270_IS91_MOFF01000153.1,61776,62866,1697
GCA_048992435.1,JBEMJD010000021.1,APH(3'')-Ib,+,59276,60079,IS91,294_IS91_MOFA01000112.1,61638,62152,1559
GCA_048992435.1,JBEMJD010000021.1,APH(3'')-Ib,+,59276,60079,IS91,327_IS91_LRKR01000133.1,62691,62963,2612
GCA_048992435.1,JBEMJD010000021.1,APH(3'')-Ib,+,59276,60079,IS91,406_IS91_CP018710.1,61470,61658,1391
GCA_048992435.1,JBEMJD010000021.1,APH(6)-Id,+,60079,60915,IS91,270_IS91_MOFF01000153.1,61776,62866,861
GCA_048992435.1,JBEMJD010000021.1,APH(6)-Id,+,60079,60915,IS91,294_IS91_MOFA01000112.1,61638,62152,723
GCA_048992435.1,JBEMJD010000021.1,APH(6)-Id,+,60079,60915,IS91,327_IS91_LRKR01000133.1,62691,62963,1776
GCA_048992435.1,JBEMJD010000021.1,APH(6)-Id,+,60079,60915,IS91,406_IS91_CP018710.1,61470,61658,555
GCA_048992435.1,JBEMJD010000021.1,tet(B),+,64288,65487,IS91,270_IS91_MOFF01000153.1,61776,62866,1422
GCA_048992435.1,JBEMJD010000021.1,tet(B),+,64288,65487,IS91,294_IS91_MOFA01000112.1,61638,62152,2136
GCA_048992435.1,JBEMJD010000021.1,tet(B),+,64288,65487,IS91,327_IS91_LRKR01000133.1,62691,62963,1325
GCA_048992435.1,JBEMJD010000021.1,tet(B),+,64288,65487,IS91,406_IS91_CP018710.1,61470,61658,2630
GCA_048992435.1,JBEMJD010000063.1,TEM-12,-,17,877,tnpA,1098_tnpA_KX756453.1,1574,1060,183
GCA_048992715.1,JBEMIV010000007.1,abeS,+,96223,96552,qacEdelta,2277_qacEdelta_CT025799.2,96223,96552,0
GCA_048992715.1,JBEMIV010000007.1,adeG,+,101090,102310,qacEdelta,2277_qacEdelta_CT025799.2,96223,96552,4538
GCA_048992715.1,JBEMIV010000017.1,APH(3'')-Ib,+,59276,60079,IS91,270_IS91_MOFF01000153.1,61776,62866,1697
GCA_048992715.1,JBEMIV010000017.1,APH(3'')-Ib,+,59276,60079,IS91,294_IS91_MOFA01000112.1,61638,62152,1559
GCA_048992715.1,JBEMIV010000017.1,APH(3'')-Ib,+,59276,60079,IS91,327_IS91_LRKR01000133.1,62691,62963,2612
GCA_048992715.1,JBEMIV010000017.1,APH(3'')-Ib,+,59276,60079,IS91,406_IS91_CP018710.1,61470,61658,1391
GCA_048992715.1,JBEMIV010000017.1,APH(6)-Id,+,60079,60915,IS91,270_IS91_MOFF01000153.1,61776,62866,861
GCA_048992715.1,JBEMIV010000017.1,APH(6)-Id,+,60079,60915,IS91,294_IS91_MOFA01000112.1,61638,62152,723
GCA_048992715.1,JBEMIV010000017.1,APH(6)-Id,+,60079,60915,IS91,327_IS91_LRKR01000133.1,62691,62963,1776
GCA_048992715.1,JBEMIV010000017.1,APH(6)-Id,+,60079,60915,IS91,406_IS91_CP018710.1,61470,61658,555
GCA_048992715.1,JBEMIV010000017.1,tet(B),+,64288,65487,IS91,270_IS91_MOFF01000153.1,61776,62866,1422
GCA_048992715.1,JBEMIV010000017.1,tet(B),+,64288,65487,IS91,294_IS91_MOFA01000112.1,61638,62152,2136
GCA_048992715.1,JBEMIV010000017.1,tet(B),+,64288,65487,IS91,327_IS91_LRKR01000133.1,62691,62963,1325
GCA_048992715.1,JBEMIV010000017.1,tet(B),+,64288,65487,IS91,406_IS91_CP018710.1,61470,61658,2630
GCA_048992715.1,JBEMIV010000031.1,mphE,-,4212,5096,tnpA,483_tnpA_HE577623.1,8317,6992,1896
GCA_048992715.1,JBEMIV010000031.1,mphE,-,4212,5096,tnpAcp1,554_tnpAcp1_FJ187822.1,10762,10025,4929
GCA_048992715.1,JBEMIV010000031.1,msrE,-,5152,6627,tnpA,483_tnpA_HE577623.1,8317,6992,365
GCA_048992715.1,JBEMIV010000031.1,msrE,-,5152,6627,ISCR-orf513,281_ISCR-orf513_KJ186154.1,12330,11098,4471
GCA_048992715.1,JBEMIV010000031.1,msrE,-,5152,6627,tnpAcp1,554_tnpAcp1_FJ187822.1,10762,10025,3398
GCA_048992715.1,JBEMIV010000031.1,armA,-,8926,9699,tnpA,483_tnpA_HE577623.1,8317,6992,609
GCA_048992715.1,JBEMIV010000031.1,armA,-,8926,9699,ISCR-orf513,281_ISCR-orf513_KJ186154.1,12330,11098,1399
GCA_048992715.1,JBEMIV010000031.1,armA,-,8926,9699,IS91,325_IS91_LYDO01000032.1,12639,11836,2137
GCA_048992715.1,JBEMIV010000031.1,armA,-,8926,9699,tnpAcp1,554_tnpAcp1_FJ187822.1,10762,10025,326
GCA_048992715.1,JBEMIV010000031.1,armA,-,8926,9699,qacEdelta,267_qacEdelta_HM138673.1,14224,13877,4178
GCA_048992715.1,JBEMIV010000031.1,sul1,-,13044,13883,tnpA,483_tnpA_HE577623.1,8317,6992,4727
GCA_048992715.1,JBEMIV010000031.1,sul1,-,13044,13883,ISCR-orf513,281_ISCR-orf513_KJ186154.1,12330,11098,714
GCA_048992715.1,JBEMIV010000031.1,sul1,-,13044,13883,IS91,325_IS91_LYDO01000032.1,12639,11836,405
GCA_048992715.1,JBEMIV010000031.1,sul1,-,13044,13883,tnpAcp1,554_tnpAcp1_FJ187822.1,10762,10025,2282
GCA_048992715.1,JBEMIV010000031.1,sul1,-,13044,13883,intI1,1060_intI1_KX029331.1,17181,16786,2903
GCA_048992715.1,JBEMIV010000031.1,sul1,-,13044,13883,qacEdelta,267_qacEdelta_HM138673.1,14224,13877,0
GCA_048992715.1,JBEMIV010000031.1,catB8,-,15237,15869,ISCR-orf513,281_ISCR-orf513_KJ186154.1,12330,11098,2907
GCA_048992715.1,JBEMIV010000031.1,catB8,-,15237,15869,IS91,325_IS91_LYDO01000032.1,12639,11836,2598
GCA_048992715.1,JBEMIV010000031.1,catB8,-,15237,15869,tnpAcp1,554_tnpAcp1_FJ187822.1,10762,10025,4475
GCA_048992715.1,JBEMIV010000031.1,catB8,-,15237,15869,intI1,1060_intI1_KX029331.1,17181,16786,917
GCA_048992715.1,JBEMIV010000031.1,catB8,-,15237,15869,qacEdelta,267_qacEdelta_HM138673.1,14224,13877,1013
GCA_048992715.1,JBEMIV010000031.1,AAC(6')-Ib7,-,15962,16766,ISCR-orf513,281_ISCR-orf513_KJ186154.1,12330,11098,3632
GCA_048992715.1,JBEMIV010000031.1,AAC(6')-Ib7,-,15962,16766,IS91,325_IS91_LYDO01000032.1,12639,11836,3323
GCA_048992715.1,JBEMIV010000031.1,AAC(6')-Ib7,-,15962,16766,intI1,1060_intI1_KX029331.1,17181,16786,20
GCA_048992715.1,JBEMIV010000031.1,AAC(6')-Ib7,-,15962,16766,qacEdelta,267_qacEdelta_HM138673.1,14224,13877,1738
GCA_048994195.1,JBEMHK010000008.1,adeG,-,72475,73695,qacEdelta,2277_qacEdelta_CT025799.2,78562,78233,4538
GCA_048994195.1,JBEMHK010000008.1,abeS,-,78233,78562,qacEdelta,2277_qacEdelta_CT025799.2,78562,78233,0
GCA_048994195.1,JBEMHK010000033.1,armA,+,1335,2108,tnpA,483_tnpA_HE577623.1,2717,4042,609
GCA_048994195.1,JBEMHK010000033.1,armA,+,1335,2108,tnpAcp1,554_tnpAcp1_FJ187822.1,272,1009,326
GCA_048994195.1,JBEMHK010000033.1,msrE,+,4407,5882,tnpA,483_tnpA_HE577623.1,2717,4042,365
GCA_048994195.1,JBEMHK010000033.1,msrE,+,4407,5882,tnpAcp1,554_tnpAcp1_FJ187822.1,272,1009,3398
GCA_048994195.1,JBEMHK010000033.1,mphE,+,5938,6822,tnpA,483_tnpA_HE577623.1,2717,4042,1896
GCA_048994195.1,JBEMHK010000033.1,mphE,+,5938,6822,tnpAcp1,554_tnpAcp1_FJ187822.1,272,1009,4929
GCA_048994195.1,JBEMHK010000047.1,sul1,-,25,864,qacEdelta,267_qacEdelta_HM138673.1,1205,858,0
GCA_048994195.1,JBEMHK010000050.1,TEM-12,+,775,1635,tnpA,1098_tnpA_KX756453.1,73,592,183
GCA_048994375.1,JBEMHG010000006.1,msrE,-,921,2396,tnpA,483_tnpA_HE577623.1,4086,2761,365
GCA_048994375.1,JBEMHG010000006.1,msrE,-,921,2396,tnpAcp1,554_tnpAcp1_FJ187822.1,6437,5794,3398
GCA_048994375.1,JBEMHG010000006.1,armA,-,4695,5468,tnpA,483_tnpA_HE577623.1,4086,2761,609
GCA_048994375.1,JBEMHG010000006.1,armA,-,4695,5468,tnpAcp1,554_tnpAcp1_FJ187822.1,6437,5794,326
GCA_048994375.1,JBEMHG010000006.1,abeS,+,101869,102198,qacEdelta,2277_qacEdelta_CT025799.2,101869,102198,0
GCA_048994375.1,JBEMHG010000006.1,adeG,+,106736,107956,qacEdelta,2277_qacEdelta_CT025799.2,101869,102198,4538
GCA_048994375.1,JBEMHG010000024.1,tet(B),-,2357,3556,IS91,270_IS91_MOFF01000153.1,6068,4978,1422
GCA_048994375.1,JBEMHG010000024.1,tet(B),-,2357,3556,IS91,294_IS91_MOFA01000112.1,6206,5692,2136
GCA_048994375.1,JBEMHG010000024.1,tet(B),-,2357,3556,IS91,327_IS91_LRKR01000133.1,5153,4881,1325
GCA_048994375.1,JBEMHG010000024.1,tet(B),-,2357,3556,IS91,406_IS91_CP018710.1,6374,6186,2630
GCA_048994375.1,JBEMHG010000024.1,APH(6)-Id,-,6929,7765,IS91,270_IS91_MOFF01000153.1,6068,4978,861
GCA_048994375.1,JBEMHG010000024.1,APH(6)-Id,-,6929,7765,IS91,294_IS91_MOFA01000112.1,6206,5692,723
GCA_048994375.1,JBEMHG010000024.1,APH(6)-Id,-,6929,7765,IS91,327_IS91_LRKR01000133.1,5153,4881,1776
GCA_048994375.1,JBEMHG010000024.1,APH(6)-Id,-,6929,7765,IS91,406_IS91_CP018710.1,6374,6186,555
GCA_048994375.1,JBEMHG010000024.1,APH(3'')-Ib,-,7765,8568,IS91,270_IS91_MOFF01000153.1,6068,4978,1697
GCA_048994375.1,JBEMHG010000024.1,APH(3'')-Ib,-,7765,8568,IS91,294_IS91_MOFA01000112.1,6206,5692,1559
GCA_048994375.1,JBEMHG010000024.1,APH(3'')-Ib,-,7765,8568,IS91,327_IS91_LRKR01000133.1,5153,4881,2612
GCA_048994375.1,JBEMHG010000024.1,APH(3'')-Ib,-,7765,8568,IS91,406_IS91_CP018710.1,6374,6186,1391
GCA_048994375.1,JBEMHG010000048.1,TEM-12,-,17,877,tnpA,1098_tnpA_KX756453.1,1574,1060,183
GCA_048994775.1,JBEMGX010000001.1,adeG,-,109822,111042,qacEdelta,2277_qacEdelta_CT025799.2,115910,115581,4539
GCA_048994775.1,JBEMGX010000001.1,abeS,-,115581,115910,qacEdelta,2277_qacEdelta_CT025799.2,115910,115581,0
GCA_048994915.1,JBEMGT010000006.1,adeG,-,72475,73695,qacEdelta,2277_qacEdelta_CT025799.2,78562,78233,4538
GCA_048994915.1,JBEMGT010000006.1,abeS,-,78233,78562,qacEdelta,2277_qacEdelta_CT025799.2,78562,78233,0
GCA_048994915.1,JBEMGT010000006.1,armA,+,174952,175725,tnpA,483_tnpA_HE577623.1,176334,177659,609
GCA_048994915.1,JBEMGT010000006.1,armA,+,174952,175725,tnpAcp1,554_tnpAcp1_FJ187822.1,173983,174626,326
GCA_048994915.1,JBEMGT010000006.1,msrE,+,178024,179499,tnpA,483_tnpA_HE577623.1,176334,177659,365
GCA_048994915.1,JBEMGT010000006.1,msrE,+,178024,179499,tnpAcp1,554_tnpAcp1_FJ187822.1,173983,174626,3398
GCA_048994915.1,JBEMGT010000006.1,mphE,+,179555,180439,tnpA,483_tnpA_HE577623.1,176334,177659,1896
GCA_048994915.1,JBEMGT010000006.1,mphE,+,179555,180439,tnpAcp1,554_tnpAcp1_FJ187822.1,173983,174626,4929
GCA_048994915.1,JBEMGT010000022.1,APH(3'')-Ib,+,59276,60079,IS91,270_IS91_MOFF01000153.1,61776,62866,1697
GCA_048994915.1,JBEMGT010000022.1,APH(3'')-Ib,+,59276,60079,IS91,294_IS91_MOFA01000112.1,61638,62152,1559
GCA_048994915.1,JBEMGT010000022.1,APH(3'')-Ib,+,59276,60079,IS91,327_IS91_LRKR01000133.1,62691,62963,2612
GCA_048994915.1,JBEMGT010000022.1,APH(3'')-Ib,+,59276,60079,IS91,406_IS91_CP018710.1,61470,61658,1391
GCA_048994915.1,JBEMGT010000022.1,APH(6)-Id,+,60079,60915,IS91,270_IS91_MOFF01000153.1,61776,62866,861
GCA_048994915.1,JBEMGT010000022.1,APH(6)-Id,+,60079,60915,IS91,294_IS91_MOFA01000112.1,61638,62152,723
GCA_048994915.1,JBEMGT010000022.1,APH(6)-Id,+,60079,60915,IS91,327_IS91_LRKR01000133.1,62691,62963,1776
GCA_048994915.1,JBEMGT010000022.1,APH(6)-Id,+,60079,60915,IS91,406_IS91_CP018710.1,61470,61658,555
GCA_048994915.1,JBEMGT010000022.1,tet(B),+,64288,65487,IS91,270_IS91_MOFF01000153.1,61776,62866,1422
GCA_048994915.1,JBEMGT010000022.1,tet(B),+,64288,65487,IS91,294_IS91_MOFA01000112.1,61638,62152,2136
GCA_048994915.1,JBEMGT010000022.1,tet(B),+,64288,65487,IS91,327_IS91_LRKR01000133.1,62691,62963,1325
GCA_048994915.1,JBEMGT010000022.1,tet(B),+,64288,65487,IS91,406_IS91_CP018710.1,61470,61658,2630
GCA_048994915.1,JBEMGT010000046.1,TEM-12,-,17,877,tnpA,1098_tnpA_KX756453.1,1574,1060,183
GCA_048996015.1,JBEMFQ010000001.1,adeG,-,326867,328084,qacEdelta,2277_qacEdelta_CT025799.2,332951,332622,4538
GCA_048996015.1,JBEMFQ010000001.1,abeS,-,332622,332951,qacEdelta,2277_qacEdelta_CT025799.2,332951,332622,0
GCA_048996335.1,JBEMFK010000012.1,abeS,+,45833,46162,qacEdelta,2277_qacEdelta_CT025799.2,45833,46162,0
GCA_048996335.1,JBEMFK010000012.1,adeG,+,50700,51920,qacEdelta,2277_qacEdelta_CT025799.2,45833,46162,4538
GCA_048996335.1,JBEMFK010000016.1,tet(B),-,40940,42139,IS91,270_IS91_MOFF01000153.1,44651,43561,1422
GCA_048996335.1,JBEMFK010000016.1,tet(B),-,40940,42139,IS91,294_IS91_MOFA01000112.1,44789,44275,2136
GCA_048996335.1,JBEMFK010000016.1,tet(B),-,40940,42139,IS91,327_IS91_LRKR01000133.1,43736,43464,1325
GCA_048996335.1,JBEMFK010000016.1,tet(B),-,40940,42139,IS91,406_IS91_CP018710.1,44957,44769,2630
GCA_048996335.1,JBEMFK010000016.1,APH(6)-Id,-,45512,46348,IS91,270_IS91_MOFF01000153.1,44651,43561,861
GCA_048996335.1,JBEMFK010000016.1,APH(6)-Id,-,45512,46348,IS91,294_IS91_MOFA01000112.1,44789,44275,723
GCA_048996335.1,JBEMFK010000016.1,APH(6)-Id,-,45512,46348,IS91,327_IS91_LRKR01000133.1,43736,43464,1776
GCA_048996335.1,JBEMFK010000016.1,APH(6)-Id,-,45512,46348,IS91,406_IS91_CP018710.1,44957,44769,555
GCA_048996335.1,JBEMFK010000016.1,APH(3'')-Ib,-,46348,47151,IS91,270_IS91_MOFF01000153.1,44651,43561,1697
GCA_048996335.1,JBEMFK010000016.1,APH(3'')-Ib,-,46348,47151,IS91,294_IS91_MOFA01000112.1,44789,44275,1559
GCA_048996335.1,JBEMFK010000016.1,APH(3'')-Ib,-,46348,47151,IS91,327_IS91_LRKR01000133.1,43736,43464,2612
GCA_048996335.1,JBEMFK010000016.1,APH(3'')-Ib,-,46348,47151,IS91,406_IS91_CP018710.1,44957,44769,1391
GCA_048996335.1,JBEMFK010000048.1,sul1,-,1293,2132,intI1,1060_intI1_KX029331.1,6130,5735,3603
GCA_048996335.1,JBEMFK010000048.1,sul1,-,1293,2132,qacEdelta,267_qacEdelta_HM138673.1,2473,2126,0
GCA_048996335.1,JBEMFK010000048.1,sul1,-,1293,2132,intI1,1793_intI1_KU736868.1,6658,6435,4303
GCA_048996335.1,JBEMFK010000048.1,AAC(3)-Ia,-,5010,5474,intI1,1060_intI1_KX029331.1,6130,5735,261
GCA_048996335.1,JBEMFK010000048.1,AAC(3)-Ia,-,5010,5474,qacEdelta,267_qacEdelta_HM138673.1,2473,2126,2537
GCA_048996335.1,JBEMFK010000048.1,AAC(3)-Ia,-,5010,5474,intI1,1793_intI1_KU736868.1,6658,6435,961
GCA_048996335.1,JBEMFK010000068.1,TEM-12,+,698,1558,tnpA,1098_tnpA_KX756453.1,1,515,183
GCA_048996395.1,JBEMFH010000008.1,abeS,+,48626,48955,qacEdelta,2277_qacEdelta_CT025799.2,48626,48955,0
GCA_048996395.1,JBEMFH010000008.1,adeG,+,53493,54713,qacEdelta,2277_qacEdelta_CT025799.2,48626,48955,4538
GCA_048996395.1,JBEMFH010000017.1,APH(3'')-Ib,+,59276,60079,IS91,270_IS91_MOFF01000153.1,61776,62866,1697
GCA_048996395.1,JBEMFH010000017.1,APH(3'')-Ib,+,59276,60079,IS91,294_IS91_MOFA01000112.1,61638,62152,1559
GCA_048996395.1,JBEMFH010000017.1,APH(3'')-Ib,+,59276,60079,IS91,327_IS91_LRKR01000133.1,62691,62963,2612
GCA_048996395.1,JBEMFH010000017.1,APH(3'')-Ib,+,59276,60079,IS91,406_IS91_CP018710.1,61470,61658,1391
GCA_048996395.1,JBEMFH010000017.1,APH(6)-Id,+,60079,60915,IS91,270_IS91_MOFF01000153.1,61776,62866,861
GCA_048996395.1,JBEMFH010000017.1,APH(6)-Id,+,60079,60915,IS91,294_IS91_MOFA01000112.1,61638,62152,723
GCA_048996395.1,JBEMFH010000017.1,APH(6)-Id,+,60079,60915,IS91,327_IS91_LRKR01000133.1,62691,62963,1776
GCA_048996395.1,JBEMFH010000017.1,APH(6)-Id,+,60079,60915,IS91,406_IS91_CP018710.1,61470,61658,555
GCA_048996395.1,JBEMFH010000017.1,tet(B),+,64288,65487,IS91,270_IS91_MOFF01000153.1,61776,62866,1422
GCA_048996395.1,JBEMFH010000017.1,tet(B),+,64288,65487,IS91,294_IS91_MOFA01000112.1,61638,62152,2136
GCA_048996395.1,JBEMFH010000017.1,tet(B),+,64288,65487,IS91,327_IS91_LRKR01000133.1,62691,62963,1325
GCA_048996395.1,JBEMFH010000017.1,tet(B),+,64288,65487,IS91,406_IS91_CP018710.1,61470,61658,2630
GCA_048996395.1,JBEMFH010000040.1,AAC(6')-Ib7,+,805,1609,ISCR-orf513,281_ISCR-orf513_KJ186154.1,5241,6473,3632
GCA_048996395.1,JBEMFH010000040.1,AAC(6')-Ib7,+,805,1609,IS91,325_IS91_LYDO01000032.1,4932,5735,3323
GCA_048996395.1,JBEMFH010000040.1,AAC(6')-Ib7,+,805,1609,intI1,1060_intI1_KX029331.1,390,785,20
GCA_048996395.1,JBEMFH010000040.1,AAC(6')-Ib7,+,805,1609,qacEdelta,267_qacEdelta_HM138673.1,3347,3694,1738
GCA_048996395.1,JBEMFH010000040.1,catB8,+,1702,2334,ISCR-orf513,281_ISCR-orf513_KJ186154.1,5241,6473,2907
GCA_048996395.1,JBEMFH010000040.1,catB8,+,1702,2334,IS91,325_IS91_LYDO01000032.1,4932,5735,2598
GCA_048996395.1,JBEMFH010000040.1,catB8,+,1702,2334,tnpAcp1,554_tnpAcp1_FJ187822.1,6809,7546,4475
GCA_048996395.1,JBEMFH010000040.1,catB8,+,1702,2334,intI1,1060_intI1_KX029331.1,390,785,917
GCA_048996395.1,JBEMFH010000040.1,catB8,+,1702,2334,qacEdelta,267_qacEdelta_HM138673.1,3347,3694,1013
GCA_048996395.1,JBEMFH010000040.1,sul1,+,3688,4527,tnpA,483_tnpA_HE577623.1,9254,10579,4727
GCA_048996395.1,JBEMFH010000040.1,sul1,+,3688,4527,ISCR-orf513,281_ISCR-orf513_KJ186154.1,5241,6473,714
GCA_048996395.1,JBEMFH010000040.1,sul1,+,3688,4527,IS91,325_IS91_LYDO01000032.1,4932,5735,405
GCA_048996395.1,JBEMFH010000040.1,sul1,+,3688,4527,tnpAcp1,554_tnpAcp1_FJ187822.1,6809,7546,2282
GCA_048996395.1,JBEMFH010000040.1,sul1,+,3688,4527,intI1,1060_intI1_KX029331.1,390,785,2903
GCA_048996395.1,JBEMFH010000040.1,sul1,+,3688,4527,qacEdelta,267_qacEdelta_HM138673.1,3347,3694,0
GCA_048996395.1,JBEMFH010000040.1,armA,+,7872,8645,tnpA,483_tnpA_HE577623.1,9254,10579,609
GCA_048996395.1,JBEMFH010000040.1,armA,+,7872,8645,ISCR-orf513,281_ISCR-orf513_KJ186154.1,5241,6473,1399
GCA_048996395.1,JBEMFH010000040.1,armA,+,7872,8645,IS91,325_IS91_LYDO01000032.1,4932,5735,2137
GCA_048996395.1,JBEMFH010000040.1,armA,+,7872,8645,tnpAcp1,554_tnpAcp1_FJ187822.1,6809,7546,326
GCA_048996395.1,JBEMFH010000040.1,armA,+,7872,8645,qacEdelta,267_qacEdelta_HM138673.1,3347,3694,4178
GCA_048996395.1,JBEMFH010000040.1,msrE,+,10944,12419,tnpA,483_tnpA_HE577623.1,9254,10579,365
GCA_048996395.1,JBEMFH010000040.1,msrE,+,10944,12419,ISCR-orf513,281_ISCR-orf513_KJ186154.1,5241,6473,4471
GCA_048996395.1,JBEMFH010000040.1,msrE,+,10944,12419,tnpAcp1,554_tnpAcp1_FJ187822.1,6809,7546,3398
GCA_048996395.1,JBEMFH010000040.1,mphE,+,12475,13359,tnpA,483_tnpA_HE577623.1,9254,10579,1896
GCA_048996395.1,JBEMFH010000040.1,mphE,+,12475,13359,tnpAcp1,554_tnpAcp1_FJ187822.1,6809,7546,4929
GCA_048996395.1,JBEMFH010000051.1,TEM-12,+,698,1558,tnpA,1098_tnpA_KX756453.1,1,515,183
GCA_048996955.1,JBEMES010000021.1,adeG,-,18541,19761,qacEdelta,2277_qacEdelta_CT025799.2,24628,24299,4538
GCA_048996955.1,JBEMES010000021.1,abeS,-,24299,24628,qacEdelta,2277_qacEdelta_CT025799.2,24628,24299,0
GCA_048997075.1,JBEMEQ010000007.1,abeS,+,91616,91945,qacEdelta,2277_qacEdelta_CT025799.2,91616,91945,0
GCA_048997075.1,JBEMEQ010000007.1,adeG,+,96483,97703,qacEdelta,2277_qacEdelta_CT025799.2,91616,91945,4538
GCA_048997075.1,JBEMEQ010000017.1,tet(B),-,43799,44998,IS91,270_IS91_MOFF01000153.1,47510,46420,1422
GCA_048997075.1,JBEMEQ010000017.1,tet(B),-,43799,44998,IS91,294_IS91_MOFA01000112.1,47648,47134,2136
GCA_048997075.1,JBEMEQ010000017.1,tet(B),-,43799,44998,IS91,327_IS91_LRKR01000133.1,46595,46323,1325
GCA_048997075.1,JBEMEQ010000017.1,tet(B),-,43799,44998,IS91,406_IS91_CP018710.1,47816,47628,2630
GCA_048997075.1,JBEMEQ010000017.1,APH(6)-Id,-,48371,49207,IS91,270_IS91_MOFF01000153.1,47510,46420,861
GCA_048997075.1,JBEMEQ010000017.1,APH(6)-Id,-,48371,49207,IS91,294_IS91_MOFA01000112.1,47648,47134,723
GCA_048997075.1,JBEMEQ010000017.1,APH(6)-Id,-,48371,49207,IS91,327_IS91_LRKR01000133.1,46595,46323,1776
GCA_048997075.1,JBEMEQ010000017.1,APH(6)-Id,-,48371,49207,IS91,406_IS91_CP018710.1,47816,47628,555
GCA_048997075.1,JBEMEQ010000017.1,APH(3'')-Ib,-,49207,50010,IS91,270_IS91_MOFF01000153.1,47510,46420,1697
GCA_048997075.1,JBEMEQ010000017.1,APH(3'')-Ib,-,49207,50010,IS91,294_IS91_MOFA01000112.1,47648,47134,1559
GCA_048997075.1,JBEMEQ010000017.1,APH(3'')-Ib,-,49207,50010,IS91,327_IS91_LRKR01000133.1,46595,46323,2612
GCA_048997075.1,JBEMEQ010000017.1,APH(3'')-Ib,-,49207,50010,IS91,406_IS91_CP018710.1,47816,47628,1391
GCA_048997235.1,JBEMEM010000008.1,adeG,-,99452,100672,qacEdelta,2277_qacEdelta_CT025799.2,105539,105210,4538
GCA_048997235.1,JBEMEM010000008.1,abeS,-,105210,105539,qacEdelta,2277_qacEdelta_CT025799.2,105539,105210,0
GCA_048997235.1,JBEMEM010000023.1,APH(3'')-Ib,+,59276,60079,IS91,270_IS91_MOFF01000153.1,61776,62866,1697
GCA_048997235.1,JBEMEM010000023.1,APH(3'')-Ib,+,59276,60079,IS91,294_IS91_MOFA01000112.1,61638,62152,1559
GCA_048997235.1,JBEMEM010000023.1,APH(3'')-Ib,+,59276,60079,IS91,327_IS91_LRKR01000133.1,62691,62963,2612
GCA_048997235.1,JBEMEM010000023.1,APH(3'')-Ib,+,59276,60079,IS91,406_IS91_CP018710.1,61470,61658,1391
GCA_048997235.1,JBEMEM010000023.1,APH(6)-Id,+,60079,60915,IS91,270_IS91_MOFF01000153.1,61776,62866,861
GCA_048997235.1,JBEMEM010000023.1,APH(6)-Id,+,60079,60915,IS91,294_IS91_MOFA01000112.1,61638,62152,723
GCA_048997235.1,JBEMEM010000023.1,APH(6)-Id,+,60079,60915,IS91,327_IS91_LRKR01000133.1,62691,62963,1776
GCA_048997235.1,JBEMEM010000023.1,APH(6)-Id,+,60079,60915,IS91,406_IS91_CP018710.1,61470,61658,555
GCA_048997235.1,JBEMEM010000023.1,tet(B),+,64288,65487,IS91,270_IS91_MOFF01000153.1,61776,62866,1422
GCA_048997235.1,JBEMEM010000023.1,tet(B),+,64288,65487,IS91,294_IS91_MOFA01000112.1,61638,62152,2136
GCA_048997235.1,JBEMEM010000023.1,tet(B),+,64288,65487,IS91,327_IS91_LRKR01000133.1,62691,62963,1325
GCA_048997235.1,JBEMEM010000023.1,tet(B),+,64288,65487,IS91,406_IS91_CP018710.1,61470,61658,2630
GCA_048997355.1,JBEMEI010000007.1,adeG,-,99491,100711,qacEdelta,2277_qacEdelta_CT025799.2,105578,105249,4538
GCA_048997355.1,JBEMEI010000007.1,abeS,-,105249,105578,qacEdelta,2277_qacEdelta_CT025799.2,105578,105249,0
GCA_048997355.1,JBEMEI010000023.1,APH(3'')-Ib,+,59276,60079,IS91,270_IS91_MOFF01000153.1,61776,62866,1697
GCA_048997355.1,JBEMEI010000023.1,APH(3'')-Ib,+,59276,60079,IS91,294_IS91_MOFA01000112.1,61638,62152,1559
GCA_048997355.1,JBEMEI010000023.1,APH(3'')-Ib,+,59276,60079,IS91,327_IS91_LRKR01000133.1,62691,62963,2612
GCA_048997355.1,JBEMEI010000023.1,APH(3'')-Ib,+,59276,60079,IS91,406_IS91_CP018710.1,61470,61658,1391
GCA_048997355.1,JBEMEI010000023.1,APH(6)-Id,+,60079,60915,IS91,270_IS91_MOFF01000153.1,61776,62866,861
GCA_048997355.1,JBEMEI010000023.1,APH(6)-Id,+,60079,60915,IS91,294_IS91_MOFA01000112.1,61638,62152,723
GCA_048997355.1,JBEMEI010000023.1,APH(6)-Id,+,60079,60915,IS91,327_IS91_LRKR01000133.1,62691,62963,1776
GCA_048997355.1,JBEMEI010000023.1,APH(6)-Id,+,60079,60915,IS91,406_IS91_CP018710.1,61470,61658,555
GCA_048997355.1,JBEMEI010000023.1,tet(B),+,64288,65487,IS91,270_IS91_MOFF01000153.1,61776,62866,1422
GCA_048997355.1,JBEMEI010000023.1,tet(B),+,64288,65487,IS91,294_IS91_MOFA01000112.1,61638,62152,2136
GCA_048997355.1,JBEMEI010000023.1,tet(B),+,64288,65487,IS91,327_IS91_LRKR01000133.1,62691,62963,1325
GCA_048997355.1,JBEMEI010000023.1,tet(B),+,64288,65487,IS91,406_IS91_CP018710.1,61470,61658,2630
GCA_048997635.1,JBEMEB010000008.1,adeG,-,72473,73693,qacEdelta,2277_qacEdelta_CT025799.2,78560,78231,4538
GCA_048997635.1,JBEMEB010000008.1,abeS,-,78231,78560,qacEdelta,2277_qacEdelta_CT025799.2,78560,78231,0
GCA_048997635.1,JBEMEB010000020.1,tet(B),-,5944,7143,IS91,270_IS91_MOFF01000153.1,9655,8565,1422
GCA_048997635.1,JBEMEB010000020.1,tet(B),-,5944,7143,IS91,294_IS91_MOFA01000112.1,9793,9279,2136
GCA_048997635.1,JBEMEB010000020.1,tet(B),-,5944,7143,IS91,327_IS91_LRKR01000133.1,8740,8468,1325
GCA_048997635.1,JBEMEB010000020.1,tet(B),-,5944,7143,IS91,406_IS91_CP018710.1,9961,9773,2630
GCA_048997635.1,JBEMEB010000020.1,APH(6)-Id,-,10516,11352,IS91,270_IS91_MOFF01000153.1,9655,8565,861
GCA_048997635.1,JBEMEB010000020.1,APH(6)-Id,-,10516,11352,IS91,294_IS91_MOFA01000112.1,9793,9279,723
GCA_048997635.1,JBEMEB010000020.1,APH(6)-Id,-,10516,11352,IS91,327_IS91_LRKR01000133.1,8740,8468,1776
GCA_048997635.1,JBEMEB010000020.1,APH(6)-Id,-,10516,11352,IS91,406_IS91_CP018710.1,9961,9773,555
GCA_048997635.1,JBEMEB010000020.1,APH(3'')-Ib,-,11352,12155,IS91,270_IS91_MOFF01000153.1,9655,8565,1697
GCA_048997635.1,JBEMEB010000020.1,APH(3'')-Ib,-,11352,12155,IS91,294_IS91_MOFA01000112.1,9793,9279,1559
GCA_048997635.1,JBEMEB010000020.1,APH(3'')-Ib,-,11352,12155,IS91,327_IS91_LRKR01000133.1,8740,8468,2612
GCA_048997635.1,JBEMEB010000020.1,APH(3'')-Ib,-,11352,12155,IS91,406_IS91_CP018710.1,9961,9773,1391
GCA_048997995.1,JBEMDR010000007.1,adeG,-,59794,61014,qacEdelta,2277_qacEdelta_CT025799.2,65881,65552,4538
GCA_048997995.1,JBEMDR010000007.1,abeS,-,65552,65881,qacEdelta,2277_qacEdelta_CT025799.2,65881,65552,0
GCA_048997995.1,JBEMDR010000007.1,armA,+,162281,163054,tnpA,483_tnpA_HE577623.1,163663,164988,609
GCA_048997995.1,JBEMDR010000007.1,armA,+,162281,163054,tnpAcp1,554_tnpAcp1_FJ187822.1,161312,161955,326
GCA_048997995.1,JBEMDR010000007.1,msrE,+,165353,166828,tnpA,483_tnpA_HE577623.1,163663,164988,365
GCA_048997995.1,JBEMDR010000007.1,msrE,+,165353,166828,tnpAcp1,554_tnpAcp1_FJ187822.1,161312,161955,3398
GCA_048997995.1,JBEMDR010000007.1,mphE,+,166884,167768,tnpA,483_tnpA_HE577623.1,163663,164988,1896
GCA_048997995.1,JBEMDR010000007.1,mphE,+,166884,167768,tnpAcp1,554_tnpAcp1_FJ187822.1,161312,161955,4929
GCA_048997995.1,JBEMDR010000020.1,APH(3'')-Ib,+,59276,60079,IS91,270_IS91_MOFF01000153.1,61776,62866,1697
GCA_048997995.1,JBEMDR010000020.1,APH(3'')-Ib,+,59276,60079,IS91,294_IS91_MOFA01000112.1,61638,62152,1559
GCA_048997995.1,JBEMDR010000020.1,APH(3'')-Ib,+,59276,60079,IS91,327_IS91_LRKR01000133.1,62691,62963,2612
GCA_048997995.1,JBEMDR010000020.1,APH(3'')-Ib,+,59276,60079,IS91,406_IS91_CP018710.1,61470,61658,1391
GCA_048997995.1,JBEMDR010000020.1,APH(6)-Id,+,60079,60915,IS91,270_IS91_MOFF01000153.1,61776,62866,861
GCA_048997995.1,JBEMDR010000020.1,APH(6)-Id,+,60079,60915,IS91,294_IS91_MOFA01000112.1,61638,62152,723
GCA_048997995.1,JBEMDR010000020.1,APH(6)-Id,+,60079,60915,IS91,327_IS91_LRKR01000133.1,62691,62963,1776
GCA_048997995.1,JBEMDR010000020.1,APH(6)-Id,+,60079,60915,IS91,406_IS91_CP018710.1,61470,61658,555
GCA_048997995.1,JBEMDR010000020.1,tet(B),+,64288,65487,IS91,270_IS91_MOFF01000153.1,61776,62866,1422
GCA_048997995.1,JBEMDR010000020.1,tet(B),+,64288,65487,IS91,294_IS91_MOFA01000112.1,61638,62152,2136
GCA_048997995.1,JBEMDR010000020.1,tet(B),+,64288,65487,IS91,327_IS91_LRKR01000133.1,62691,62963,1325
GCA_048997995.1,JBEMDR010000020.1,tet(B),+,64288,65487,IS91,406_IS91_CP018710.1,61470,61658,2630
GCA_048997995.1,JBEMDR010000060.1,TEM-12,+,698,1558,tnpA,1098_tnpA_KX756453.1,1,515,183
GCA_048999115.1,JBEMCQ010000001.1,adeF,-,469164,472343,qacEdelta,2277_qacEdelta_CT025799.2,475201,474872,2529
GCA_048999115.1,JBEMCQ010000001.1,adeG,-,472350,473567,qacEdelta,2277_qacEdelta_CT025799.2,475201,474872,1305
GCA_048999115.1,JBEMCQ010000001.1,abeS,-,474872,475201,qacEdelta,2277_qacEdelta_CT025799.2,475201,474872,0
GCA_048999475.1,JBEMCH010000009.1,adeG,-,82829,84049,qacEdelta,2277_qacEdelta_CT025799.2,88916,88587,4538
GCA_048999475.1,JBEMCH010000009.1,abeS,-,88587,88916,qacEdelta,2277_qacEdelta_CT025799.2,88916,88587,0
GCA_048999475.1,JBEMCH010000024.1,tet(B),-,2314,3513,IS91,270_IS91_MOFF01000153.1,6025,4935,1422
GCA_048999475.1,JBEMCH010000024.1,tet(B),-,2314,3513,IS91,294_IS91_MOFA01000112.1,6163,5649,2136
GCA_048999475.1,JBEMCH010000024.1,tet(B),-,2314,3513,IS91,327_IS91_LRKR01000133.1,5110,4838,1325
GCA_048999475.1,JBEMCH010000024.1,tet(B),-,2314,3513,IS91,406_IS91_CP018710.1,6331,6143,2630
GCA_048999475.1,JBEMCH010000024.1,APH(6)-Id,-,6886,7722,IS91,270_IS91_MOFF01000153.1,6025,4935,861
GCA_048999475.1,JBEMCH010000024.1,APH(6)-Id,-,6886,7722,IS91,294_IS91_MOFA01000112.1,6163,5649,723
GCA_048999475.1,JBEMCH010000024.1,APH(6)-Id,-,6886,7722,IS91,327_IS91_LRKR01000133.1,5110,4838,1776
GCA_048999475.1,JBEMCH010000024.1,APH(6)-Id,-,6886,7722,IS91,406_IS91_CP018710.1,6331,6143,555
GCA_048999475.1,JBEMCH010000024.1,APH(3'')-Ib,-,7722,8525,IS91,270_IS91_MOFF01000153.1,6025,4935,1697
GCA_048999475.1,JBEMCH010000024.1,APH(3'')-Ib,-,7722,8525,IS91,294_IS91_MOFA01000112.1,6163,5649,1559
GCA_048999475.1,JBEMCH010000024.1,APH(3'')-Ib,-,7722,8525,IS91,327_IS91_LRKR01000133.1,5110,4838,2612
GCA_048999475.1,JBEMCH010000024.1,APH(3'')-Ib,-,7722,8525,IS91,406_IS91_CP018710.1,6331,6143,1391
GCA_048999475.1,JBEMCH010000029.1,mphE,-,4229,5113,tnpA,483_tnpA_HE577623.1,8334,7009,1896
GCA_048999475.1,JBEMCH010000029.1,mphE,-,4229,5113,tnpAcp1,554_tnpAcp1_FJ187822.1,10685,10042,4929
GCA_048999475.1,JBEMCH010000029.1,msrE,-,5169,6644,tnpA,483_tnpA_HE577623.1,8334,7009,365
GCA_048999475.1,JBEMCH010000029.1,msrE,-,5169,6644,tnpAcp1,554_tnpAcp1_FJ187822.1,10685,10042,3398
GCA_048999475.1,JBEMCH010000029.1,armA,-,8943,9716,tnpA,483_tnpA_HE577623.1,8334,7009,609
GCA_048999475.1,JBEMCH010000029.1,armA,-,8943,9716,tnpAcp1,554_tnpAcp1_FJ187822.1,10685,10042,326
GCA_048999475.1,JBEMCH010000052.1,TEM-12,+,698,1558,tnpA,1098_tnpA_KX756453.1,1,515,183
GCA_049000515.1,JBEMRB010000010.1,abeS,+,81779,82108,qacEdelta,2277_qacEdelta_CT025799.2,81779,82108,0
GCA_049000515.1,JBEMRB010000010.1,adeG,+,86646,87866,qacEdelta,2277_qacEdelta_CT025799.2,81779,82108,4538
GCA_049000635.1,JBEMQY010000021.1,tet(B),-,2314,3513,IS91,270_IS91_MOFF01000153.1,6025,4935,1422
GCA_049000635.1,JBEMQY010000021.1,tet(B),-,2314,3513,IS91,294_IS91_MOFA01000112.1,6163,5649,2136
GCA_049000635.1,JBEMQY010000021.1,tet(B),-,2314,3513,IS91,327_IS91_LRKR01000133.1,5110,4838,1325
GCA_049000635.1,JBEMQY010000021.1,tet(B),-,2314,3513,IS91,406_IS91_CP018710.1,6331,6143,2630
GCA_049000635.1,JBEMQY010000021.1,APH(6)-Id,-,6886,7722,IS91,270_IS91_MOFF01000153.1,6025,4935,861
GCA_049000635.1,JBEMQY010000021.1,APH(6)-Id,-,6886,7722,IS91,294_IS91_MOFA01000112.1,6163,5649,723
GCA_049000635.1,JBEMQY010000021.1,APH(6)-Id,-,6886,7722,IS91,327_IS91_LRKR01000133.1,5110,4838,1776
GCA_049000635.1,JBEMQY010000021.1,APH(6)-Id,-,6886,7722,IS91,406_IS91_CP018710.1,6331,6143,555
GCA_049000635.1,JBEMQY010000021.1,APH(3'')-Ib,-,7722,8525,IS91,270_IS91_MOFF01000153.1,6025,4935,1697
GCA_049000635.1,JBEMQY010000021.1,APH(3'')-Ib,-,7722,8525,IS91,294_IS91_MOFA01000112.1,6163,5649,1559
GCA_049000635.1,JBEMQY010000021.1,APH(3'')-Ib,-,7722,8525,IS91,327_IS91_LRKR01000133.1,5110,4838,2612
GCA_049000635.1,JBEMQY010000021.1,APH(3'')-Ib,-,7722,8525,IS91,406_IS91_CP018710.1,6331,6143,1391
GCA_049000635.1,JBEMQY010000029.1,abeS,+,45374,45703,qacEdelta,2277_qacEdelta_CT025799.2,45374,45703,0
GCA_049000635.1,JBEMQY010000066.1,TEM-12,-,17,877,tnpA,1098_tnpA_KX756453.1,1574,1060,183
GCA_049000695.1,JBEMQW010000006.1,adeG,-,72475,73695,qacEdelta,2277_qacEdelta_CT025799.2,78562,78233,4538
GCA_049000695.1,JBEMQW010000006.1,abeS,-,78233,78562,qacEdelta,2277_qacEdelta_CT025799.2,78562,78233,0
GCA_049000695.1,JBEMQW010000006.1,armA,+,174963,175736,tnpA,483_tnpA_HE577623.1,176345,177670,609
GCA_049000695.1,JBEMQW010000006.1,armA,+,174963,175736,tnpAcp1,554_tnpAcp1_FJ187822.1,173994,174637,326
GCA_049000695.1,JBEMQW010000006.1,msrE,+,178035,179510,tnpA,483_tnpA_HE577623.1,176345,177670,365
GCA_049000695.1,JBEMQW010000006.1,msrE,+,178035,179510,tnpAcp1,554_tnpAcp1_FJ187822.1,173994,174637,3398
GCA_049000695.1,JBEMQW010000006.1,mphE,+,179566,180450,tnpA,483_tnpA_HE577623.1,176345,177670,1896
GCA_049000695.1,JBEMQW010000006.1,mphE,+,179566,180450,tnpAcp1,554_tnpAcp1_FJ187822.1,173994,174637,4929
GCA_049000695.1,JBEMQW010000023.1,APH(3'')-Ib,+,59276,60079,IS91,270_IS91_MOFF01000153.1,61776,62866,1697
GCA_049000695.1,JBEMQW010000023.1,APH(3'')-Ib,+,59276,60079,IS91,294_IS91_MOFA01000112.1,61638,62152,1559
GCA_049000695.1,JBEMQW010000023.1,APH(3'')-Ib,+,59276,60079,IS91,327_IS91_LRKR01000133.1,62691,62963,2612
GCA_049000695.1,JBEMQW010000023.1,APH(3'')-Ib,+,59276,60079,IS91,406_IS91_CP018710.1,61470,61658,1391
GCA_049000695.1,JBEMQW010000023.1,APH(6)-Id,+,60079,60915,IS91,270_IS91_MOFF01000153.1,61776,62866,861
GCA_049000695.1,JBEMQW010000023.1,APH(6)-Id,+,60079,60915,IS91,294_IS91_MOFA01000112.1,61638,62152,723
GCA_049000695.1,JBEMQW010000023.1,APH(6)-Id,+,60079,60915,IS91,327_IS91_LRKR01000133.1,62691,62963,1776
GCA_049000695.1,JBEMQW010000023.1,APH(6)-Id,+,60079,60915,IS91,406_IS91_CP018710.1,61470,61658,555
GCA_049000695.1,JBEMQW010000023.1,tet(B),+,64288,65487,IS91,270_IS91_MOFF01000153.1,61776,62866,1422
GCA_049000695.1,JBEMQW010000023.1,tet(B),+,64288,65487,IS91,294_IS91_MOFA01000112.1,61638,62152,2136
GCA_049000695.1,JBEMQW010000023.1,tet(B),+,64288,65487,IS91,327_IS91_LRKR01000133.1,62691,62963,1325
GCA_049000695.1,JBEMQW010000023.1,tet(B),+,64288,65487,IS91,406_IS91_CP018710.1,61470,61658,2630
GCA_049000695.1,JBEMQW010000050.1,TEM-12,+,698,1558,tnpA,1098_tnpA_KX756453.1,1,515,183
GCA_049002715.1,ABYKEQ010000008.1,adeG,-,64943,66163,qacEdelta,2277_qacEdelta_CT025799.2,71030,70701,4538
GCA_049002715.1,ABYKEQ010000008.1,abeS,-,70701,71030,qacEdelta,2277_qacEdelta_CT025799.2,71030,70701,0
GCA_049002715.1,ABYKEQ010000016.1,APH(3'')-Ib,+,59198,60001,IS91,270_IS91_MOFF01000153.1,61698,62788,1697
GCA_049002715.1,ABYKEQ010000016.1,APH(3'')-Ib,+,59198,60001,IS91,294_IS91_MOFA01000112.1,61560,62074,1559
GCA_049002715.1,ABYKEQ010000016.1,APH(3'')-Ib,+,59198,60001,IS91,327_IS91_LRKR01000133.1,62613,62885,2612
GCA_049002715.1,ABYKEQ010000016.1,APH(3'')-Ib,+,59198,60001,IS91,406_IS91_CP018710.1,61392,61580,1391
GCA_049002715.1,ABYKEQ010000016.1,APH(6)-Id,+,60001,60837,IS91,270_IS91_MOFF01000153.1,61698,62788,861
GCA_049002715.1,ABYKEQ010000016.1,APH(6)-Id,+,60001,60837,IS91,294_IS91_MOFA01000112.1,61560,62074,723
GCA_049002715.1,ABYKEQ010000016.1,APH(6)-Id,+,60001,60837,IS91,327_IS91_LRKR01000133.1,62613,62885,1776
GCA_049002715.1,ABYKEQ010000016.1,APH(6)-Id,+,60001,60837,IS91,406_IS91_CP018710.1,61392,61580,555
GCA_049002715.1,ABYKEQ010000016.1,tet(B),+,64210,65415,IS91,270_IS91_MOFF01000153.1,61698,62788,1422
GCA_049002715.1,ABYKEQ010000016.1,tet(B),+,64210,65415,IS91,294_IS91_MOFA01000112.1,61560,62074,2136
GCA_049002715.1,ABYKEQ010000016.1,tet(B),+,64210,65415,IS91,327_IS91_LRKR01000133.1,62613,62885,1325
GCA_049002715.1,ABYKEQ010000016.1,tet(B),+,64210,65415,IS91,406_IS91_CP018710.1,61392,61580,2630
GCA_049002715.1,ABYKEQ010000092.1,abeS,+,18692,19021,qacEdelta,2277_qacEdelta_CT025799.2,18692,19021,0
GCA_049002715.1,ABYKEQ010000092.1,adeG,+,23559,24779,qacEdelta,2277_qacEdelta_CT025799.2,18692,19021,4538
GCA_049002715.1,ABYKEQ010000097.1,APH(3'')-Ib,+,1249,2052,IS91,270_IS91_MOFF01000153.1,3749,4839,1697
GCA_049002715.1,ABYKEQ010000097.1,APH(3'')-Ib,+,1249,2052,IS91,294_IS91_MOFA01000112.1,3611,4125,1559
GCA_049002715.1,ABYKEQ010000097.1,APH(3'')-Ib,+,1249,2052,IS91,327_IS91_LRKR01000133.1,4664,4936,2612
GCA_049002715.1,ABYKEQ010000097.1,APH(3'')-Ib,+,1249,2052,IS91,406_IS91_CP018710.1,3443,3631,1391
GCA_049002715.1,ABYKEQ010000097.1,APH(6)-Id,+,2052,2888,IS91,270_IS91_MOFF01000153.1,3749,4839,861
GCA_049002715.1,ABYKEQ010000097.1,APH(6)-Id,+,2052,2888,IS91,294_IS91_MOFA01000112.1,3611,4125,723
GCA_049002715.1,ABYKEQ010000097.1,APH(6)-Id,+,2052,2888,IS91,327_IS91_LRKR01000133.1,4664,4936,1776
GCA_049002715.1,ABYKEQ010000097.1,APH(6)-Id,+,2052,2888,IS91,406_IS91_CP018710.1,3443,3631,555
GCA_049002975.1,JBEMOQ010000008.1,abeS,+,41024,41353,qacEdelta,2277_qacEdelta_CT025799.2,41024,41353,0
GCA_049002975.1,JBEMOQ010000008.1,adeG,+,45891,47108,qacEdelta,2277_qacEdelta_CT025799.2,41024,41353,4538
GCA_049009025.1,JBENCA010000008.1,adeG,-,72475,73695,qacEdelta,2277_qacEdelta_CT025799.2,78562,78233,4538
GCA_049009025.1,JBENCA010000008.1,abeS,-,78233,78562,qacEdelta,2277_qacEdelta_CT025799.2,78562,78233,0
GCA_049009025.1,JBENCA010000008.1,armA,+,174963,175736,tnpA,483_tnpA_HE577623.1,176345,177670,609
GCA_049009025.1,JBENCA010000008.1,armA,+,174963,175736,tnpAcp1,554_tnpAcp1_FJ187822.1,173994,174637,326
GCA_049009025.1,JBENCA010000008.1,msrE,+,178035,179510,tnpA,483_tnpA_HE577623.1,176345,177670,365
GCA_049009025.1,JBENCA010000008.1,msrE,+,178035,179510,tnpAcp1,554_tnpAcp1_FJ187822.1,173994,174637,3398
GCA_049009025.1,JBENCA010000021.1,tet(B),-,2357,3556,IS91,270_IS91_MOFF01000153.1,6068,4978,1422
GCA_049009025.1,JBENCA010000021.1,tet(B),-,2357,3556,IS91,294_IS91_MOFA01000112.1,6206,5692,2136
GCA_049009025.1,JBENCA010000021.1,tet(B),-,2357,3556,IS91,327_IS91_LRKR01000133.1,5153,4881,1325
GCA_049009025.1,JBENCA010000021.1,tet(B),-,2357,3556,IS91,406_IS91_CP018710.1,6374,6186,2630
GCA_049009025.1,JBENCA010000021.1,APH(6)-Id,-,6929,7765,IS91,270_IS91_MOFF01000153.1,6068,4978,861
GCA_049009025.1,JBENCA010000021.1,APH(6)-Id,-,6929,7765,IS91,294_IS91_MOFA01000112.1,6206,5692,723
GCA_049009025.1,JBENCA010000021.1,APH(6)-Id,-,6929,7765,IS91,327_IS91_LRKR01000133.1,5153,4881,1776
GCA_049009025.1,JBENCA010000021.1,APH(6)-Id,-,6929,7765,IS91,406_IS91_CP018710.1,6374,6186,555
GCA_049009025.1,JBENCA010000021.1,APH(3'')-Ib,-,7765,8568,IS91,270_IS91_MOFF01000153.1,6068,4978,1697
GCA_049009025.1,JBENCA010000021.1,APH(3'')-Ib,-,7765,8568,IS91,294_IS91_MOFA01000112.1,6206,5692,1559
GCA_049009025.1,JBENCA010000021.1,APH(3'')-Ib,-,7765,8568,IS91,327_IS91_LRKR01000133.1,5153,4881,2612
GCA_049009025.1,JBENCA010000021.1,APH(3'')-Ib,-,7765,8568,IS91,406_IS91_CP018710.1,6374,6186,1391
GCA_049009025.1,JBENCA010000050.1,TEM-12,+,698,1558,tnpA,1098_tnpA_KX756453.1,1,515,183
GCA_049009085.1,JBENBZ010000001.1,abeS,+,94261,94590,qacEdelta,2277_qacEdelta_CT025799.2,94261,94590,0
GCA_049009085.1,JBENBZ010000001.1,adeG,+,99128,100345,qacEdelta,2277_qacEdelta_CT025799.2,94261,94590,4538
GCA_049009305.1,JBENBT010000009.1,abeS,+,45833,46162,qacEdelta,2277_qacEdelta_CT025799.2,45833,46162,0
GCA_049009305.1,JBENBT010000009.1,adeG,+,50700,51920,qacEdelta,2277_qacEdelta_CT025799.2,45833,46162,4538
GCA_049009305.1,JBENBT010000019.1,APH(3'')-Ib,+,59276,60079,IS91,270_IS91_MOFF01000153.1,61776,62866,1697
GCA_049009305.1,JBENBT010000019.1,APH(3'')-Ib,+,59276,60079,IS91,294_IS91_MOFA01000112.1,61638,62152,1559
GCA_049009305.1,JBENBT010000019.1,APH(3'')-Ib,+,59276,60079,IS91,327_IS91_LRKR01000133.1,62691,62963,2612
GCA_049009305.1,JBENBT010000019.1,APH(3'')-Ib,+,59276,60079,IS91,406_IS91_CP018710.1,61470,61658,1391
GCA_049009305.1,JBENBT010000019.1,APH(6)-Id,+,60079,60915,IS91,270_IS91_MOFF01000153.1,61776,62866,861
GCA_049009305.1,JBENBT010000019.1,APH(6)-Id,+,60079,60915,IS91,294_IS91_MOFA01000112.1,61638,62152,723
GCA_049009305.1,JBENBT010000019.1,APH(6)-Id,+,60079,60915,IS91,327_IS91_LRKR01000133.1,62691,62963,1776
GCA_049009305.1,JBENBT010000019.1,APH(6)-Id,+,60079,60915,IS91,406_IS91_CP018710.1,61470,61658,555
GCA_049009305.1,JBENBT010000019.1,tet(B),+,64288,65487,IS91,270_IS91_MOFF01000153.1,61776,62866,1422
GCA_049009305.1,JBENBT010000019.1,tet(B),+,64288,65487,IS91,294_IS91_MOFA01000112.1,61638,62152,2136
GCA_049009305.1,JBENBT010000019.1,tet(B),+,64288,65487,IS91,327_IS91_LRKR01000133.1,62691,62963,1325
GCA_049009305.1,JBENBT010000019.1,tet(B),+,64288,65487,IS91,406_IS91_CP018710.1,61470,61658,2630
GCA_049009305.1,JBENBT010000073.1,TEM-12,-,17,877,tnpA,1098_tnpA_KX756453.1,1574,1060,183
GCA_049009545.1,JBENBN010000009.1,adeG,-,72474,73694,qacEdelta,2277_qacEdelta_CT025799.2,78561,78232,4538
GCA_049009545.1,JBENBN010000009.1,abeS,-,78232,78561,qacEdelta,2277_qacEdelta_CT025799.2,78561,78232,0
GCA_049009545.1,JBENBN010000036.1,sul1,-,1293,2132,intI1,1060_intI1_KX029331.1,6130,5735,3603
GCA_049009545.1,JBENBN010000036.1,sul1,-,1293,2132,qacEdelta,267_qacEdelta_HM138673.1,2473,2126,0
GCA_049009545.1,JBENBN010000036.1,sul1,-,1293,2132,intI1,1793_intI1_KU736868.1,6658,6435,4303
GCA_049009545.1,JBENBN010000036.1,AAC(3)-Ia,-,5010,5474,intI1,1060_intI1_KX029331.1,6130,5735,261
GCA_049009545.1,JBENBN010000036.1,AAC(3)-Ia,-,5010,5474,qacEdelta,267_qacEdelta_HM138673.1,2473,2126,2537
GCA_049009545.1,JBENBN010000036.1,AAC(3)-Ia,-,5010,5474,intI1,1793_intI1_KU736868.1,6658,6435,961
GCA_049009545.1,JBENBN010000045.1,TEM-12,-,93,953,tnpA,1098_tnpA_KX756453.1,1652,1136,183
GCA_049009965.1,JBENBD010000008.1,abeS,+,96464,96793,qacEdelta,2277_qacEdelta_CT025799.2,96464,96793,0
GCA_049009965.1,JBENBD010000008.1,adeG,+,101331,102551,qacEdelta,2277_qacEdelta_CT025799.2,96464,96793,4538
GCA_049009965.1,JBENBD010000037.1,AAC(3)-Ia,+,2432,2896,intI1,1060_intI1_KX029331.1,1776,2171,261
GCA_049009965.1,JBENBD010000037.1,AAC(3)-Ia,+,2432,2896,qacEdelta,267_qacEdelta_HM138673.1,5433,5780,2537
GCA_049009965.1,JBENBD010000037.1,AAC(3)-Ia,+,2432,2896,intI1,1793_intI1_KU736868.1,1248,1471,961
GCA_049009965.1,JBENBD010000037.1,sul1,+,5774,6613,intI1,1060_intI1_KX029331.1,1776,2171,3603
GCA_049009965.1,JBENBD010000037.1,sul1,+,5774,6613,qacEdelta,267_qacEdelta_HM138673.1,5433,5780,0
GCA_049009965.1,JBENBD010000037.1,sul1,+,5774,6613,intI1,1793_intI1_KU736868.1,1248,1471,4303
GCA_049009965.1,JBENBD010000048.1,TEM-12,-,17,877,tnpA,1098_tnpA_KX756453.1,1574,1060,183
GCA_049010025.1,JBENBB010000008.1,abeS,+,99450,99779,qacEdelta,2277_qacEdelta_CT025799.2,99450,99779,0
GCA_049010025.1,JBENBB010000008.1,adeG,+,104317,105537,qacEdelta,2277_qacEdelta_CT025799.2,99450,99779,4538
GCA_049010025.1,JBENBB010000038.1,AAC(3)-Ia,-,1646,2110,intI1,1060_intI1_KX029331.1,2766,2371,261
GCA_049010025.1,JBENBB010000038.1,AAC(3)-Ia,-,1646,2110,intI1,1793_intI1_KU736868.1,3294,3071,961
GCA_049010025.1,JBENBB010000045.1,sul1,-,25,864,qacEdelta,267_qacEdelta_HM138673.1,1205,858,0
GCA_049010025.1,JBENBB010000046.1,TEM-12,-,17,877,tnpA,1098_tnpA_KX756453.1,1574,1060,183
GCA_049010085.1,JBENAZ010000008.1,abeS,+,99450,99779,qacEdelta,2277_qacEdelta_CT025799.2,99450,99779,0
GCA_049010085.1,JBENAZ010000008.1,adeG,+,104317,105537,qacEdelta,2277_qacEdelta_CT025799.2,99450,99779,4538
GCA_049010085.1,JBENAZ010000039.1,armA,+,3398,4171,ISCR-orf513,281_ISCR-orf513_KJ186154.1,767,1999,1399
GCA_049010085.1,JBENAZ010000039.1,armA,+,3398,4171,IS91,325_IS91_LYDO01000032.1,458,1261,2137
GCA_049010085.1,JBENAZ010000039.1,armA,+,3398,4171,tnpAcp1,554_tnpAcp1_FJ187822.1,2335,3072,326
GCA_049010085.1,JBENAZ010000040.1,AAC(3)-Ia,-,1646,2110,intI1,1060_intI1_KX029331.1,2766,2371,261
GCA_049010085.1,JBENAZ010000040.1,AAC(3)-Ia,-,1646,2110,intI1,1793_intI1_KU736868.1,3294,3071,961
GCA_049010085.1,JBENAZ010000049.1,sul1,+,1310,2149,qacEdelta,267_qacEdelta_HM138673.1,969,1316,0
GCA_049010085.1,JBENAZ010000050.1,TEM-12,+,775,1635,tnpA,1098_tnpA_KX756453.1,73,592,183
GCA_049010665.1,JBENAL010000015.1,abeS,+,29511,29840,qacEdelta,2277_qacEdelta_CT025799.2,29511,29840,0
GCA_049010665.1,JBENAL010000015.1,adeG,+,34378,35598,qacEdelta,2277_qacEdelta_CT025799.2,29511,29840,4538
GCA_049010665.1,JBENAL010000021.1,armA,+,67053,67826,tnpA,483_tnpA_HE577623.1,68435,69760,609
GCA_049010665.1,JBENAL010000021.1,armA,+,67053,67826,tnpAcp1,554_tnpAcp1_FJ187822.1,66084,66727,326
GCA_049010665.1,JBENAL010000021.1,msrE,+,70125,71600,tnpA,483_tnpA_HE577623.1,68435,69760,365
GCA_049010665.1,JBENAL010000021.1,msrE,+,70125,71600,tnpAcp1,554_tnpAcp1_FJ187822.1,66084,66727,3398
GCA_049010665.1,JBENAL010000021.1,mphE,+,71656,72540,tnpA,483_tnpA_HE577623.1,68435,69760,1896
GCA_049010665.1,JBENAL010000021.1,mphE,+,71656,72540,tnpAcp1,554_tnpAcp1_FJ187822.1,66084,66727,4929
GCA_049010665.1,JBENAL010000024.1,tet(B),-,2357,3556,IS91,270_IS91_MOFF01000153.1,6068,4978,1422
GCA_049010665.1,JBENAL010000024.1,tet(B),-,2357,3556,IS91,294_IS91_MOFA01000112.1,6206,5692,2136
GCA_049010665.1,JBENAL010000024.1,tet(B),-,2357,3556,IS91,327_IS91_LRKR01000133.1,5153,4881,1325
GCA_049010665.1,JBENAL010000024.1,tet(B),-,2357,3556,IS91,406_IS91_CP018710.1,6374,6186,2630
GCA_049010665.1,JBENAL010000024.1,APH(6)-Id,-,6929,7765,IS91,270_IS91_MOFF01000153.1,6068,4978,861
GCA_049010665.1,JBENAL010000024.1,APH(6)-Id,-,6929,7765,IS91,294_IS91_MOFA01000112.1,6206,5692,723
GCA_049010665.1,JBENAL010000024.1,APH(6)-Id,-,6929,7765,IS91,327_IS91_LRKR01000133.1,5153,4881,1776
GCA_049010665.1,JBENAL010000024.1,APH(6)-Id,-,6929,7765,IS91,406_IS91_CP018710.1,6374,6186,555
GCA_049010665.1,JBENAL010000024.1,APH(3'')-Ib,-,7765,8568,IS91,270_IS91_MOFF01000153.1,6068,4978,1697
GCA_049010665.1,JBENAL010000024.1,APH(3'')-Ib,-,7765,8568,IS91,294_IS91_MOFA01000112.1,6206,5692,1559
GCA_049010665.1,JBENAL010000024.1,APH(3'')-Ib,-,7765,8568,IS91,327_IS91_LRKR01000133.1,5153,4881,2612
GCA_049010665.1,JBENAL010000024.1,APH(3'')-Ib,-,7765,8568,IS91,406_IS91_CP018710.1,6374,6186,1391
GCA_049010665.1,JBENAL010000056.1,TEM-12,-,17,877,tnpA,1098_tnpA_KX756453.1,1574,1060,183
GCA_049012105.1,JBEMZA010000007.1,abeS,+,54741,55070,qacEdelta,2277_qacEdelta_CT025799.2,54741,55070,0
GCA_049012105.1,JBEMZA010000007.1,adeG,+,59608,60828,qacEdelta,2277_qacEdelta_CT025799.2,54741,55070,4538
GCA_049012105.1,JBEMZA010000020.1,armA,+,67780,68553,tnpA,483_tnpA_HE577623.1,69162,70487,609
GCA_049012105.1,JBEMZA010000020.1,armA,+,67780,68553,tnpAcp1,554_tnpAcp1_FJ187822.1,66811,67454,326
GCA_049012105.1,JBEMZA010000020.1,msrE,+,70852,72327,tnpA,483_tnpA_HE577623.1,69162,70487,365
GCA_049012105.1,JBEMZA010000020.1,msrE,+,70852,72327,tnpAcp1,554_tnpAcp1_FJ187822.1,66811,67454,3398
GCA_049012105.1,JBEMZA010000020.1,mphE,+,72383,73267,tnpA,483_tnpA_HE577623.1,69162,70487,1896
GCA_049012105.1,JBEMZA010000020.1,mphE,+,72383,73267,tnpAcp1,554_tnpAcp1_FJ187822.1,66811,67454,4929
GCA_049012105.1,JBEMZA010000024.1,tet(B),-,2357,3556,IS91,270_IS91_MOFF01000153.1,6068,4978,1422
GCA_049012105.1,JBEMZA010000024.1,tet(B),-,2357,3556,IS91,294_IS91_MOFA01000112.1,6206,5692,2136
GCA_049012105.1,JBEMZA010000024.1,tet(B),-,2357,3556,IS91,327_IS91_LRKR01000133.1,5153,4881,1325
GCA_049012105.1,JBEMZA010000024.1,tet(B),-,2357,3556,IS91,406_IS91_CP018710.1,6374,6186,2630
GCA_049012105.1,JBEMZA010000024.1,APH(6)-Id,-,6929,7765,IS91,270_IS91_MOFF01000153.1,6068,4978,861
GCA_049012105.1,JBEMZA010000024.1,APH(6)-Id,-,6929,7765,IS91,294_IS91_MOFA01000112.1,6206,5692,723
GCA_049012105.1,JBEMZA010000024.1,APH(6)-Id,-,6929,7765,IS91,327_IS91_LRKR01000133.1,5153,4881,1776
GCA_049012105.1,JBEMZA010000024.1,APH(6)-Id,-,6929,7765,IS91,406_IS91_CP018710.1,6374,6186,555
GCA_049012105.1,JBEMZA010000024.1,APH(3'')-Ib,-,7765,8568,IS91,270_IS91_MOFF01000153.1,6068,4978,1697
GCA_049012105.1,JBEMZA010000024.1,APH(3'')-Ib,-,7765,8568,IS91,294_IS91_MOFA01000112.1,6206,5692,1559
GCA_049012105.1,JBEMZA010000024.1,APH(3'')-Ib,-,7765,8568,IS91,327_IS91_LRKR01000133.1,5153,4881,2612
GCA_049012105.1,JBEMZA010000024.1,APH(3'')-Ib,-,7765,8568,IS91,406_IS91_CP018710.1,6374,6186,1391
GCA_049012105.1,JBEMZA010000077.1,TEM-12,-,17,877,tnpA,1098_tnpA_KX756453.1,1574,1060,183
GCA_049012225.1,JBEMYW010000008.1,adeG,-,59794,61014,qacEdelta,2277_qacEdelta_CT025799.2,65881,65552,4538
GCA_049012225.1,JBEMYW010000008.1,abeS,-,65552,65881,qacEdelta,2277_qacEdelta_CT025799.2,65881,65552,0
GCA_049012225.1,JBEMYW010000008.1,armA,+,162282,163055,tnpA,483_tnpA_HE577623.1,163664,164989,609
GCA_049012225.1,JBEMYW010000008.1,armA,+,162282,163055,tnpAcp1,554_tnpAcp1_FJ187822.1,161313,161956,326
GCA_049012225.1,JBEMYW010000008.1,msrE,+,165354,166829,tnpA,483_tnpA_HE577623.1,163664,164989,365
GCA_049012225.1,JBEMYW010000008.1,msrE,+,165354,166829,tnpAcp1,554_tnpAcp1_FJ187822.1,161313,161956,3398
GCA_049012225.1,JBEMYW010000008.1,mphE,+,166885,167769,tnpA,483_tnpA_HE577623.1,163664,164989,1896
GCA_049012225.1,JBEMYW010000008.1,mphE,+,166885,167769,tnpAcp1,554_tnpAcp1_FJ187822.1,161313,161956,4929
GCA_049012225.1,JBEMYW010000021.1,tet(B),-,2357,3556,IS91,270_IS91_MOFF01000153.1,6068,4978,1422
GCA_049012225.1,JBEMYW010000021.1,tet(B),-,2357,3556,IS91,294_IS91_MOFA01000112.1,6206,5692,2136
GCA_049012225.1,JBEMYW010000021.1,tet(B),-,2357,3556,IS91,327_IS91_LRKR01000133.1,5153,4881,1325
GCA_049012225.1,JBEMYW010000021.1,tet(B),-,2357,3556,IS91,406_IS91_CP018710.1,6374,6186,2630
GCA_049012225.1,JBEMYW010000021.1,APH(6)-Id,-,6929,7765,IS91,270_IS91_MOFF01000153.1,6068,4978,861
GCA_049012225.1,JBEMYW010000021.1,APH(6)-Id,-,6929,7765,IS91,294_IS91_MOFA01000112.1,6206,5692,723
GCA_049012225.1,JBEMYW010000021.1,APH(6)-Id,-,6929,7765,IS91,327_IS91_LRKR01000133.1,5153,4881,1776
GCA_049012225.1,JBEMYW010000021.1,APH(6)-Id,-,6929,7765,IS91,406_IS91_CP018710.1,6374,6186,555
GCA_049012225.1,JBEMYW010000021.1,APH(3'')-Ib,-,7765,8568,IS91,270_IS91_MOFF01000153.1,6068,4978,1697
GCA_049012225.1,JBEMYW010000021.1,APH(3'')-Ib,-,7765,8568,IS91,294_IS91_MOFA01000112.1,6206,5692,1559
GCA_049012225.1,JBEMYW010000021.1,APH(3'')-Ib,-,7765,8568,IS91,327_IS91_LRKR01000133.1,5153,4881,2612
GCA_049012225.1,JBEMYW010000021.1,APH(3'')-Ib,-,7765,8568,IS91,406_IS91_CP018710.1,6374,6186,1391
GCA_049012225.1,JBEMYW010000058.1,sul1,+,370,1209,ISCR-orf513,281_ISCR-orf513_KJ186154.1,1923,3155,714
GCA_049012225.1,JBEMYW010000058.1,sul1,+,370,1209,IS91,325_IS91_LYDO01000032.1,1614,2417,405
GCA_049012225.1,JBEMYW010000058.1,sul1,+,370,1209,qacEdelta,267_qacEdelta_HM138673.1,29,376,0
GCA_049012225.1,JBEMYW010000066.1,AAC(6')-Ib7,+,800,1604,intI1,1060_intI1_KX029331.1,385,780,20
GCA_049012225.1,JBEMYW010000066.1,catB8,+,1697,2329,intI1,1060_intI1_KX029331.1,385,780,917
GCA_049012225.1,JBEMYW010000080.1,TEM-12,+,698,1558,tnpA,1098_tnpA_KX756453.1,1,515,183
GCA_049012505.1,JBEMYQ010000008.1,adeG,-,17739,18959,qacEdelta,2277_qacEdelta_CT025799.2,23826,23497,4538
GCA_049012505.1,JBEMYQ010000008.1,abeS,-,23497,23826,qacEdelta,2277_qacEdelta_CT025799.2,23826,23497,0
GCA_049012845.1,JBEMYG010000006.1,adeG,-,72475,73695,qacEdelta,2277_qacEdelta_CT025799.2,78562,78233,4538
GCA_049012845.1,JBEMYG010000006.1,abeS,-,78233,78562,qacEdelta,2277_qacEdelta_CT025799.2,78562,78233,0
GCA_049012845.1,JBEMYG010000006.1,armA,+,174952,175725,tnpA,483_tnpA_HE577623.1,176334,177659,609
GCA_049012845.1,JBEMYG010000006.1,armA,+,174952,175725,tnpAcp1,554_tnpAcp1_FJ187822.1,173983,174626,326
GCA_049012845.1,JBEMYG010000006.1,msrE,+,178024,179499,tnpA,483_tnpA_HE577623.1,176334,177659,365
GCA_049012845.1,JBEMYG010000006.1,msrE,+,178024,179499,tnpAcp1,554_tnpAcp1_FJ187822.1,173983,174626,3398
GCA_049012845.1,JBEMYG010000006.1,mphE,+,179555,180439,tnpA,483_tnpA_HE577623.1,176334,177659,1896
GCA_049012845.1,JBEMYG010000006.1,mphE,+,179555,180439,tnpAcp1,554_tnpAcp1_FJ187822.1,173983,174626,4929
GCA_049012845.1,JBEMYG010000024.1,APH(3'')-Ib,+,59276,60079,IS91,270_IS91_MOFF01000153.1,61776,62866,1697
GCA_049012845.1,JBEMYG010000024.1,APH(3'')-Ib,+,59276,60079,IS91,294_IS91_MOFA01000112.1,61638,62152,1559
GCA_049012845.1,JBEMYG010000024.1,APH(3'')-Ib,+,59276,60079,IS91,327_IS91_LRKR01000133.1,62691,62963,2612
GCA_049012845.1,JBEMYG010000024.1,APH(3'')-Ib,+,59276,60079,IS91,406_IS91_CP018710.1,61470,61658,1391
GCA_049012845.1,JBEMYG010000024.1,APH(6)-Id,+,60079,60915,IS91,270_IS91_MOFF01000153.1,61776,62866,861
GCA_049012845.1,JBEMYG010000024.1,APH(6)-Id,+,60079,60915,IS91,294_IS91_MOFA01000112.1,61638,62152,723
GCA_049012845.1,JBEMYG010000024.1,APH(6)-Id,+,60079,60915,IS91,327_IS91_LRKR01000133.1,62691,62963,1776
GCA_049012845.1,JBEMYG010000024.1,APH(6)-Id,+,60079,60915,IS91,406_IS91_CP018710.1,61470,61658,555
GCA_049012845.1,JBEMYG010000024.1,tet(B),+,64288,65487,IS91,270_IS91_MOFF01000153.1,61776,62866,1422
GCA_049012845.1,JBEMYG010000024.1,tet(B),+,64288,65487,IS91,294_IS91_MOFA01000112.1,61638,62152,2136
GCA_049012845.1,JBEMYG010000024.1,tet(B),+,64288,65487,IS91,327_IS91_LRKR01000133.1,62691,62963,1325
GCA_049012845.1,JBEMYG010000024.1,tet(B),+,64288,65487,IS91,406_IS91_CP018710.1,61470,61658,2630
GCA_049012845.1,JBEMYG010000049.1,TEM-12,+,698,1558,tnpA,1098_tnpA_KX756453.1,1,515,183
GCA_049014725.1,JBEMWL010000008.1,adeG,-,46950,48167,qacEdelta,2277_qacEdelta_CT025799.2,53034,52705,4538
GCA_049014725.1,JBEMWL010000008.1,abeS,-,52705,53034,qacEdelta,2277_qacEdelta_CT025799.2,53034,52705,0
GCA_049018125.1,JBEMTB010000001.1,adeG,-,447009,448229,qacEdelta,2277_qacEdelta_CT025799.2,453097,452768,4539
GCA_049018125.1,JBEMTB010000001.1,abeS,-,452768,453097,qacEdelta,2277_qacEdelta_CT025799.2,453097,452768,0
GCA_049018205.1,JBEMSY010000012.1,mphE,-,4278,5162,tnpA,483_tnpA_HE577623.1,8383,7058,1896
GCA_049018205.1,JBEMSY010000012.1,mphE,-,4278,5162,tnpAcp1,554_tnpAcp1_FJ187822.1,10734,10091,4929
GCA_049018205.1,JBEMSY010000012.1,msrE,-,5218,6693,tnpA,483_tnpA_HE577623.1,8383,7058,365
GCA_049018205.1,JBEMSY010000012.1,msrE,-,5218,6693,tnpAcp1,554_tnpAcp1_FJ187822.1,10734,10091,3398
GCA_049018205.1,JBEMSY010000012.1,armA,-,8992,9765,tnpA,483_tnpA_HE577623.1,8383,7058,609
GCA_049018205.1,JBEMSY010000012.1,armA,-,8992,9765,tnpAcp1,554_tnpAcp1_FJ187822.1,10734,10091,326
GCA_049018205.1,JBEMSY010000012.1,abeS,+,106166,106495,qacEdelta,2277_qacEdelta_CT025799.2,106166,106495,0
GCA_049018205.1,JBEMSY010000012.1,adeG,+,111033,112253,qacEdelta,2277_qacEdelta_CT025799.2,106166,106495,4538
GCA_049018205.1,JBEMSY010000020.1,tet(B),-,2357,3556,IS91,270_IS91_MOFF01000153.1,6068,4978,1422
GCA_049018205.1,JBEMSY010000020.1,tet(B),-,2357,3556,IS91,294_IS91_MOFA01000112.1,6206,5692,2136
GCA_049018205.1,JBEMSY010000020.1,tet(B),-,2357,3556,IS91,327_IS91_LRKR01000133.1,5153,4881,1325
GCA_049018205.1,JBEMSY010000020.1,tet(B),-,2357,3556,IS91,406_IS91_CP018710.1,6374,6186,2630
GCA_049018205.1,JBEMSY010000020.1,APH(6)-Id,-,6929,7765,IS91,270_IS91_MOFF01000153.1,6068,4978,861
GCA_049018205.1,JBEMSY010000020.1,APH(6)-Id,-,6929,7765,IS91,294_IS91_MOFA01000112.1,6206,5692,723
GCA_049018205.1,JBEMSY010000020.1,APH(6)-Id,-,6929,7765,IS91,327_IS91_LRKR01000133.1,5153,4881,1776
GCA_049018205.1,JBEMSY010000020.1,APH(6)-Id,-,6929,7765,IS91,406_IS91_CP018710.1,6374,6186,555
GCA_049018205.1,JBEMSY010000020.1,APH(3'')-Ib,-,7765,8568,IS91,270_IS91_MOFF01000153.1,6068,4978,1697
GCA_049018205.1,JBEMSY010000020.1,APH(3'')-Ib,-,7765,8568,IS91,294_IS91_MOFA01000112.1,6206,5692,1559
GCA_049018205.1,JBEMSY010000020.1,APH(3'')-Ib,-,7765,8568,IS91,327_IS91_LRKR01000133.1,5153,4881,2612
GCA_049018205.1,JBEMSY010000020.1,APH(3'')-Ib,-,7765,8568,IS91,406_IS91_CP018710.1,6374,6186,1391
GCA_049018205.1,JBEMSY010000053.1,TEM-12,-,17,877,tnpA,1098_tnpA_KX756453.1,1574,1060,183
GCA_049021865.1,JBENTO010000008.1,adeG,-,72475,73695,qacEdelta,2277_qacEdelta_CT025799.2,78562,78233,4538
GCA_049021865.1,JBENTO010000008.1,abeS,-,78233,78562,qacEdelta,2277_qacEdelta_CT025799.2,78562,78233,0
GCA_049021865.1,JBENTO010000036.1,mphE,-,4229,5113,tnpA,483_tnpA_HE577623.1,8334,7009,1896
GCA_049021865.1,JBENTO010000036.1,mphE,-,4229,5113,tnpAcp1,554_tnpAcp1_FJ187822.1,10779,10042,4929
GCA_049021865.1,JBENTO010000036.1,msrE,-,5169,6644,tnpA,483_tnpA_HE577623.1,8334,7009,365
GCA_049021865.1,JBENTO010000036.1,msrE,-,5169,6644,ISCR-orf513,281_ISCR-orf513_KJ186154.1,12347,11115,4471
GCA_049021865.1,JBENTO010000036.1,msrE,-,5169,6644,tnpAcp1,554_tnpAcp1_FJ187822.1,10779,10042,3398
GCA_049021865.1,JBENTO010000036.1,armA,-,8943,9716,tnpA,483_tnpA_HE577623.1,8334,7009,609
GCA_049021865.1,JBENTO010000036.1,armA,-,8943,9716,ISCR-orf513,281_ISCR-orf513_KJ186154.1,12347,11115,1399
GCA_049021865.1,JBENTO010000036.1,armA,-,8943,9716,IS91,325_IS91_LYDO01000032.1,12656,11853,2137
GCA_049021865.1,JBENTO010000036.1,armA,-,8943,9716,tnpAcp1,554_tnpAcp1_FJ187822.1,10779,10042,326
GCA_049021865.1,JBENTO010000036.1,armA,-,8943,9716,qacEdelta,267_qacEdelta_HM138673.1,14241,13894,4178
GCA_049021865.1,JBENTO010000036.1,sul1,-,13061,13900,tnpA,483_tnpA_HE577623.1,8334,7009,4727
GCA_049021865.1,JBENTO010000036.1,sul1,-,13061,13900,ISCR-orf513,281_ISCR-orf513_KJ186154.1,12347,11115,714
GCA_049021865.1,JBENTO010000036.1,sul1,-,13061,13900,IS91,325_IS91_LYDO01000032.1,12656,11853,405
GCA_049021865.1,JBENTO010000036.1,sul1,-,13061,13900,tnpAcp1,554_tnpAcp1_FJ187822.1,10779,10042,2282
GCA_049021865.1,JBENTO010000036.1,sul1,-,13061,13900,intI1,1060_intI1_KX029331.1,17198,16803,2903
GCA_049021865.1,JBENTO010000036.1,sul1,-,13061,13900,qacEdelta,267_qacEdelta_HM138673.1,14241,13894,0
GCA_049021865.1,JBENTO010000036.1,catB8,-,15254,15886,ISCR-orf513,281_ISCR-orf513_KJ186154.1,12347,11115,2907
GCA_049021865.1,JBENTO010000036.1,catB8,-,15254,15886,IS91,325_IS91_LYDO01000032.1,12656,11853,2598
GCA_049021865.1,JBENTO010000036.1,catB8,-,15254,15886,tnpAcp1,554_tnpAcp1_FJ187822.1,10779,10042,4475
GCA_049021865.1,JBENTO010000036.1,catB8,-,15254,15886,intI1,1060_intI1_KX029331.1,17198,16803,917
GCA_049021865.1,JBENTO010000036.1,catB8,-,15254,15886,qacEdelta,267_qacEdelta_HM138673.1,14241,13894,1013
GCA_049021865.1,JBENTO010000036.1,AAC(6')-Ib7,-,15979,16783,ISCR-orf513,281_ISCR-orf513_KJ186154.1,12347,11115,3632
GCA_049021865.1,JBENTO010000036.1,AAC(6')-Ib7,-,15979,16783,IS91,325_IS91_LYDO01000032.1,12656,11853,3323
GCA_049021865.1,JBENTO010000036.1,AAC(6')-Ib7,-,15979,16783,intI1,1060_intI1_KX029331.1,17198,16803,20
GCA_049021865.1,JBENTO010000036.1,AAC(6')-Ib7,-,15979,16783,qacEdelta,267_qacEdelta_HM138673.1,14241,13894,1738
GCA_049021865.1,JBENTO010000050.1,TEM-12,-,94,954,tnpA,1098_tnpA_KX756453.1,1653,1137,183
GCA_049021905.1,JBENTP010000013.1,abeS,+,57598,57927,qacEdelta,2277_qacEdelta_CT025799.2,57598,57927,0
GCA_049021905.1,JBENTP010000013.1,adeG,+,62465,63685,qacEdelta,2277_qacEdelta_CT025799.2,57598,57927,4538
GCA_049023645.1,JBENRW010000011.1,abeS,+,52175,52504,qacEdelta,2277_qacEdelta_CT025799.2,52175,52504,0
GCA_049023645.1,JBENRW010000011.1,adeG,+,57042,58262,qacEdelta,2277_qacEdelta_CT025799.2,52175,52504,4538
GCA_049023945.1,JBENRP010000007.1,mphE,-,4278,5162,tnpA,483_tnpA_HE577623.1,8383,7058,1896
GCA_049023945.1,JBENRP010000007.1,mphE,-,4278,5162,tnpAcp1,554_tnpAcp1_FJ187822.1,10734,10091,4929
GCA_049023945.1,JBENRP010000007.1,msrE,-,5218,6693,tnpA,483_tnpA_HE577623.1,8383,7058,365
GCA_049023945.1,JBENRP010000007.1,msrE,-,5218,6693,tnpAcp1,554_tnpAcp1_FJ187822.1,10734,10091,3398
GCA_049023945.1,JBENRP010000007.1,armA,-,8992,9765,tnpA,483_tnpA_HE577623.1,8383,7058,609
GCA_049023945.1,JBENRP010000007.1,armA,-,8992,9765,tnpAcp1,554_tnpAcp1_FJ187822.1,10734,10091,326
GCA_049023945.1,JBENRP010000007.1,abeS,+,106155,106484,qacEdelta,2277_qacEdelta_CT025799.2,106155,106484,0
GCA_049023945.1,JBENRP010000007.1,adeG,+,111022,112242,qacEdelta,2277_qacEdelta_CT025799.2,106155,106484,4538
GCA_049023945.1,JBENRP010000022.1,tet(B),-,2314,3513,IS91,270_IS91_MOFF01000153.1,6025,4935,1422
GCA_049023945.1,JBENRP010000022.1,tet(B),-,2314,3513,IS91,294_IS91_MOFA01000112.1,6163,5649,2136
GCA_049023945.1,JBENRP010000022.1,tet(B),-,2314,3513,IS91,327_IS91_LRKR01000133.1,5110,4838,1325
GCA_049023945.1,JBENRP010000022.1,tet(B),-,2314,3513,IS91,406_IS91_CP018710.1,6331,6143,2630
GCA_049023945.1,JBENRP010000022.1,APH(6)-Id,-,6886,7722,IS91,270_IS91_MOFF01000153.1,6025,4935,861
GCA_049023945.1,JBENRP010000022.1,APH(6)-Id,-,6886,7722,IS91,294_IS91_MOFA01000112.1,6163,5649,723
GCA_049023945.1,JBENRP010000022.1,APH(6)-Id,-,6886,7722,IS91,327_IS91_LRKR01000133.1,5110,4838,1776
GCA_049023945.1,JBENRP010000022.1,APH(6)-Id,-,6886,7722,IS91,406_IS91_CP018710.1,6331,6143,555
GCA_049023945.1,JBENRP010000022.1,APH(3'')-Ib,-,7722,8525,IS91,270_IS91_MOFF01000153.1,6025,4935,1697
GCA_049023945.1,JBENRP010000022.1,APH(3'')-Ib,-,7722,8525,IS91,294_IS91_MOFA01000112.1,6163,5649,1559
GCA_049023945.1,JBENRP010000022.1,APH(3'')-Ib,-,7722,8525,IS91,327_IS91_LRKR01000133.1,5110,4838,2612
GCA_049023945.1,JBENRP010000022.1,APH(3'')-Ib,-,7722,8525,IS91,406_IS91_CP018710.1,6331,6143,1391
GCA_049023945.1,JBENRP010000056.1,TEM-12,-,17,877,tnpA,1098_tnpA_KX756453.1,1574,1060,183
GCA_049025225.1,JBENQI010000009.1,armA,-,127,878,tnpAcp1,554_tnpAcp1_FJ187822.1,1847,1204,326
GCA_049025225.1,JBENQI010000009.1,abeS,+,97279,97608,qacEdelta,2277_qacEdelta_CT025799.2,97279,97608,0
GCA_049025225.1,JBENQI010000009.1,adeG,+,102146,103366,qacEdelta,2277_qacEdelta_CT025799.2,97279,97608,4538
GCA_049025225.1,JBENQI010000022.1,APH(3'')-Ib,+,59276,60079,IS91,270_IS91_MOFF01000153.1,61776,62866,1697
GCA_049025225.1,JBENQI010000022.1,APH(3'')-Ib,+,59276,60079,IS91,294_IS91_MOFA01000112.1,61638,62152,1559
GCA_049025225.1,JBENQI010000022.1,APH(3'')-Ib,+,59276,60079,IS91,327_IS91_LRKR01000133.1,62691,62963,2612
GCA_049025225.1,JBENQI010000022.1,APH(3'')-Ib,+,59276,60079,IS91,406_IS91_CP018710.1,61470,61658,1391
GCA_049025225.1,JBENQI010000022.1,APH(6)-Id,+,60079,60915,IS91,270_IS91_MOFF01000153.1,61776,62866,861
GCA_049025225.1,JBENQI010000022.1,APH(6)-Id,+,60079,60915,IS91,294_IS91_MOFA01000112.1,61638,62152,723
GCA_049025225.1,JBENQI010000022.1,APH(6)-Id,+,60079,60915,IS91,327_IS91_LRKR01000133.1,62691,62963,1776
GCA_049025225.1,JBENQI010000022.1,APH(6)-Id,+,60079,60915,IS91,406_IS91_CP018710.1,61470,61658,555
GCA_049025225.1,JBENQI010000022.1,tet(B),+,64288,65487,IS91,270_IS91_MOFF01000153.1,61776,62866,1422
GCA_049025225.1,JBENQI010000022.1,tet(B),+,64288,65487,IS91,294_IS91_MOFA01000112.1,61638,62152,2136
GCA_049025225.1,JBENQI010000022.1,tet(B),+,64288,65487,IS91,327_IS91_LRKR01000133.1,62691,62963,1325
GCA_049025225.1,JBENQI010000022.1,tet(B),+,64288,65487,IS91,406_IS91_CP018710.1,61470,61658,2630
GCA_049025225.1,JBENQI010000047.1,TEM-12,-,17,877,tnpA,1098_tnpA_KX756453.1,1574,1060,183
GCA_049025985.1,JBENPQ010000005.1,mphE,-,4229,5113,tnpA,483_tnpA_HE577623.1,8334,7009,1896
GCA_049025985.1,JBENPQ010000005.1,mphE,-,4229,5113,tnpAcp1,554_tnpAcp1_FJ187822.1,10685,10042,4929
GCA_049025985.1,JBENPQ010000005.1,msrE,-,5169,6644,tnpA,483_tnpA_HE577623.1,8334,7009,365
GCA_049025985.1,JBENPQ010000005.1,msrE,-,5169,6644,tnpAcp1,554_tnpAcp1_FJ187822.1,10685,10042,3398
GCA_049025985.1,JBENPQ010000005.1,armA,-,8943,9716,tnpA,483_tnpA_HE577623.1,8334,7009,609
GCA_049025985.1,JBENPQ010000005.1,armA,-,8943,9716,tnpAcp1,554_tnpAcp1_FJ187822.1,10685,10042,326
GCA_049025985.1,JBENPQ010000005.1,abeS,+,106117,106446,qacEdelta,2277_qacEdelta_CT025799.2,106117,106446,0
GCA_049025985.1,JBENPQ010000005.1,adeG,+,110984,112204,qacEdelta,2277_qacEdelta_CT025799.2,106117,106446,4538
GCA_049025985.1,JBENPQ010000025.1,tet(B),-,2314,3513,IS91,270_IS91_MOFF01000153.1,6025,4935,1422
GCA_049025985.1,JBENPQ010000025.1,tet(B),-,2314,3513,IS91,294_IS91_MOFA01000112.1,6163,5649,2136
GCA_049025985.1,JBENPQ010000025.1,tet(B),-,2314,3513,IS91,327_IS91_LRKR01000133.1,5110,4838,1325
GCA_049025985.1,JBENPQ010000025.1,tet(B),-,2314,3513,IS91,406_IS91_CP018710.1,6331,6143,2630
GCA_049025985.1,JBENPQ010000025.1,APH(6)-Id,-,6886,7722,IS91,270_IS91_MOFF01000153.1,6025,4935,861
GCA_049025985.1,JBENPQ010000025.1,APH(6)-Id,-,6886,7722,IS91,294_IS91_MOFA01000112.1,6163,5649,723
GCA_049025985.1,JBENPQ010000025.1,APH(6)-Id,-,6886,7722,IS91,327_IS91_LRKR01000133.1,5110,4838,1776
GCA_049025985.1,JBENPQ010000025.1,APH(6)-Id,-,6886,7722,IS91,406_IS91_CP018710.1,6331,6143,555
GCA_049025985.1,JBENPQ010000025.1,APH(3'')-Ib,-,7722,8525,IS91,270_IS91_MOFF01000153.1,6025,4935,1697
GCA_049025985.1,JBENPQ010000025.1,APH(3'')-Ib,-,7722,8525,IS91,294_IS91_MOFA01000112.1,6163,5649,1559
GCA_049025985.1,JBENPQ010000025.1,APH(3'')-Ib,-,7722,8525,IS91,327_IS91_LRKR01000133.1,5110,4838,2612
GCA_049025985.1,JBENPQ010000025.1,APH(3'')-Ib,-,7722,8525,IS91,406_IS91_CP018710.1,6331,6143,1391
GCA_049026205.1,JBENPL010000007.1,adeG,-,72475,73695,qacEdelta,2277_qacEdelta_CT025799.2,78562,78233,4538
GCA_049026205.1,JBENPL010000007.1,abeS,-,78233,78562,qacEdelta,2277_qacEdelta_CT025799.2,78562,78233,0
GCA_049026205.1,JBENPL010000017.1,APH(3'')-Ib,+,59276,60079,IS91,270_IS91_MOFF01000153.1,61776,62866,1697
GCA_049026205.1,JBENPL010000017.1,APH(3'')-Ib,+,59276,60079,IS91,294_IS91_MOFA01000112.1,61638,62152,1559
GCA_049026205.1,JBENPL010000017.1,APH(3'')-Ib,+,59276,60079,IS91,327_IS91_LRKR01000133.1,62691,62963,2612
GCA_049026205.1,JBENPL010000017.1,APH(3'')-Ib,+,59276,60079,IS91,406_IS91_CP018710.1,61470,61658,1391
GCA_049026205.1,JBENPL010000017.1,APH(6)-Id,+,60079,60915,IS91,270_IS91_MOFF01000153.1,61776,62866,861
GCA_049026205.1,JBENPL010000017.1,APH(6)-Id,+,60079,60915,IS91,294_IS91_MOFA01000112.1,61638,62152,723
GCA_049026205.1,JBENPL010000017.1,APH(6)-Id,+,60079,60915,IS91,327_IS91_LRKR01000133.1,62691,62963,1776
GCA_049026205.1,JBENPL010000017.1,APH(6)-Id,+,60079,60915,IS91,406_IS91_CP018710.1,61470,61658,555
GCA_049026205.1,JBENPL010000017.1,tet(B),+,64288,65487,IS91,270_IS91_MOFF01000153.1,61776,62866,1422
GCA_049026205.1,JBENPL010000017.1,tet(B),+,64288,65487,IS91,294_IS91_MOFA01000112.1,61638,62152,2136
GCA_049026205.1,JBENPL010000017.1,tet(B),+,64288,65487,IS91,327_IS91_LRKR01000133.1,62691,62963,1325
GCA_049026205.1,JBENPL010000017.1,tet(B),+,64288,65487,IS91,406_IS91_CP018710.1,61470,61658,2630
GCA_049026205.1,JBENPL010000037.1,sul1,-,1292,2131,intI1,1060_intI1_KX029331.1,6129,5734,3603
GCA_049026205.1,JBENPL010000037.1,sul1,-,1292,2131,qacEdelta,267_qacEdelta_HM138673.1,2472,2125,0
GCA_049026205.1,JBENPL010000037.1,sul1,-,1292,2131,intI1,1793_intI1_KU736868.1,6657,6434,4303
GCA_049026205.1,JBENPL010000037.1,AAC(3)-Ia,-,5009,5473,intI1,1060_intI1_KX029331.1,6129,5734,261
GCA_049026205.1,JBENPL010000037.1,AAC(3)-Ia,-,5009,5473,qacEdelta,267_qacEdelta_HM138673.1,2472,2125,2537
GCA_049026205.1,JBENPL010000037.1,AAC(3)-Ia,-,5009,5473,intI1,1793_intI1_KU736868.1,6657,6434,961
GCA_049026205.1,JBENPL010000044.1,TEM-12,+,698,1558,tnpA,1098_tnpA_KX756453.1,1,515,183
GCA_049026765.1,JBENOW010000011.1,abeS,+,48626,48955,qacEdelta,2277_qacEdelta_CT025799.2,48626,48955,0
GCA_049026765.1,JBENOW010000011.1,adeG,+,53493,54713,qacEdelta,2277_qacEdelta_CT025799.2,48626,48955,4538
GCA_049026765.1,JBENOW010000020.1,APH(3'')-Ib,+,59276,60079,IS91,270_IS91_MOFF01000153.1,61776,62866,1697
GCA_049026765.1,JBENOW010000020.1,APH(3'')-Ib,+,59276,60079,IS91,294_IS91_MOFA01000112.1,61638,62152,1559
GCA_049026765.1,JBENOW010000020.1,APH(3'')-Ib,+,59276,60079,IS91,327_IS91_LRKR01000133.1,62691,62963,2612
GCA_049026765.1,JBENOW010000020.1,APH(3'')-Ib,+,59276,60079,IS91,406_IS91_CP018710.1,61470,61658,1391
GCA_049026765.1,JBENOW010000020.1,APH(6)-Id,+,60079,60915,IS91,270_IS91_MOFF01000153.1,61776,62866,861
GCA_049026765.1,JBENOW010000020.1,APH(6)-Id,+,60079,60915,IS91,294_IS91_MOFA01000112.1,61638,62152,723
GCA_049026765.1,JBENOW010000020.1,APH(6)-Id,+,60079,60915,IS91,327_IS91_LRKR01000133.1,62691,62963,1776
GCA_049026765.1,JBENOW010000020.1,APH(6)-Id,+,60079,60915,IS91,406_IS91_CP018710.1,61470,61658,555
GCA_049026765.1,JBENOW010000020.1,tet(B),+,64288,65487,IS91,270_IS91_MOFF01000153.1,61776,62866,1422
GCA_049026765.1,JBENOW010000020.1,tet(B),+,64288,65487,IS91,294_IS91_MOFA01000112.1,61638,62152,2136
GCA_049026765.1,JBENOW010000020.1,tet(B),+,64288,65487,IS91,327_IS91_LRKR01000133.1,62691,62963,1325
GCA_049026765.1,JBENOW010000020.1,tet(B),+,64288,65487,IS91,406_IS91_CP018710.1,61470,61658,2630
GCA_049026905.1,JBENOR010000011.1,abeS,+,48626,48955,qacEdelta,2277_qacEdelta_CT025799.2,48626,48955,0
GCA_049026905.1,JBENOR010000011.1,adeG,+,53493,54713,qacEdelta,2277_qacEdelta_CT025799.2,48626,48955,4538
GCA_049026905.1,JBENOR010000020.1,APH(3'')-Ib,+,59276,60079,IS91,270_IS91_MOFF01000153.1,61776,62866,1697
GCA_049026905.1,JBENOR010000020.1,APH(3'')-Ib,+,59276,60079,IS91,294_IS91_MOFA01000112.1,61638,62152,1559
GCA_049026905.1,JBENOR010000020.1,APH(3'')-Ib,+,59276,60079,IS91,327_IS91_LRKR01000133.1,62691,62963,2612
GCA_049026905.1,JBENOR010000020.1,APH(3'')-Ib,+,59276,60079,IS91,406_IS91_CP018710.1,61470,61658,1391
GCA_049026905.1,JBENOR010000020.1,APH(6)-Id,+,60079,60915,IS91,270_IS91_MOFF01000153.1,61776,62866,861
GCA_049026905.1,JBENOR010000020.1,APH(6)-Id,+,60079,60915,IS91,294_IS91_MOFA01000112.1,61638,62152,723
GCA_049026905.1,JBENOR010000020.1,APH(6)-Id,+,60079,60915,IS91,327_IS91_LRKR01000133.1,62691,62963,1776
GCA_049026905.1,JBENOR010000020.1,APH(6)-Id,+,60079,60915,IS91,406_IS91_CP018710.1,61470,61658,555
GCA_049026905.1,JBENOR010000020.1,tet(B),+,64288,65487,IS91,270_IS91_MOFF01000153.1,61776,62866,1422
GCA_049026905.1,JBENOR010000020.1,tet(B),+,64288,65487,IS91,294_IS91_MOFA01000112.1,61638,62152,2136
GCA_049026905.1,JBENOR010000020.1,tet(B),+,64288,65487,IS91,327_IS91_LRKR01000133.1,62691,62963,1325
GCA_049026905.1,JBENOR010000020.1,tet(B),+,64288,65487,IS91,406_IS91_CP018710.1,61470,61658,2630
GCA_049026905.1,JBENOR010000065.1,TEM-12,+,698,1558,tnpA,1098_tnpA_KX756453.1,1,515,183
GCA_049027805.1,JBENOD010000016.1,armA,+,88343,89116,tnpA,483_tnpA_HE577623.1,89725,91050,609
GCA_049027805.1,JBENOD010000016.1,armA,+,88343,89116,tnpAcp1,554_tnpAcp1_FJ187822.1,87374,88017,326
GCA_049027805.1,JBENOD010000016.1,msrE,+,91415,92890,tnpA,483_tnpA_HE577623.1,89725,91050,365
GCA_049027805.1,JBENOD010000016.1,msrE,+,91415,92890,tnpAcp1,554_tnpAcp1_FJ187822.1,87374,88017,3398
GCA_049027805.1,JBENOD010000016.1,mphE,+,92946,93830,tnpA,483_tnpA_HE577623.1,89725,91050,1896
GCA_049027805.1,JBENOD010000016.1,mphE,+,92946,93830,tnpAcp1,554_tnpAcp1_FJ187822.1,87374,88017,4929
GCA_049027805.1,JBENOD010000019.1,abeS,+,8219,8548,qacEdelta,2277_qacEdelta_CT025799.2,8219,8548,0
GCA_049027805.1,JBENOD010000019.1,adeG,+,13086,14306,qacEdelta,2277_qacEdelta_CT025799.2,8219,8548,4538
GCA_049027805.1,JBENOD010000022.1,tet(B),-,2357,3556,IS91,270_IS91_MOFF01000153.1,6068,4978,1422
GCA_049027805.1,JBENOD010000022.1,tet(B),-,2357,3556,IS91,294_IS91_MOFA01000112.1,6206,5692,2136
GCA_049027805.1,JBENOD010000022.1,tet(B),-,2357,3556,IS91,327_IS91_LRKR01000133.1,5153,4881,1325
GCA_049027805.1,JBENOD010000022.1,tet(B),-,2357,3556,IS91,406_IS91_CP018710.1,6374,6186,2630
GCA_049027805.1,JBENOD010000022.1,APH(6)-Id,-,6929,7765,IS91,270_IS91_MOFF01000153.1,6068,4978,861
GCA_049027805.1,JBENOD010000022.1,APH(6)-Id,-,6929,7765,IS91,294_IS91_MOFA01000112.1,6206,5692,723
GCA_049027805.1,JBENOD010000022.1,APH(6)-Id,-,6929,7765,IS91,327_IS91_LRKR01000133.1,5153,4881,1776
GCA_049027805.1,JBENOD010000022.1,APH(6)-Id,-,6929,7765,IS91,406_IS91_CP018710.1,6374,6186,555
GCA_049027805.1,JBENOD010000022.1,APH(3'')-Ib,-,7765,8568,IS91,270_IS91_MOFF01000153.1,6068,4978,1697
GCA_049027805.1,JBENOD010000022.1,APH(3'')-Ib,-,7765,8568,IS91,294_IS91_MOFA01000112.1,6206,5692,1559
GCA_049027805.1,JBENOD010000022.1,APH(3'')-Ib,-,7765,8568,IS91,327_IS91_LRKR01000133.1,5153,4881,2612
GCA_049027805.1,JBENOD010000022.1,APH(3'')-Ib,-,7765,8568,IS91,406_IS91_CP018710.1,6374,6186,1391
GCA_049027805.1,JBENOD010000050.1,TEM-12,+,698,1558,tnpA,1098_tnpA_KX756453.1,1,515,183
GCA_049033135.1,JBENMF010000011.1,abeS,+,48626,48955,qacEdelta,2277_qacEdelta_CT025799.2,48626,48955,0
GCA_049033135.1,JBENMF010000011.1,adeG,+,53493,54713,qacEdelta,2277_qacEdelta_CT025799.2,48626,48955,4538
GCA_049033135.1,JBENMF010000072.1,TEM-12,-,17,877,tnpA,1098_tnpA_KX756453.1,1574,1060,183
GCA_049033375.1,JBENMC010000010.1,abeS,+,52561,52890,qacEdelta,2277_qacEdelta_CT025799.2,52561,52890,0
GCA_049033375.1,JBENMC010000010.1,adeG,+,57428,58648,qacEdelta,2277_qacEdelta_CT025799.2,52561,52890,4538
GCA_049033375.1,JBENMC010000070.1,TEM-12,-,17,877,tnpA,1098_tnpA_KX756453.1,1574,1060,183
GCA_049039295.1,JBENJX010000012.1,abeS,+,45833,46162,qacEdelta,2277_qacEdelta_CT025799.2,45833,46162,0
GCA_049039295.1,JBENJX010000012.1,adeG,+,50700,51920,qacEdelta,2277_qacEdelta_CT025799.2,45833,46162,4538
GCA_049039295.1,JBENJX010000016.1,tet(B),-,40942,42141,IS91,270_IS91_MOFF01000153.1,44653,43563,1422
GCA_049039295.1,JBENJX010000016.1,tet(B),-,40942,42141,IS91,294_IS91_MOFA01000112.1,44791,44277,2136
GCA_049039295.1,JBENJX010000016.1,tet(B),-,40942,42141,IS91,327_IS91_LRKR01000133.1,43738,43466,1325
GCA_049039295.1,JBENJX010000016.1,tet(B),-,40942,42141,IS91,406_IS91_CP018710.1,44959,44771,2630
GCA_049039295.1,JBENJX010000016.1,APH(6)-Id,-,45514,46350,IS91,270_IS91_MOFF01000153.1,44653,43563,861
GCA_049039295.1,JBENJX010000016.1,APH(6)-Id,-,45514,46350,IS91,294_IS91_MOFA01000112.1,44791,44277,723
GCA_049039295.1,JBENJX010000016.1,APH(6)-Id,-,45514,46350,IS91,327_IS91_LRKR01000133.1,43738,43466,1776
GCA_049039295.1,JBENJX010000016.1,APH(6)-Id,-,45514,46350,IS91,406_IS91_CP018710.1,44959,44771,555
GCA_049039295.1,JBENJX010000016.1,APH(3'')-Ib,-,46350,47153,IS91,270_IS91_MOFF01000153.1,44653,43563,1697
GCA_049039295.1,JBENJX010000016.1,APH(3'')-Ib,-,46350,47153,IS91,294_IS91_MOFA01000112.1,44791,44277,1559
GCA_049039295.1,JBENJX010000016.1,APH(3'')-Ib,-,46350,47153,IS91,327_IS91_LRKR01000133.1,43738,43466,2612
GCA_049039295.1,JBENJX010000016.1,APH(3'')-Ib,-,46350,47153,IS91,406_IS91_CP018710.1,44959,44771,1391
GCA_049039295.1,JBENJX010000049.1,armA,+,3398,4171,tnpA,483_tnpA_HE577623.1,4780,6105,609
GCA_049039295.1,JBENJX010000049.1,armA,+,3398,4171,ISCR-orf513,281_ISCR-orf513_KJ186154.1,767,1999,1399
GCA_049039295.1,JBENJX010000049.1,armA,+,3398,4171,IS91,325_IS91_LYDO01000032.1,458,1261,2137
GCA_049039295.1,JBENJX010000049.1,armA,+,3398,4171,tnpAcp1,554_tnpAcp1_FJ187822.1,2335,3072,326
GCA_049039295.1,JBENJX010000049.1,msrE,+,6470,7945,tnpA,483_tnpA_HE577623.1,4780,6105,365
GCA_049039295.1,JBENJX010000049.1,msrE,+,6470,7945,ISCR-orf513,281_ISCR-orf513_KJ186154.1,767,1999,4471
GCA_049039295.1,JBENJX010000049.1,msrE,+,6470,7945,tnpAcp1,554_tnpAcp1_FJ187822.1,2335,3072,3398
GCA_049039295.1,JBENJX010000049.1,mphE,+,8001,8885,tnpA,483_tnpA_HE577623.1,4780,6105,1896
GCA_049039295.1,JBENJX010000049.1,mphE,+,8001,8885,tnpAcp1,554_tnpAcp1_FJ187822.1,2335,3072,4929
GCA_049039295.1,JBENJX010000064.1,TEM-12,-,94,954,tnpA,1098_tnpA_KX756453.1,1653,1137,183
GCA_049039295.1,JBENJX010000070.1,sul1,+,389,1228,qacEdelta,267_qacEdelta_HM138673.1,48,395,0
GCA_049039425.1,JBENJV010000005.1,mphE,-,4229,5113,tnpA,483_tnpA_HE577623.1,8334,7009,1896
GCA_049039425.1,JBENJV010000005.1,mphE,-,4229,5113,tnpAcp1,554_tnpAcp1_FJ187822.1,10685,10042,4929
GCA_049039425.1,JBENJV010000005.1,msrE,-,5169,6644,tnpA,483_tnpA_HE577623.1,8334,7009,365
GCA_049039425.1,JBENJV010000005.1,msrE,-,5169,6644,tnpAcp1,554_tnpAcp1_FJ187822.1,10685,10042,3398
GCA_049039425.1,JBENJV010000005.1,armA,-,8943,9716,tnpA,483_tnpA_HE577623.1,8334,7009,609
GCA_049039425.1,JBENJV010000005.1,armA,-,8943,9716,tnpAcp1,554_tnpAcp1_FJ187822.1,10685,10042,326
GCA_049039425.1,JBENJV010000005.1,abeS,+,106117,106446,qacEdelta,2277_qacEdelta_CT025799.2,106117,106446,0
GCA_049039425.1,JBENJV010000005.1,adeG,+,110984,112204,qacEdelta,2277_qacEdelta_CT025799.2,106117,106446,4538
GCA_049039425.1,JBENJV010000025.1,APH(3'')-Ib,+,59276,60079,IS91,270_IS91_MOFF01000153.1,61776,62866,1697
GCA_049039425.1,JBENJV010000025.1,APH(3'')-Ib,+,59276,60079,IS91,294_IS91_MOFA01000112.1,61638,62152,1559
GCA_049039425.1,JBENJV010000025.1,APH(3'')-Ib,+,59276,60079,IS91,327_IS91_LRKR01000133.1,62691,62963,2612
GCA_049039425.1,JBENJV010000025.1,APH(3'')-Ib,+,59276,60079,IS91,406_IS91_CP018710.1,61470,61658,1391
GCA_049039425.1,JBENJV010000025.1,APH(6)-Id,+,60079,60915,IS91,270_IS91_MOFF01000153.1,61776,62866,861
GCA_049039425.1,JBENJV010000025.1,APH(6)-Id,+,60079,60915,IS91,294_IS91_MOFA01000112.1,61638,62152,723
GCA_049039425.1,JBENJV010000025.1,APH(6)-Id,+,60079,60915,IS91,327_IS91_LRKR01000133.1,62691,62963,1776
GCA_049039425.1,JBENJV010000025.1,APH(6)-Id,+,60079,60915,IS91,406_IS91_CP018710.1,61470,61658,555
GCA_049039425.1,JBENJV010000025.1,tet(B),+,64288,65487,IS91,270_IS91_MOFF01000153.1,61776,62866,1422
GCA_049039425.1,JBENJV010000025.1,tet(B),+,64288,65487,IS91,294_IS91_MOFA01000112.1,61638,62152,2136
GCA_049039425.1,JBENJV010000025.1,tet(B),+,64288,65487,IS91,327_IS91_LRKR01000133.1,62691,62963,1325
GCA_049039425.1,JBENJV010000025.1,tet(B),+,64288,65487,IS91,406_IS91_CP018710.1,61470,61658,2630
GCA_049039425.1,JBENJV010000047.1,sul1,-,1293,2132,intI1,1060_intI1_KX029331.1,6130,5735,3603
GCA_049039425.1,JBENJV010000047.1,sul1,-,1293,2132,qacEdelta,267_qacEdelta_HM138673.1,2473,2126,0
GCA_049039425.1,JBENJV010000047.1,sul1,-,1293,2132,intI1,1793_intI1_KU736868.1,6658,6435,4303
GCA_049039425.1,JBENJV010000047.1,AAC(3)-Ia,-,5010,5474,intI1,1060_intI1_KX029331.1,6130,5735,261
GCA_049039425.1,JBENJV010000047.1,AAC(3)-Ia,-,5010,5474,qacEdelta,267_qacEdelta_HM138673.1,2473,2126,2537
GCA_049039425.1,JBENJV010000047.1,AAC(3)-Ia,-,5010,5474,intI1,1793_intI1_KU736868.1,6658,6435,961
GCA_049040385.1,JBENJO010000016.1,tet(B),-,40940,42139,IS91,270_IS91_MOFF01000153.1,44651,43561,1422
GCA_049040385.1,JBENJO010000016.1,tet(B),-,40940,42139,IS91,294_IS91_MOFA01000112.1,44789,44275,2136
GCA_049040385.1,JBENJO010000016.1,tet(B),-,40940,42139,IS91,327_IS91_LRKR01000133.1,43736,43464,1325
GCA_049040385.1,JBENJO010000016.1,tet(B),-,40940,42139,IS91,406_IS91_CP018710.1,44957,44769,2630
GCA_049040385.1,JBENJO010000016.1,APH(6)-Id,-,45512,46348,IS91,270_IS91_MOFF01000153.1,44651,43561,861
GCA_049040385.1,JBENJO010000016.1,APH(6)-Id,-,45512,46348,IS91,294_IS91_MOFA01000112.1,44789,44275,723
GCA_049040385.1,JBENJO010000016.1,APH(6)-Id,-,45512,46348,IS91,327_IS91_LRKR01000133.1,43736,43464,1776
GCA_049040385.1,JBENJO010000016.1,APH(6)-Id,-,45512,46348,IS91,406_IS91_CP018710.1,44957,44769,555
GCA_049040385.1,JBENJO010000016.1,APH(3'')-Ib,-,46348,47151,IS91,270_IS91_MOFF01000153.1,44651,43561,1697
GCA_049040385.1,JBENJO010000016.1,APH(3'')-Ib,-,46348,47151,IS91,294_IS91_MOFA01000112.1,44789,44275,1559
GCA_049040385.1,JBENJO010000016.1,APH(3'')-Ib,-,46348,47151,IS91,327_IS91_LRKR01000133.1,43736,43464,2612
GCA_049040385.1,JBENJO010000016.1,APH(3'')-Ib,-,46348,47151,IS91,406_IS91_CP018710.1,44957,44769,1391
GCA_049040385.1,JBENJO010000026.1,abeS,+,43686,44015,qacEdelta,2277_qacEdelta_CT025799.2,43686,44015,0
GCA_049040385.1,JBENJO010000026.1,adeG,+,48553,49773,qacEdelta,2277_qacEdelta_CT025799.2,43686,44015,4538
GCA_049040385.1,JBENJO010000044.1,AAC(3)-Ia,+,3482,3946,intI1,1060_intI1_KX029331.1,2826,3221,261
GCA_049040385.1,JBENJO010000044.1,AAC(3)-Ia,+,3482,3946,qacEdelta,267_qacEdelta_HM138673.1,6483,6830,2537
GCA_049040385.1,JBENJO010000044.1,AAC(3)-Ia,+,3482,3946,intI1,1793_intI1_KU736868.1,2298,2521,961
GCA_049040385.1,JBENJO010000044.1,sul1,+,6824,7663,intI1,1060_intI1_KX029331.1,2826,3221,3603
GCA_049040385.1,JBENJO010000044.1,sul1,+,6824,7663,qacEdelta,267_qacEdelta_HM138673.1,6483,6830,0
GCA_049040385.1,JBENJO010000044.1,sul1,+,6824,7663,intI1,1793_intI1_KU736868.1,2298,2521,4303
GCA_049040385.1,JBENJO010000059.1,TEM-12,-,17,877,tnpA,1098_tnpA_KX756453.1,1574,1060,183
GCA_049040615.1,JBENJK010000011.1,abeS,+,63095,63424,qacEdelta,2277_qacEdelta_CT025799.2,63095,63424,0
GCA_049040615.1,JBENJK010000011.1,adeG,+,67962,69182,qacEdelta,2277_qacEdelta_CT025799.2,63095,63424,4538
GCA_049040945.1,JBENJD010000006.1,abeS,+,93678,94007,qacEdelta,2277_qacEdelta_CT025799.2,93678,94007,0
GCA_049040945.1,JBENJD010000006.1,adeG,+,98545,99765,qacEdelta,2277_qacEdelta_CT025799.2,93678,94007,4538
GCA_049040945.1,JBENJD010000037.1,mphE,-,4228,5112,tnpA,483_tnpA_HE577623.1,8333,7008,1896
GCA_049040945.1,JBENJD010000037.1,mphE,-,4228,5112,tnpAcp1,554_tnpAcp1_FJ187822.1,10778,10041,4929
GCA_049040945.1,JBENJD010000037.1,msrE,-,5168,6643,tnpA,483_tnpA_HE577623.1,8333,7008,365
GCA_049040945.1,JBENJD010000037.1,msrE,-,5168,6643,ISCR-orf513,281_ISCR-orf513_KJ186154.1,12346,11114,4471
GCA_049040945.1,JBENJD010000037.1,msrE,-,5168,6643,tnpAcp1,554_tnpAcp1_FJ187822.1,10778,10041,3398
GCA_049040945.1,JBENJD010000037.1,armA,-,8942,9715,tnpA,483_tnpA_HE577623.1,8333,7008,609
GCA_049040945.1,JBENJD010000037.1,armA,-,8942,9715,ISCR-orf513,281_ISCR-orf513_KJ186154.1,12346,11114,1399
GCA_049040945.1,JBENJD010000037.1,armA,-,8942,9715,IS91,325_IS91_LYDO01000032.1,12655,11852,2137
GCA_049040945.1,JBENJD010000037.1,armA,-,8942,9715,tnpAcp1,554_tnpAcp1_FJ187822.1,10778,10041,326
GCA_049040945.1,JBENJD010000057.1,sul1,-,25,864,qacEdelta,267_qacEdelta_HM138673.1,1205,858,0
GCA_049040945.1,JBENJD010000060.1,TEM-12,+,775,1635,tnpA,1098_tnpA_KX756453.1,73,592,183
GCA_049042045.1,JBENID010000001.1,abeS,+,104013,104342,qacEdelta,2277_qacEdelta_CT025799.2,104013,104342,0
GCA_049042045.1,JBENID010000001.1,adeG,+,108880,110097,qacEdelta,2277_qacEdelta_CT025799.2,104013,104342,4538
GCA_049042445.1,JBENHS010000077.1,abeS,+,155,484,qacEdelta,2277_qacEdelta_CT025799.2,155,484,0
GCA_049042445.1,JBENHS010000077.1,adeG,+,5022,6242,qacEdelta,2277_qacEdelta_CT025799.2,155,484,4538
GCA_049042585.1,JBENHQ010000014.1,adeG,-,59794,61014,qacEdelta,2277_qacEdelta_CT025799.2,65881,65552,4538
GCA_049042585.1,JBENHQ010000014.1,abeS,-,65552,65881,qacEdelta,2277_qacEdelta_CT025799.2,65881,65552,0
GCA_049042585.1,JBENHQ010000020.1,mphE,-,4278,5162,tnpA,483_tnpA_HE577623.1,8383,7058,1896
GCA_049042585.1,JBENHQ010000020.1,mphE,-,4278,5162,tnpAcp1,554_tnpAcp1_FJ187822.1,10734,10091,4929
GCA_049042585.1,JBENHQ010000020.1,msrE,-,5218,6693,tnpA,483_tnpA_HE577623.1,8383,7058,365
GCA_049042585.1,JBENHQ010000020.1,msrE,-,5218,6693,tnpAcp1,554_tnpAcp1_FJ187822.1,10734,10091,3398
GCA_049042585.1,JBENHQ010000020.1,armA,-,8992,9765,tnpA,483_tnpA_HE577623.1,8383,7058,609
GCA_049042585.1,JBENHQ010000020.1,armA,-,8992,9765,tnpAcp1,554_tnpAcp1_FJ187822.1,10734,10091,326
GCA_049042585.1,JBENHQ010000021.1,tet(B),-,2357,3556,IS91,270_IS91_MOFF01000153.1,6068,4978,1422
GCA_049042585.1,JBENHQ010000021.1,tet(B),-,2357,3556,IS91,294_IS91_MOFA01000112.1,6206,5692,2136
GCA_049042585.1,JBENHQ010000021.1,tet(B),-,2357,3556,IS91,327_IS91_LRKR01000133.1,5153,4881,1325
GCA_049042585.1,JBENHQ010000021.1,tet(B),-,2357,3556,IS91,406_IS91_CP018710.1,6374,6186,2630
GCA_049042585.1,JBENHQ010000021.1,APH(6)-Id,-,6929,7765,IS91,270_IS91_MOFF01000153.1,6068,4978,861
GCA_049042585.1,JBENHQ010000021.1,APH(6)-Id,-,6929,7765,IS91,294_IS91_MOFA01000112.1,6206,5692,723
GCA_049042585.1,JBENHQ010000021.1,APH(6)-Id,-,6929,7765,IS91,327_IS91_LRKR01000133.1,5153,4881,1776
GCA_049042585.1,JBENHQ010000021.1,APH(6)-Id,-,6929,7765,IS91,406_IS91_CP018710.1,6374,6186,555
GCA_049042585.1,JBENHQ010000021.1,APH(3'')-Ib,-,7765,8568,IS91,270_IS91_MOFF01000153.1,6068,4978,1697
GCA_049042585.1,JBENHQ010000021.1,APH(3'')-Ib,-,7765,8568,IS91,294_IS91_MOFA01000112.1,6206,5692,1559
GCA_049042585.1,JBENHQ010000021.1,APH(3'')-Ib,-,7765,8568,IS91,327_IS91_LRKR01000133.1,5153,4881,2612
GCA_049042585.1,JBENHQ010000021.1,APH(3'')-Ib,-,7765,8568,IS91,406_IS91_CP018710.1,6374,6186,1391
GCA_049042585.1,JBENHQ010000078.1,TEM-12,-,17,877,tnpA,1098_tnpA_KX756453.1,1574,1060,183
GCA_049042765.1,JBENHL010000007.1,mphE,-,4278,5162,tnpA,483_tnpA_HE577623.1,8383,7058,1896
GCA_049042765.1,JBENHL010000007.1,mphE,-,4278,5162,tnpAcp1,554_tnpAcp1_FJ187822.1,10734,10091,4929
GCA_049042765.1,JBENHL010000007.1,msrE,-,5218,6693,tnpA,483_tnpA_HE577623.1,8383,7058,365
GCA_049042765.1,JBENHL010000007.1,msrE,-,5218,6693,tnpAcp1,554_tnpAcp1_FJ187822.1,10734,10091,3398
GCA_049042765.1,JBENHL010000007.1,armA,-,8992,9765,tnpA,483_tnpA_HE577623.1,8383,7058,609
GCA_049042765.1,JBENHL010000007.1,armA,-,8992,9765,tnpAcp1,554_tnpAcp1_FJ187822.1,10734,10091,326
GCA_049042765.1,JBENHL010000007.1,abeS,+,106154,106483,qacEdelta,2277_qacEdelta_CT025799.2,106154,106483,0
GCA_049042765.1,JBENHL010000007.1,adeG,+,111022,112242,qacEdelta,2277_qacEdelta_CT025799.2,106154,106483,4539
GCA_049042765.1,JBENHL010000020.1,tet(B),-,2314,3513,IS91,270_IS91_MOFF01000153.1,6025,4935,1422
GCA_049042765.1,JBENHL010000020.1,tet(B),-,2314,3513,IS91,294_IS91_MOFA01000112.1,6163,5649,2136
GCA_049042765.1,JBENHL010000020.1,tet(B),-,2314,3513,IS91,327_IS91_LRKR01000133.1,5110,4838,1325
GCA_049042765.1,JBENHL010000020.1,tet(B),-,2314,3513,IS91,406_IS91_CP018710.1,6331,6143,2630
GCA_049042765.1,JBENHL010000020.1,APH(6)-Id,-,6886,7722,IS91,270_IS91_MOFF01000153.1,6025,4935,861
GCA_049042765.1,JBENHL010000020.1,APH(6)-Id,-,6886,7722,IS91,294_IS91_MOFA01000112.1,6163,5649,723
GCA_049042765.1,JBENHL010000020.1,APH(6)-Id,-,6886,7722,IS91,327_IS91_LRKR01000133.1,5110,4838,1776
GCA_049042765.1,JBENHL010000020.1,APH(6)-Id,-,6886,7722,IS91,406_IS91_CP018710.1,6331,6143,555
GCA_049042765.1,JBENHL010000020.1,APH(3'')-Ib,-,7722,8525,IS91,270_IS91_MOFF01000153.1,6025,4935,1697
GCA_049042765.1,JBENHL010000020.1,APH(3'')-Ib,-,7722,8525,IS91,294_IS91_MOFA01000112.1,6163,5649,1559
GCA_049042765.1,JBENHL010000020.1,APH(3'')-Ib,-,7722,8525,IS91,327_IS91_LRKR01000133.1,5110,4838,2612
GCA_049042765.1,JBENHL010000020.1,APH(3'')-Ib,-,7722,8525,IS91,406_IS91_CP018710.1,6331,6143,1391
GCA_049042765.1,JBENHL010000053.1,TEM-12,-,17,877,tnpA,1098_tnpA_KX756453.1,1574,1060,183
GCA_049042865.1,JBENHH010000005.1,mphE,-,4278,5162,tnpA,483_tnpA_HE577623.1,8383,7058,1896
GCA_049042865.1,JBENHH010000005.1,mphE,-,4278,5162,tnpAcp1,554_tnpAcp1_FJ187822.1,10734,10091,4929
GCA_049042865.1,JBENHH010000005.1,msrE,-,5218,6693,tnpA,483_tnpA_HE577623.1,8383,7058,365
GCA_049042865.1,JBENHH010000005.1,msrE,-,5218,6693,tnpAcp1,554_tnpAcp1_FJ187822.1,10734,10091,3398
GCA_049042865.1,JBENHH010000005.1,armA,-,8992,9765,tnpA,483_tnpA_HE577623.1,8383,7058,609
GCA_049042865.1,JBENHH010000005.1,armA,-,8992,9765,tnpAcp1,554_tnpAcp1_FJ187822.1,10734,10091,326
GCA_049042865.1,JBENHH010000005.1,abeS,+,106155,106484,qacEdelta,2277_qacEdelta_CT025799.2,106155,106484,0
GCA_049042865.1,JBENHH010000005.1,adeG,+,111022,112242,qacEdelta,2277_qacEdelta_CT025799.2,106155,106484,4538
GCA_049042865.1,JBENHH010000019.1,tet(B),-,2357,3556,IS91,270_IS91_MOFF01000153.1,6068,4978,1422
GCA_049042865.1,JBENHH010000019.1,tet(B),-,2357,3556,IS91,294_IS91_MOFA01000112.1,6206,5692,2136
GCA_049042865.1,JBENHH010000019.1,tet(B),-,2357,3556,IS91,327_IS91_LRKR01000133.1,5153,4881,1325
GCA_049042865.1,JBENHH010000019.1,tet(B),-,2357,3556,IS91,406_IS91_CP018710.1,6374,6186,2630
GCA_049042865.1,JBENHH010000019.1,APH(6)-Id,-,6929,7765,IS91,270_IS91_MOFF01000153.1,6068,4978,861
GCA_049042865.1,JBENHH010000019.1,APH(6)-Id,-,6929,7765,IS91,294_IS91_MOFA01000112.1,6206,5692,723
GCA_049042865.1,JBENHH010000019.1,APH(6)-Id,-,6929,7765,IS91,327_IS91_LRKR01000133.1,5153,4881,1776
GCA_049042865.1,JBENHH010000019.1,APH(6)-Id,-,6929,7765,IS91,406_IS91_CP018710.1,6374,6186,555
GCA_049042865.1,JBENHH010000019.1,APH(3'')-Ib,-,7765,8568,IS91,270_IS91_MOFF01000153.1,6068,4978,1697
GCA_049042865.1,JBENHH010000019.1,APH(3'')-Ib,-,7765,8568,IS91,294_IS91_MOFA01000112.1,6206,5692,1559
GCA_049042865.1,JBENHH010000019.1,APH(3'')-Ib,-,7765,8568,IS91,327_IS91_LRKR01000133.1,5153,4881,2612
GCA_049042865.1,JBENHH010000019.1,APH(3'')-Ib,-,7765,8568,IS91,406_IS91_CP018710.1,6374,6186,1391
GCA_049042865.1,JBENHH010000063.1,TEM-12,+,698,1558,tnpA,1098_tnpA_KX756453.1,1,515,183
GCA_049044265.1,JBEOHO010000008.1,mphE,-,4278,5162,tnpA,483_tnpA_HE577623.1,8383,7058,1896
GCA_049044265.1,JBEOHO010000008.1,mphE,-,4278,5162,tnpAcp1,554_tnpAcp1_FJ187822.1,10734,10091,4929
GCA_049044265.1,JBEOHO010000008.1,msrE,-,5218,6693,tnpA,483_tnpA_HE577623.1,8383,7058,365
GCA_049044265.1,JBEOHO010000008.1,msrE,-,5218,6693,tnpAcp1,554_tnpAcp1_FJ187822.1,10734,10091,3398
GCA_049044265.1,JBEOHO010000008.1,armA,-,8992,9765,tnpA,483_tnpA_HE577623.1,8383,7058,609
GCA_049044265.1,JBEOHO010000008.1,armA,-,8992,9765,tnpAcp1,554_tnpAcp1_FJ187822.1,10734,10091,326
GCA_049044265.1,JBEOHO010000008.1,abeS,+,106155,106484,qacEdelta,2277_qacEdelta_CT025799.2,106155,106484,0
GCA_049044265.1,JBEOHO010000008.1,adeG,+,111022,112242,qacEdelta,2277_qacEdelta_CT025799.2,106155,106484,4538
GCA_049044265.1,JBEOHO010000021.1,APH(3'')-Ib,+,59276,60079,IS91,270_IS91_MOFF01000153.1,61776,62866,1697
GCA_049044265.1,JBEOHO010000021.1,APH(3'')-Ib,+,59276,60079,IS91,294_IS91_MOFA01000112.1,61638,62152,1559
GCA_049044265.1,JBEOHO010000021.1,APH(3'')-Ib,+,59276,60079,IS91,327_IS91_LRKR01000133.1,62691,62963,2612
GCA_049044265.1,JBEOHO010000021.1,APH(3'')-Ib,+,59276,60079,IS91,406_IS91_CP018710.1,61470,61658,1391
GCA_049044265.1,JBEOHO010000021.1,APH(6)-Id,+,60079,60915,IS91,270_IS91_MOFF01000153.1,61776,62866,861
GCA_049044265.1,JBEOHO010000021.1,APH(6)-Id,+,60079,60915,IS91,294_IS91_MOFA01000112.1,61638,62152,723
GCA_049044265.1,JBEOHO010000021.1,APH(6)-Id,+,60079,60915,IS91,327_IS91_LRKR01000133.1,62691,62963,1776
GCA_049044265.1,JBEOHO010000021.1,APH(6)-Id,+,60079,60915,IS91,406_IS91_CP018710.1,61470,61658,555
GCA_049044265.1,JBEOHO010000021.1,tet(B),+,64288,65487,IS91,270_IS91_MOFF01000153.1,61776,62866,1422
GCA_049044265.1,JBEOHO010000021.1,tet(B),+,64288,65487,IS91,294_IS91_MOFA01000112.1,61638,62152,2136
GCA_049044265.1,JBEOHO010000021.1,tet(B),+,64288,65487,IS91,327_IS91_LRKR01000133.1,62691,62963,1325
GCA_049044265.1,JBEOHO010000021.1,tet(B),+,64288,65487,IS91,406_IS91_CP018710.1,61470,61658,2630
GCA_049044265.1,JBEOHO010000057.1,TEM-12,+,698,1558,tnpA,1098_tnpA_KX756453.1,1,515,183
GCA_049044805.1,JBEOGZ010000008.1,abeS,+,91944,92273,qacEdelta,2277_qacEdelta_CT025799.2,91944,92273,0
GCA_049044805.1,JBEOGZ010000008.1,adeG,+,96812,98032,qacEdelta,2277_qacEdelta_CT025799.2,91944,92273,4539
GCA_049049325.1,JBEOCL010000009.1,abeS,+,87320,87649,qacEdelta,2277_qacEdelta_CT025799.2,87320,87649,0
GCA_049049325.1,JBEOCL010000009.1,adeG,+,92187,93407,qacEdelta,2277_qacEdelta_CT025799.2,87320,87649,4538
GCA_049049325.1,JBEOCL010000021.1,tet(B),-,662,1861,IS91,270_IS91_MOFF01000153.1,4373,3283,1422
GCA_049049325.1,JBEOCL010000021.1,tet(B),-,662,1861,IS91,294_IS91_MOFA01000112.1,4511,3997,2136
GCA_049049325.1,JBEOCL010000021.1,tet(B),-,662,1861,IS91,327_IS91_LRKR01000133.1,3458,3186,1325
GCA_049049325.1,JBEOCL010000021.1,tet(B),-,662,1861,IS91,406_IS91_CP018710.1,4679,4491,2630
GCA_049049325.1,JBEOCL010000021.1,APH(6)-Id,-,5234,6070,IS91,270_IS91_MOFF01000153.1,4373,3283,861
GCA_049049325.1,JBEOCL010000021.1,APH(6)-Id,-,5234,6070,IS91,294_IS91_MOFA01000112.1,4511,3997,723
GCA_049049325.1,JBEOCL010000021.1,APH(6)-Id,-,5234,6070,IS91,327_IS91_LRKR01000133.1,3458,3186,1776
GCA_049049325.1,JBEOCL010000021.1,APH(6)-Id,-,5234,6070,IS91,406_IS91_CP018710.1,4679,4491,555
GCA_049049325.1,JBEOCL010000021.1,APH(3'')-Ib,-,6070,6873,IS91,270_IS91_MOFF01000153.1,4373,3283,1697
GCA_049049325.1,JBEOCL010000021.1,APH(3'')-Ib,-,6070,6873,IS91,294_IS91_MOFA01000112.1,4511,3997,1559
GCA_049049325.1,JBEOCL010000021.1,APH(3'')-Ib,-,6070,6873,IS91,327_IS91_LRKR01000133.1,3458,3186,2612
GCA_049049325.1,JBEOCL010000021.1,APH(3'')-Ib,-,6070,6873,IS91,406_IS91_CP018710.1,4679,4491,1391
GCA_049049325.1,JBEOCL010000036.1,armA,+,9241,10014,tnpA,483_tnpA_HE577623.1,10623,11948,609
GCA_049049325.1,JBEOCL010000036.1,armA,+,9241,10014,tnpAcp1,554_tnpAcp1_FJ187822.1,8272,8915,326
GCA_049049325.1,JBEOCL010000036.1,msrE,+,12313,13788,tnpA,483_tnpA_HE577623.1,10623,11948,365
GCA_049049325.1,JBEOCL010000036.1,msrE,+,12313,13788,tnpAcp1,554_tnpAcp1_FJ187822.1,8272,8915,3398
GCA_049049325.1,JBEOCL010000036.1,mphE,+,13844,14728,tnpA,483_tnpA_HE577623.1,10623,11948,1896
GCA_049049325.1,JBEOCL010000036.1,mphE,+,13844,14728,tnpAcp1,554_tnpAcp1_FJ187822.1,8272,8915,4929
GCA_049049385.1,JBEOCK010000006.1,mphE,-,4278,5162,tnpA,483_tnpA_HE577623.1,8383,7058,1896
GCA_049049385.1,JBEOCK010000006.1,mphE,-,4278,5162,tnpAcp1,554_tnpAcp1_FJ187822.1,10734,10091,4929
GCA_049049385.1,JBEOCK010000006.1,msrE,-,5218,6693,tnpA,483_tnpA_HE577623.1,8383,7058,365
GCA_049049385.1,JBEOCK010000006.1,msrE,-,5218,6693,tnpAcp1,554_tnpAcp1_FJ187822.1,10734,10091,3398
GCA_049049385.1,JBEOCK010000006.1,armA,-,8992,9765,tnpA,483_tnpA_HE577623.1,8383,7058,609
GCA_049049385.1,JBEOCK010000006.1,armA,-,8992,9765,tnpAcp1,554_tnpAcp1_FJ187822.1,10734,10091,326
GCA_049049385.1,JBEOCK010000006.1,abeS,+,106166,106495,qacEdelta,2277_qacEdelta_CT025799.2,106166,106495,0
GCA_049049385.1,JBEOCK010000006.1,adeG,+,111033,112253,qacEdelta,2277_qacEdelta_CT025799.2,106166,106495,4538
GCA_049049385.1,JBEOCK010000023.1,tet(B),-,2357,3556,IS91,270_IS91_MOFF01000153.1,6068,4978,1422
GCA_049049385.1,JBEOCK010000023.1,tet(B),-,2357,3556,IS91,294_IS91_MOFA01000112.1,6206,5692,2136
GCA_049049385.1,JBEOCK010000023.1,tet(B),-,2357,3556,IS91,327_IS91_LRKR01000133.1,5153,4881,1325
GCA_049049385.1,JBEOCK010000023.1,tet(B),-,2357,3556,IS91,406_IS91_CP018710.1,6374,6186,2630
GCA_049049385.1,JBEOCK010000023.1,APH(6)-Id,-,6929,7765,IS91,270_IS91_MOFF01000153.1,6068,4978,861
GCA_049049385.1,JBEOCK010000023.1,APH(6)-Id,-,6929,7765,IS91,294_IS91_MOFA01000112.1,6206,5692,723
GCA_049049385.1,JBEOCK010000023.1,APH(6)-Id,-,6929,7765,IS91,327_IS91_LRKR01000133.1,5153,4881,1776
GCA_049049385.1,JBEOCK010000023.1,APH(6)-Id,-,6929,7765,IS91,406_IS91_CP018710.1,6374,6186,555
GCA_049049385.1,JBEOCK010000023.1,APH(3'')-Ib,-,7765,8568,IS91,270_IS91_MOFF01000153.1,6068,4978,1697
GCA_049049385.1,JBEOCK010000023.1,APH(3'')-Ib,-,7765,8568,IS91,294_IS91_MOFA01000112.1,6206,5692,1559
GCA_049049385.1,JBEOCK010000023.1,APH(3'')-Ib,-,7765,8568,IS91,327_IS91_LRKR01000133.1,5153,4881,2612
GCA_049049385.1,JBEOCK010000023.1,APH(3'')-Ib,-,7765,8568,IS91,406_IS91_CP018710.1,6374,6186,1391
GCA_049049385.1,JBEOCK010000061.1,TEM-12,+,698,1558,tnpA,1098_tnpA_KX756453.1,1,515,183
GCA_049049645.1,JBEOCD010000003.1,abeS,+,72818,73147,qacEdelta,2277_qacEdelta_CT025799.2,72818,73147,0
GCA_049049645.1,JBEOCD010000003.1,adeG,+,77685,78905,qacEdelta,2277_qacEdelta_CT025799.2,72818,73147,4538
GCA_049049725.1,JBEOCC010000005.1,mphE,-,4229,5113,tnpA,483_tnpA_HE577623.1,8334,7009,1896
GCA_049049725.1,JBEOCC010000005.1,mphE,-,4229,5113,tnpAcp1,554_tnpAcp1_FJ187822.1,10685,10042,4929
GCA_049049725.1,JBEOCC010000005.1,msrE,-,5169,6644,tnpA,483_tnpA_HE577623.1,8334,7009,365
GCA_049049725.1,JBEOCC010000005.1,msrE,-,5169,6644,tnpAcp1,554_tnpAcp1_FJ187822.1,10685,10042,3398
GCA_049049725.1,JBEOCC010000005.1,armA,-,8943,9716,tnpA,483_tnpA_HE577623.1,8334,7009,609
GCA_049049725.1,JBEOCC010000005.1,armA,-,8943,9716,tnpAcp1,554_tnpAcp1_FJ187822.1,10685,10042,326
GCA_049049725.1,JBEOCC010000005.1,abeS,+,106117,106446,qacEdelta,2277_qacEdelta_CT025799.2,106117,106446,0
GCA_049049725.1,JBEOCC010000005.1,adeG,+,110984,112204,qacEdelta,2277_qacEdelta_CT025799.2,106117,106446,4538
GCA_049049725.1,JBEOCC010000022.1,APH(3'')-Ib,+,59276,60079,IS91,270_IS91_MOFF01000153.1,61776,62866,1697
GCA_049049725.1,JBEOCC010000022.1,APH(3'')-Ib,+,59276,60079,IS91,294_IS91_MOFA01000112.1,61638,62152,1559
GCA_049049725.1,JBEOCC010000022.1,APH(3'')-Ib,+,59276,60079,IS91,327_IS91_LRKR01000133.1,62691,62963,2612
GCA_049049725.1,JBEOCC010000022.1,APH(3'')-Ib,+,59276,60079,IS91,406_IS91_CP018710.1,61470,61658,1391
GCA_049049725.1,JBEOCC010000022.1,APH(6)-Id,+,60079,60915,IS91,270_IS91_MOFF01000153.1,61776,62866,861
GCA_049049725.1,JBEOCC010000022.1,APH(6)-Id,+,60079,60915,IS91,294_IS91_MOFA01000112.1,61638,62152,723
GCA_049049725.1,JBEOCC010000022.1,APH(6)-Id,+,60079,60915,IS91,327_IS91_LRKR01000133.1,62691,62963,1776
GCA_049049725.1,JBEOCC010000022.1,APH(6)-Id,+,60079,60915,IS91,406_IS91_CP018710.1,61470,61658,555
GCA_049049725.1,JBEOCC010000022.1,tet(B),+,64288,65487,IS91,270_IS91_MOFF01000153.1,61776,62866,1422
GCA_049049725.1,JBEOCC010000022.1,tet(B),+,64288,65487,IS91,294_IS91_MOFA01000112.1,61638,62152,2136
GCA_049049725.1,JBEOCC010000022.1,tet(B),+,64288,65487,IS91,327_IS91_LRKR01000133.1,62691,62963,1325
GCA_049049725.1,JBEOCC010000022.1,tet(B),+,64288,65487,IS91,406_IS91_CP018710.1,61470,61658,2630
GCA_049049825.1,JBEOBY010000008.1,mphE,-,4229,5113,tnpA,483_tnpA_HE577623.1,8334,7009,1896
GCA_049049825.1,JBEOBY010000008.1,mphE,-,4229,5113,tnpAcp1,554_tnpAcp1_FJ187822.1,10685,10042,4929
GCA_049049825.1,JBEOBY010000008.1,msrE,-,5169,6644,tnpA,483_tnpA_HE577623.1,8334,7009,365
GCA_049049825.1,JBEOBY010000008.1,msrE,-,5169,6644,tnpAcp1,554_tnpAcp1_FJ187822.1,10685,10042,3398
GCA_049049825.1,JBEOBY010000008.1,armA,-,8943,9716,tnpA,483_tnpA_HE577623.1,8334,7009,609
GCA_049049825.1,JBEOBY010000008.1,armA,-,8943,9716,tnpAcp1,554_tnpAcp1_FJ187822.1,10685,10042,326
GCA_049049825.1,JBEOBY010000008.1,abeS,+,106106,106435,qacEdelta,2277_qacEdelta_CT025799.2,106106,106435,0
GCA_049049825.1,JBEOBY010000008.1,adeG,+,110973,112193,qacEdelta,2277_qacEdelta_CT025799.2,106106,106435,4538
GCA_049049825.1,JBEOBY010000023.1,tet(B),-,2357,3556,IS91,270_IS91_MOFF01000153.1,6068,4978,1422
GCA_049049825.1,JBEOBY010000023.1,tet(B),-,2357,3556,IS91,294_IS91_MOFA01000112.1,6206,5692,2136
GCA_049049825.1,JBEOBY010000023.1,tet(B),-,2357,3556,IS91,327_IS91_LRKR01000133.1,5153,4881,1325
GCA_049049825.1,JBEOBY010000023.1,tet(B),-,2357,3556,IS91,406_IS91_CP018710.1,6374,6186,2630
GCA_049049825.1,JBEOBY010000023.1,APH(6)-Id,-,6929,7765,IS91,270_IS91_MOFF01000153.1,6068,4978,861
GCA_049049825.1,JBEOBY010000023.1,APH(6)-Id,-,6929,7765,IS91,294_IS91_MOFA01000112.1,6206,5692,723
GCA_049049825.1,JBEOBY010000023.1,APH(6)-Id,-,6929,7765,IS91,327_IS91_LRKR01000133.1,5153,4881,1776
GCA_049049825.1,JBEOBY010000023.1,APH(6)-Id,-,6929,7765,IS91,406_IS91_CP018710.1,6374,6186,555
GCA_049049825.1,JBEOBY010000023.1,APH(3'')-Ib,-,7765,8568,IS91,270_IS91_MOFF01000153.1,6068,4978,1697
GCA_049049825.1,JBEOBY010000023.1,APH(3'')-Ib,-,7765,8568,IS91,294_IS91_MOFA01000112.1,6206,5692,1559
GCA_049049825.1,JBEOBY010000023.1,APH(3'')-Ib,-,7765,8568,IS91,327_IS91_LRKR01000133.1,5153,4881,2612
GCA_049049825.1,JBEOBY010000023.1,APH(3'')-Ib,-,7765,8568,IS91,406_IS91_CP018710.1,6374,6186,1391
GCA_049049825.1,JBEOBY010000063.1,sul1,-,2457,3296,ISCR-orf513,281_ISCR-orf513_KJ186154.1,1743,511,714
GCA_049049825.1,JBEOBY010000063.1,sul1,-,2457,3296,IS91,325_IS91_LYDO01000032.1,2052,1249,405
GCA_049049825.1,JBEOBY010000063.1,sul1,-,2457,3296,qacEdelta,267_qacEdelta_HM138673.1,3637,3290,0
GCA_049049825.1,JBEOBY010000063.1,catB8,-,4650,5282,ISCR-orf513,281_ISCR-orf513_KJ186154.1,1743,511,2907
GCA_049049825.1,JBEOBY010000063.1,catB8,-,4650,5282,IS91,325_IS91_LYDO01000032.1,2052,1249,2598
GCA_049049825.1,JBEOBY010000063.1,catB8,-,4650,5282,qacEdelta,267_qacEdelta_HM138673.1,3637,3290,1013
GCA_049050005.1,JBEOBU010000006.1,adeG,-,91308,92528,qacEdelta,2277_qacEdelta_CT025799.2,97395,97066,4538
GCA_049050005.1,JBEOBU010000006.1,abeS,-,97066,97395,qacEdelta,2277_qacEdelta_CT025799.2,97395,97066,0
GCA_049050005.1,JBEOBU010000006.1,armA,+,193796,194569,tnpA,483_tnpA_HE577623.1,195178,196503,609
GCA_049050005.1,JBEOBU010000006.1,armA,+,193796,194569,tnpAcp1,554_tnpAcp1_FJ187822.1,192827,193470,326
GCA_049050005.1,JBEOBU010000006.1,msrE,+,196868,198343,tnpA,483_tnpA_HE577623.1,195178,196503,365
GCA_049050005.1,JBEOBU010000006.1,msrE,+,196868,198343,tnpAcp1,554_tnpAcp1_FJ187822.1,192827,193470,3398
GCA_049050005.1,JBEOBU010000006.1,mphE,+,198399,199283,tnpA,483_tnpA_HE577623.1,195178,196503,1896
GCA_049050005.1,JBEOBU010000006.1,mphE,+,198399,199283,tnpAcp1,554_tnpAcp1_FJ187822.1,192827,193470,4929
GCA_049050005.1,JBEOBU010000022.1,tet(B),-,2357,3556,IS91,270_IS91_MOFF01000153.1,6068,4978,1422
GCA_049050005.1,JBEOBU010000022.1,tet(B),-,2357,3556,IS91,294_IS91_MOFA01000112.1,6206,5692,2136
GCA_049050005.1,JBEOBU010000022.1,tet(B),-,2357,3556,IS91,327_IS91_LRKR01000133.1,5153,4881,1325
GCA_049050005.1,JBEOBU010000022.1,tet(B),-,2357,3556,IS91,406_IS91_CP018710.1,6374,6186,2630
GCA_049050005.1,JBEOBU010000022.1,APH(6)-Id,-,6929,7765,IS91,270_IS91_MOFF01000153.1,6068,4978,861
GCA_049050005.1,JBEOBU010000022.1,APH(6)-Id,-,6929,7765,IS91,294_IS91_MOFA01000112.1,6206,5692,723
GCA_049050005.1,JBEOBU010000022.1,APH(6)-Id,-,6929,7765,IS91,327_IS91_LRKR01000133.1,5153,4881,1776
GCA_049050005.1,JBEOBU010000022.1,APH(6)-Id,-,6929,7765,IS91,406_IS91_CP018710.1,6374,6186,555
GCA_049050005.1,JBEOBU010000022.1,APH(3'')-Ib,-,7765,8568,IS91,270_IS91_MOFF01000153.1,6068,4978,1697
GCA_049050005.1,JBEOBU010000022.1,APH(3'')-Ib,-,7765,8568,IS91,294_IS91_MOFA01000112.1,6206,5692,1559
GCA_049050005.1,JBEOBU010000022.1,APH(3'')-Ib,-,7765,8568,IS91,327_IS91_LRKR01000133.1,5153,4881,2612
GCA_049050005.1,JBEOBU010000022.1,APH(3'')-Ib,-,7765,8568,IS91,406_IS91_CP018710.1,6374,6186,1391
GCA_049050245.1,JBEOBO010000008.1,adeG,-,72475,73695,qacEdelta,2277_qacEdelta_CT025799.2,78562,78233,4538
GCA_049050245.1,JBEOBO010000008.1,abeS,-,78233,78562,qacEdelta,2277_qacEdelta_CT025799.2,78562,78233,0
GCA_049050245.1,JBEOBO010000008.1,armA,+,174952,175725,tnpA,483_tnpA_HE577623.1,176334,177659,609
GCA_049050245.1,JBEOBO010000008.1,armA,+,174952,175725,tnpAcp1,554_tnpAcp1_FJ187822.1,173983,174626,326
GCA_049050245.1,JBEOBO010000008.1,msrE,+,178024,179499,tnpA,483_tnpA_HE577623.1,176334,177659,365
GCA_049050245.1,JBEOBO010000008.1,msrE,+,178024,179499,tnpAcp1,554_tnpAcp1_FJ187822.1,173983,174626,3398
GCA_049050245.1,JBEOBO010000008.1,mphE,+,179555,180439,tnpA,483_tnpA_HE577623.1,176334,177659,1896
GCA_049050245.1,JBEOBO010000008.1,mphE,+,179555,180439,tnpAcp1,554_tnpAcp1_FJ187822.1,173983,174626,4929
GCA_049050245.1,JBEOBO010000024.1,APH(3'')-Ib,+,59276,60079,IS91,270_IS91_MOFF01000153.1,61776,62866,1697
GCA_049050245.1,JBEOBO010000024.1,APH(3'')-Ib,+,59276,60079,IS91,294_IS91_MOFA01000112.1,61638,62152,1559
GCA_049050245.1,JBEOBO010000024.1,APH(3'')-Ib,+,59276,60079,IS91,327_IS91_LRKR01000133.1,62691,62963,2612
GCA_049050245.1,JBEOBO010000024.1,APH(3'')-Ib,+,59276,60079,IS91,406_IS91_CP018710.1,61470,61658,1391
GCA_049050245.1,JBEOBO010000024.1,APH(6)-Id,+,60079,60915,IS91,270_IS91_MOFF01000153.1,61776,62866,861
GCA_049050245.1,JBEOBO010000024.1,APH(6)-Id,+,60079,60915,IS91,294_IS91_MOFA01000112.1,61638,62152,723
GCA_049050245.1,JBEOBO010000024.1,APH(6)-Id,+,60079,60915,IS91,327_IS91_LRKR01000133.1,62691,62963,1776
GCA_049050245.1,JBEOBO010000024.1,APH(6)-Id,+,60079,60915,IS91,406_IS91_CP018710.1,61470,61658,555
GCA_049050245.1,JBEOBO010000024.1,tet(B),+,64288,65487,IS91,270_IS91_MOFF01000153.1,61776,62866,1422
GCA_049050245.1,JBEOBO010000024.1,tet(B),+,64288,65487,IS91,294_IS91_MOFA01000112.1,61638,62152,2136
GCA_049050245.1,JBEOBO010000024.1,tet(B),+,64288,65487,IS91,327_IS91_LRKR01000133.1,62691,62963,1325
GCA_049050245.1,JBEOBO010000024.1,tet(B),+,64288,65487,IS91,406_IS91_CP018710.1,61470,61658,2630
GCA_049050405.1,JBEOBK010000006.1,mphE,-,680,1564,tnpA,483_tnpA_HE577623.1,4785,3460,1896
GCA_049050405.1,JBEOBK010000006.1,mphE,-,680,1564,tnpAcp1,554_tnpAcp1_FJ187822.1,7136,6493,4929
GCA_049050405.1,JBEOBK010000006.1,msrE,-,1620,3095,tnpA,483_tnpA_HE577623.1,4785,3460,365
GCA_049050405.1,JBEOBK010000006.1,msrE,-,1620,3095,tnpAcp1,554_tnpAcp1_FJ187822.1,7136,6493,3398
GCA_049050405.1,JBEOBK010000006.1,armA,-,5394,6167,tnpA,483_tnpA_HE577623.1,4785,3460,609
GCA_049050405.1,JBEOBK010000006.1,armA,-,5394,6167,tnpAcp1,554_tnpAcp1_FJ187822.1,7136,6493,326
GCA_049050405.1,JBEOBK010000006.1,abeS,+,102568,102897,qacEdelta,2277_qacEdelta_CT025799.2,102568,102897,0
GCA_049050405.1,JBEOBK010000006.1,adeG,+,107435,108655,qacEdelta,2277_qacEdelta_CT025799.2,102568,102897,4538
GCA_049050405.1,JBEOBK010000020.1,tet(B),-,2357,3556,IS91,270_IS91_MOFF01000153.1,6068,4978,1422
GCA_049050405.1,JBEOBK010000020.1,tet(B),-,2357,3556,IS91,294_IS91_MOFA01000112.1,6206,5692,2136
GCA_049050405.1,JBEOBK010000020.1,tet(B),-,2357,3556,IS91,327_IS91_LRKR01000133.1,5153,4881,1325
GCA_049050405.1,JBEOBK010000020.1,tet(B),-,2357,3556,IS91,406_IS91_CP018710.1,6374,6186,2630
GCA_049050405.1,JBEOBK010000020.1,APH(6)-Id,-,6929,7765,IS91,270_IS91_MOFF01000153.1,6068,4978,861
GCA_049050405.1,JBEOBK010000020.1,APH(6)-Id,-,6929,7765,IS91,294_IS91_MOFA01000112.1,6206,5692,723
GCA_049050405.1,JBEOBK010000020.1,APH(6)-Id,-,6929,7765,IS91,327_IS91_LRKR01000133.1,5153,4881,1776
GCA_049050405.1,JBEOBK010000020.1,APH(6)-Id,-,6929,7765,IS91,406_IS91_CP018710.1,6374,6186,555
GCA_049050405.1,JBEOBK010000020.1,APH(3'')-Ib,-,7765,8568,IS91,270_IS91_MOFF01000153.1,6068,4978,1697
GCA_049050405.1,JBEOBK010000020.1,APH(3'')-Ib,-,7765,8568,IS91,294_IS91_MOFA01000112.1,6206,5692,1559
GCA_049050405.1,JBEOBK010000020.1,APH(3'')-Ib,-,7765,8568,IS91,327_IS91_LRKR01000133.1,5153,4881,2612
GCA_049050405.1,JBEOBK010000020.1,APH(3'')-Ib,-,7765,8568,IS91,406_IS91_CP018710.1,6374,6186,1391
GCA_049050405.1,JBEOBK010000058.1,TEM-12,+,698,1558,tnpA,1098_tnpA_KX756453.1,1,515,183
GCA_049050645.1,JBEOBD010000007.1,adeG,-,72475,73695,qacEdelta,2277_qacEdelta_CT025799.2,78562,78233,4538
GCA_049050645.1,JBEOBD010000007.1,abeS,-,78233,78562,qacEdelta,2277_qacEdelta_CT025799.2,78562,78233,0
GCA_049050645.1,JBEOBD010000007.1,armA,+,174963,175736,tnpA,483_tnpA_HE577623.1,176345,177670,609
GCA_049050645.1,JBEOBD010000007.1,armA,+,174963,175736,tnpAcp1,554_tnpAcp1_FJ187822.1,173994,174637,326
GCA_049050645.1,JBEOBD010000007.1,msrE,+,178035,179510,tnpA,483_tnpA_HE577623.1,176345,177670,365
GCA_049050645.1,JBEOBD010000007.1,msrE,+,178035,179510,tnpAcp1,554_tnpAcp1_FJ187822.1,173994,174637,3398
GCA_049050645.1,JBEOBD010000024.1,tet(B),-,77,1276,IS91,270_IS91_MOFF01000153.1,3788,2698,1422
GCA_049050645.1,JBEOBD010000024.1,tet(B),-,77,1276,IS91,294_IS91_MOFA01000112.1,3926,3412,2136
GCA_049050645.1,JBEOBD010000024.1,tet(B),-,77,1276,IS91,327_IS91_LRKR01000133.1,2873,2601,1325
GCA_049050645.1,JBEOBD010000024.1,tet(B),-,77,1276,IS91,406_IS91_CP018710.1,4094,3906,2630
GCA_049050645.1,JBEOBD010000024.1,APH(6)-Id,-,4649,5485,IS91,270_IS91_MOFF01000153.1,3788,2698,861
GCA_049050645.1,JBEOBD010000024.1,APH(6)-Id,-,4649,5485,IS91,294_IS91_MOFA01000112.1,3926,3412,723
GCA_049050645.1,JBEOBD010000024.1,APH(6)-Id,-,4649,5485,IS91,327_IS91_LRKR01000133.1,2873,2601,1776
GCA_049050645.1,JBEOBD010000024.1,APH(6)-Id,-,4649,5485,IS91,406_IS91_CP018710.1,4094,3906,555
GCA_049050645.1,JBEOBD010000024.1,APH(3'')-Ib,-,5485,6288,IS91,270_IS91_MOFF01000153.1,3788,2698,1697
GCA_049050645.1,JBEOBD010000024.1,APH(3'')-Ib,-,5485,6288,IS91,294_IS91_MOFA01000112.1,3926,3412,1559
GCA_049050645.1,JBEOBD010000024.1,APH(3'')-Ib,-,5485,6288,IS91,327_IS91_LRKR01000133.1,2873,2601,2612
GCA_049050645.1,JBEOBD010000024.1,APH(3'')-Ib,-,5485,6288,IS91,406_IS91_CP018710.1,4094,3906,1391
GCA_049050645.1,JBEOBD010000052.1,TEM-12,+,698,1558,tnpA,1098_tnpA_KX756453.1,1,515,183
GCA_049050945.1,JBEOAW010000012.1,abeS,+,48626,48955,qacEdelta,2277_qacEdelta_CT025799.2,48626,48955,0
GCA_049050945.1,JBEOAW010000012.1,adeG,+,53493,54713,qacEdelta,2277_qacEdelta_CT025799.2,48626,48955,4538
GCA_049050945.1,JBEOAW010000021.1,mphE,-,4278,5162,tnpA,483_tnpA_HE577623.1,8383,7058,1896
GCA_049050945.1,JBEOAW010000021.1,mphE,-,4278,5162,tnpAcp1,554_tnpAcp1_FJ187822.1,10734,10091,4929
GCA_049050945.1,JBEOAW010000021.1,msrE,-,5218,6693,tnpA,483_tnpA_HE577623.1,8383,7058,365
GCA_049050945.1,JBEOAW010000021.1,msrE,-,5218,6693,tnpAcp1,554_tnpAcp1_FJ187822.1,10734,10091,3398
GCA_049050945.1,JBEOAW010000021.1,armA,-,8992,9765,tnpA,483_tnpA_HE577623.1,8383,7058,609
GCA_049050945.1,JBEOAW010000021.1,armA,-,8992,9765,tnpAcp1,554_tnpAcp1_FJ187822.1,10734,10091,326
GCA_049050945.1,JBEOAW010000022.1,tet(B),-,2314,3513,IS91,270_IS91_MOFF01000153.1,6025,4935,1422
GCA_049050945.1,JBEOAW010000022.1,tet(B),-,2314,3513,IS91,294_IS91_MOFA01000112.1,6163,5649,2136
GCA_049050945.1,JBEOAW010000022.1,tet(B),-,2314,3513,IS91,327_IS91_LRKR01000133.1,5110,4838,1325
GCA_049050945.1,JBEOAW010000022.1,tet(B),-,2314,3513,IS91,406_IS91_CP018710.1,6331,6143,2630
GCA_049050945.1,JBEOAW010000022.1,APH(6)-Id,-,6886,7722,IS91,270_IS91_MOFF01000153.1,6025,4935,861
GCA_049050945.1,JBEOAW010000022.1,APH(6)-Id,-,6886,7722,IS91,294_IS91_MOFA01000112.1,6163,5649,723
GCA_049050945.1,JBEOAW010000022.1,APH(6)-Id,-,6886,7722,IS91,327_IS91_LRKR01000133.1,5110,4838,1776
GCA_049050945.1,JBEOAW010000022.1,APH(6)-Id,-,6886,7722,IS91,406_IS91_CP018710.1,6331,6143,555
GCA_049050945.1,JBEOAW010000022.1,APH(3'')-Ib,-,7722,8525,IS91,270_IS91_MOFF01000153.1,6025,4935,1697
GCA_049050945.1,JBEOAW010000022.1,APH(3'')-Ib,-,7722,8525,IS91,294_IS91_MOFA01000112.1,6163,5649,1559
GCA_049050945.1,JBEOAW010000022.1,APH(3'')-Ib,-,7722,8525,IS91,327_IS91_LRKR01000133.1,5110,4838,2612
GCA_049050945.1,JBEOAW010000022.1,APH(3'')-Ib,-,7722,8525,IS91,406_IS91_CP018710.1,6331,6143,1391
GCA_049050945.1,JBEOAW010000067.1,TEM-12,-,17,877,tnpA,1098_tnpA_KX756453.1,1574,1060,183
GCA_049052525.1,JBENZG010000008.1,abeS,+,76063,76392,qacEdelta,2277_qacEdelta_CT025799.2,76063,76392,0
GCA_049052525.1,JBENZG010000008.1,adeG,+,80930,82150,qacEdelta,2277_qacEdelta_CT025799.2,76063,76392,4538
GCA_049052525.1,JBENZG010000021.1,APH(3'')-Ib,+,59276,60079,IS91,270_IS91_MOFF01000153.1,61776,62866,1697
GCA_049052525.1,JBENZG010000021.1,APH(3'')-Ib,+,59276,60079,IS91,294_IS91_MOFA01000112.1,61638,62152,1559
GCA_049052525.1,JBENZG010000021.1,APH(3'')-Ib,+,59276,60079,IS91,327_IS91_LRKR01000133.1,62691,62963,2612
GCA_049052525.1,JBENZG010000021.1,APH(3'')-Ib,+,59276,60079,IS91,406_IS91_CP018710.1,61470,61658,1391
GCA_049052525.1,JBENZG010000021.1,APH(6)-Id,+,60079,60915,IS91,270_IS91_MOFF01000153.1,61776,62866,861
GCA_049052525.1,JBENZG010000021.1,APH(6)-Id,+,60079,60915,IS91,294_IS91_MOFA01000112.1,61638,62152,723
GCA_049052525.1,JBENZG010000021.1,APH(6)-Id,+,60079,60915,IS91,327_IS91_LRKR01000133.1,62691,62963,1776
GCA_049052525.1,JBENZG010000021.1,APH(6)-Id,+,60079,60915,IS91,406_IS91_CP018710.1,61470,61658,555
GCA_049052525.1,JBENZG010000021.1,tet(B),+,64288,65487,IS91,270_IS91_MOFF01000153.1,61776,62866,1422
GCA_049052525.1,JBENZG010000021.1,tet(B),+,64288,65487,IS91,294_IS91_MOFA01000112.1,61638,62152,2136
GCA_049052525.1,JBENZG010000021.1,tet(B),+,64288,65487,IS91,327_IS91_LRKR01000133.1,62691,62963,1325
GCA_049052525.1,JBENZG010000021.1,tet(B),+,64288,65487,IS91,406_IS91_CP018710.1,61470,61658,2630
GCA_049052525.1,JBENZG010000043.1,mphE,-,4229,5113,tnpA,483_tnpA_HE577623.1,8334,7009,1896
GCA_049052525.1,JBENZG010000043.1,mphE,-,4229,5113,tnpAcp1,554_tnpAcp1_FJ187822.1,10779,10042,4929
GCA_049052525.1,JBENZG010000043.1,msrE,-,5169,6644,tnpA,483_tnpA_HE577623.1,8334,7009,365
GCA_049052525.1,JBENZG010000043.1,msrE,-,5169,6644,ISCR-orf513,281_ISCR-orf513_KJ186154.1,12347,11115,4471
GCA_049052525.1,JBENZG010000043.1,msrE,-,5169,6644,tnpAcp1,554_tnpAcp1_FJ187822.1,10779,10042,3398
GCA_049052525.1,JBENZG010000043.1,armA,-,8943,9716,tnpA,483_tnpA_HE577623.1,8334,7009,609
GCA_049052525.1,JBENZG010000043.1,armA,-,8943,9716,ISCR-orf513,281_ISCR-orf513_KJ186154.1,12347,11115,1399
GCA_049052525.1,JBENZG010000043.1,armA,-,8943,9716,IS91,325_IS91_LYDO01000032.1,12656,11853,2137
GCA_049052525.1,JBENZG010000043.1,armA,-,8943,9716,tnpAcp1,554_tnpAcp1_FJ187822.1,10779,10042,326
GCA_049052525.1,JBENZG010000043.1,armA,-,8943,9716,qacEdelta,267_qacEdelta_HM138673.1,14241,13894,4178
GCA_049052525.1,JBENZG010000043.1,sul1,-,13061,13900,tnpA,483_tnpA_HE577623.1,8334,7009,4727
GCA_049052525.1,JBENZG010000043.1,sul1,-,13061,13900,ISCR-orf513,281_ISCR-orf513_KJ186154.1,12347,11115,714
GCA_049052525.1,JBENZG010000043.1,sul1,-,13061,13900,IS91,325_IS91_LYDO01000032.1,12656,11853,405
GCA_049052525.1,JBENZG010000043.1,sul1,-,13061,13900,tnpAcp1,554_tnpAcp1_FJ187822.1,10779,10042,2282
GCA_049052525.1,JBENZG010000043.1,sul1,-,13061,13900,intI1,1060_intI1_KX029331.1,17198,16803,2903
GCA_049052525.1,JBENZG010000043.1,sul1,-,13061,13900,qacEdelta,267_qacEdelta_HM138673.1,14241,13894,0
GCA_049052525.1,JBENZG010000043.1,catB8,-,15254,15886,ISCR-orf513,281_ISCR-orf513_KJ186154.1,12347,11115,2907
GCA_049052525.1,JBENZG010000043.1,catB8,-,15254,15886,IS91,325_IS91_LYDO01000032.1,12656,11853,2598
GCA_049052525.1,JBENZG010000043.1,catB8,-,15254,15886,tnpAcp1,554_tnpAcp1_FJ187822.1,10779,10042,4475
GCA_049052525.1,JBENZG010000043.1,catB8,-,15254,15886,intI1,1060_intI1_KX029331.1,17198,16803,917
GCA_049052525.1,JBENZG010000043.1,catB8,-,15254,15886,qacEdelta,267_qacEdelta_HM138673.1,14241,13894,1013
GCA_049052525.1,JBENZG010000043.1,AAC(6')-Ib7,-,15979,16783,ISCR-orf513,281_ISCR-orf513_KJ186154.1,12347,11115,3632
GCA_049052525.1,JBENZG010000043.1,AAC(6')-Ib7,-,15979,16783,IS91,325_IS91_LYDO01000032.1,12656,11853,3323
GCA_049052525.1,JBENZG010000043.1,AAC(6')-Ib7,-,15979,16783,intI1,1060_intI1_KX029331.1,17198,16803,20
GCA_049052525.1,JBENZG010000043.1,AAC(6')-Ib7,-,15979,16783,qacEdelta,267_qacEdelta_HM138673.1,14241,13894,1738
GCA_049052525.1,JBENZG010000062.1,TEM-12,-,17,877,tnpA,1098_tnpA_KX756453.1,1574,1060,183
GCA_049052905.1,JBENYW010000002.1,adeG,-,294394,295614,qacEdelta,2277_qacEdelta_CT025799.2,300480,300151,4537
GCA_049052905.1,JBENYW010000002.1,abeS,-,300151,300480,qacEdelta,2277_qacEdelta_CT025799.2,300480,300151,0
GCA_049052905.1,JBENYW010000012.1,tet(B),+,102096,103301,IS91,327_IS91_LRKR01000133.1,100499,100771,1325
GCA_049052905.1,JBENYW010000012.1,tet(B),+,102096,103301,IS91,502_IS91_MOIM01000174.1,99935,100139,1957
GCA_049052905.1,JBENYW010000012.1,sul2,-,103916,104731,tnpA,2582_tnpA_JQ241791.1,99877,99173,4039
GCA_049084495.1,DBHAWR010000008.1,adeG,-,72393,73613,qacEdelta,2277_qacEdelta_CT025799.2,78480,78151,4538
GCA_049084495.1,DBHAWR010000008.1,abeS,-,78151,78480,qacEdelta,2277_qacEdelta_CT025799.2,78480,78151,0
GCA_049084495.1,DBHAWR010000017.1,APH(3'')-Ib,+,59198,60001,IS91,270_IS91_MOFF01000153.1,61698,62788,1697
GCA_049084495.1,DBHAWR010000017.1,APH(3'')-Ib,+,59198,60001,IS91,294_IS91_MOFA01000112.1,61560,62074,1559
GCA_049084495.1,DBHAWR010000017.1,APH(3'')-Ib,+,59198,60001,IS91,327_IS91_LRKR01000133.1,62613,62885,2612
GCA_049084495.1,DBHAWR010000017.1,APH(3'')-Ib,+,59198,60001,IS91,406_IS91_CP018710.1,61392,61580,1391
GCA_049084495.1,DBHAWR010000017.1,APH(6)-Id,+,60001,60837,IS91,270_IS91_MOFF01000153.1,61698,62788,861
GCA_049084495.1,DBHAWR010000017.1,APH(6)-Id,+,60001,60837,IS91,294_IS91_MOFA01000112.1,61560,62074,723
GCA_049084495.1,DBHAWR010000017.1,APH(6)-Id,+,60001,60837,IS91,327_IS91_LRKR01000133.1,62613,62885,1776
GCA_049084495.1,DBHAWR010000017.1,APH(6)-Id,+,60001,60837,IS91,406_IS91_CP018710.1,61392,61580,555
GCA_049084495.1,DBHAWR010000017.1,tet(B),+,64210,65409,IS91,270_IS91_MOFF01000153.1,61698,62788,1422
GCA_049084495.1,DBHAWR010000017.1,tet(B),+,64210,65409,IS91,294_IS91_MOFA01000112.1,61560,62074,2136
GCA_049084495.1,DBHAWR010000017.1,tet(B),+,64210,65409,IS91,327_IS91_LRKR01000133.1,62613,62885,1325
GCA_049084495.1,DBHAWR010000017.1,tet(B),+,64210,65409,IS91,406_IS91_CP018710.1,61392,61580,2630
GCA_049084495.1,DBHAWR010000053.1,mphE,-,1721,2605,tnpA,483_tnpA_HE577623.1,5826,4501,1896
GCA_049084495.1,DBHAWR010000053.1,mphE,-,1721,2605,tnpAcp1,554_tnpAcp1_FJ187822.1,8271,7534,4929
GCA_049084495.1,DBHAWR010000053.1,msrE,-,2661,4136,tnpA,483_tnpA_HE577623.1,5826,4501,365
GCA_049084495.1,DBHAWR010000053.1,msrE,-,2661,4136,ISCR-orf513,281_ISCR-orf513_KJ186154.1,9786,8607,4471
GCA_049084495.1,DBHAWR010000053.1,msrE,-,2661,4136,tnpAcp1,554_tnpAcp1_FJ187822.1,8271,7534,3398
GCA_049084495.1,DBHAWR010000053.1,armA,-,6435,7208,tnpA,483_tnpA_HE577623.1,5826,4501,609
GCA_049084495.1,DBHAWR010000053.1,armA,-,6435,7208,ISCR-orf513,281_ISCR-orf513_KJ186154.1,9786,8607,1399
GCA_049084495.1,DBHAWR010000053.1,armA,-,6435,7208,tnpAcp1,554_tnpAcp1_FJ187822.1,8271,7534,326
GCA_049084495.1,DBHAWR010000078.1,TEM-12,-,16,876,tnpA,1098_tnpA_KX756453.1,1572,1059,183
GCA_049084495.1,DBHAWR010000099.1,abeS,+,16382,16711,qacEdelta,2277_qacEdelta_CT025799.2,16382,16711,0
GCA_049084495.1,DBHAWR010000101.1,armA,+,2620,3393,tnpA,483_tnpA_HE577623.1,4002,5327,609
GCA_049084495.1,DBHAWR010000101.1,armA,+,2620,3393,ISCR-orf513,281_ISCR-orf513_KJ186154.1,41,1221,1399
GCA_049084495.1,DBHAWR010000101.1,armA,+,2620,3393,tnpAcp1,554_tnpAcp1_FJ187822.1,1557,2294,326
GCA_049084495.1,DBHAWR010000101.1,msrE,+,5692,7167,tnpA,483_tnpA_HE577623.1,4002,5327,365
GCA_049084495.1,DBHAWR010000101.1,msrE,+,5692,7167,ISCR-orf513,281_ISCR-orf513_KJ186154.1,41,1221,4471
GCA_049084495.1,DBHAWR010000101.1,msrE,+,5692,7167,tnpAcp1,554_tnpAcp1_FJ187822.1,1557,2294,3398
GCA_049084495.1,DBHAWR010000101.1,mphE,+,7223,8107,tnpA,483_tnpA_HE577623.1,4002,5327,1896
GCA_049084495.1,DBHAWR010000101.1,mphE,+,7223,8107,tnpAcp1,554_tnpAcp1_FJ187822.1,1557,2294,4929
GCA_049084495.1,DBHAWR010000103.1,APH(3'')-Ib,+,1249,2052,IS91,270_IS91_MOFF01000153.1,3749,4839,1697
GCA_049084495.1,DBHAWR010000103.1,APH(3'')-Ib,+,1249,2052,IS91,294_IS91_MOFA01000112.1,3611,4125,1559
GCA_049084495.1,DBHAWR010000103.1,APH(3'')-Ib,+,1249,2052,IS91,327_IS91_LRKR01000133.1,4664,4936,2612
GCA_049084495.1,DBHAWR010000103.1,APH(3'')-Ib,+,1249,2052,IS91,406_IS91_CP018710.1,3443,3631,1391
GCA_049084495.1,DBHAWR010000103.1,APH(6)-Id,+,2052,2888,IS91,270_IS91_MOFF01000153.1,3749,4839,861
GCA_049084495.1,DBHAWR010000103.1,APH(6)-Id,+,2052,2888,IS91,294_IS91_MOFA01000112.1,3611,4125,723
GCA_049084495.1,DBHAWR010000103.1,APH(6)-Id,+,2052,2888,IS91,327_IS91_LRKR01000133.1,4664,4936,1776
GCA_049084495.1,DBHAWR010000103.1,APH(6)-Id,+,2052,2888,IS91,406_IS91_CP018710.1,3443,3631,555
GCA_049084495.1,DBHAWR010000103.1,tet(B),+,6261,7460,IS91,270_IS91_MOFF01000153.1,3749,4839,1422
GCA_049084495.1,DBHAWR010000103.1,tet(B),+,6261,7460,IS91,294_IS91_MOFA01000112.1,3611,4125,2136
GCA_049084495.1,DBHAWR010000103.1,tet(B),+,6261,7460,IS91,327_IS91_LRKR01000133.1,4664,4936,1325
GCA_049084495.1,DBHAWR010000103.1,tet(B),+,6261,7460,IS91,406_IS91_CP018710.1,3443,3631,2630
GCA_049084495.1,DBHAWR010000106.1,TEM-12,+,738,1598,tnpA,1098_tnpA_KX756453.1,36,555,183
GCA_049100175.1,ABYKZK010000007.1,adeG,-,72396,73616,qacEdelta,2277_qacEdelta_CT025799.2,78483,78154,4538
GCA_049100175.1,ABYKZK010000007.1,abeS,-,78154,78483,qacEdelta,2277_qacEdelta_CT025799.2,78483,78154,0
GCA_049100175.1,ABYKZK010000069.1,sul1,-,2087,2926,intI1,1060_intI1_KX029331.1,5463,5068,2142
GCA_049100175.1,ABYKZK010000069.1,sul1,-,2087,2926,qacEdelta,267_qacEdelta_HM138673.1,3267,2920,0
GCA_049100175.1,ABYKZK010000069.1,sul1,-,2087,2926,intI1,1793_intI1_KU736868.1,5991,5768,2842
GCA_049100175.1,ABYKZK010000069.1,aadA2,-,3431,4210,intI1,1060_intI1_KX029331.1,5463,5068,858
GCA_049100175.1,ABYKZK010000069.1,aadA2,-,3431,4210,qacEdelta,267_qacEdelta_HM138673.1,3267,2920,164
GCA_049100175.1,ABYKZK010000069.1,aadA2,-,3431,4210,intI1,1793_intI1_KU736868.1,5991,5768,1558
GCA_049100175.1,ABYKZK010000069.1,ANT(2'')-Ia,-,4280,4813,intI1,1060_intI1_KX029331.1,5463,5068,255
GCA_049100175.1,ABYKZK010000069.1,ANT(2'')-Ia,-,4280,4813,qacEdelta,267_qacEdelta_HM138673.1,3267,2920,1013
GCA_049100175.1,ABYKZK010000069.1,ANT(2'')-Ia,-,4280,4813,intI1,1793_intI1_KU736868.1,5991,5768,955
GCA_049100175.1,ABYKZK010000100.1,abeS,+,56583,56912,qacEdelta,2277_qacEdelta_CT025799.2,56583,56912,0
GCA_049100175.1,ABYKZK010000100.1,adeG,+,61450,62649,qacEdelta,2277_qacEdelta_CT025799.2,56583,56912,4538
GCA_049100175.1,ABYKZK010000104.1,ANT(2'')-Ia,+,1736,2269,intI1,1060_intI1_KX029331.1,1086,1481,255
GCA_049100175.1,ABYKZK010000104.1,ANT(2'')-Ia,+,1736,2269,qacEdelta,267_qacEdelta_HM138673.1,3282,3629,1013
GCA_049100175.1,ABYKZK010000104.1,ANT(2'')-Ia,+,1736,2269,intI1,1793_intI1_KU736868.1,558,781,955
GCA_049100175.1,ABYKZK010000104.1,aadA2,+,2339,3118,intI1,1060_intI1_KX029331.1,1086,1481,858
GCA_049100175.1,ABYKZK010000104.1,aadA2,+,2339,3118,qacEdelta,267_qacEdelta_HM138673.1,3282,3629,164
GCA_049100175.1,ABYKZK010000104.1,aadA2,+,2339,3118,intI1,1793_intI1_KU736868.1,558,781,1558
GCA_049100175.1,ABYKZK010000104.1,sul1,+,3623,4462,intI1,1060_intI1_KX029331.1,1086,1481,2142
GCA_049100175.1,ABYKZK010000104.1,sul1,+,3623,4462,qacEdelta,267_qacEdelta_HM138673.1,3282,3629,0
GCA_049100175.1,ABYKZK010000104.1,sul1,+,3623,4462,intI1,1793_intI1_KU736868.1,558,781,2842
GCA_049124245.1,ABYLEB010000006.1,APH(3'')-Ib,+,59198,60001,IS91,270_IS91_MOFF01000153.1,61698,62788,1697
GCA_049124245.1,ABYLEB010000006.1,APH(3'')-Ib,+,59198,60001,IS91,294_IS91_MOFA01000112.1,61560,62074,1559
GCA_049124245.1,ABYLEB010000006.1,APH(3'')-Ib,+,59198,60001,IS91,327_IS91_LRKR01000133.1,62613,62885,2612
GCA_049124245.1,ABYLEB010000006.1,APH(3'')-Ib,+,59198,60001,IS91,406_IS91_CP018710.1,61392,61580,1391
GCA_049124245.1,ABYLEB010000006.1,APH(6)-Id,+,60001,60837,IS91,270_IS91_MOFF01000153.1,61698,62788,861
GCA_049124245.1,ABYLEB010000006.1,APH(6)-Id,+,60001,60837,IS91,294_IS91_MOFA01000112.1,61560,62074,723
GCA_049124245.1,ABYLEB010000006.1,APH(6)-Id,+,60001,60837,IS91,327_IS91_LRKR01000133.1,62613,62885,1776
GCA_049124245.1,ABYLEB010000006.1,APH(6)-Id,+,60001,60837,IS91,406_IS91_CP018710.1,61392,61580,555
GCA_049124245.1,ABYLEB010000006.1,tet(B),+,64210,65409,IS91,270_IS91_MOFF01000153.1,61698,62788,1422
GCA_049124245.1,ABYLEB010000006.1,tet(B),+,64210,65409,IS91,294_IS91_MOFA01000112.1,61560,62074,2136
GCA_049124245.1,ABYLEB010000006.1,tet(B),+,64210,65409,IS91,327_IS91_LRKR01000133.1,62613,62885,1325
GCA_049124245.1,ABYLEB010000006.1,tet(B),+,64210,65409,IS91,406_IS91_CP018710.1,61392,61580,2630
GCA_049124245.1,ABYLEB010000060.1,abeS,+,4443,4772,qacEdelta,2277_qacEdelta_CT025799.2,4443,4772,0
GCA_049124245.1,ABYLEB010000060.1,adeG,+,9310,10530,qacEdelta,2277_qacEdelta_CT025799.2,4443,4772,4538
GCA_049124245.1,ABYLEB010000086.1,mphE,-,64,948,tnpA,483_tnpA_HE577623.1,4169,2844,1896
GCA_049124245.1,ABYLEB010000086.1,msrE,-,1004,2479,tnpA,483_tnpA_HE577623.1,4169,2844,365
GCA_049124245.1,ABYLEB010000100.1,AAC(6')-Iaf,-,479,1030,intI1,1060_intI1_KX029331.1,1720,1325,295
GCA_049124245.1,ABYLEB010000116.1,abeS,+,4484,4813,qacEdelta,2277_qacEdelta_CT025799.2,4484,4813,0
GCA_049124245.1,ABYLEB010000116.1,adeG,+,9351,10571,qacEdelta,2277_qacEdelta_CT025799.2,4484,4813,4538
GCA_049124245.1,ABYLEB010000117.1,APH(3'')-Ib,+,1249,2052,IS91,270_IS91_MOFF01000153.1,3749,4839,1697
GCA_049124245.1,ABYLEB010000117.1,APH(3'')-Ib,+,1249,2052,IS91,294_IS91_MOFA01000112.1,3611,4125,1559
GCA_049124245.1,ABYLEB010000117.1,APH(3'')-Ib,+,1249,2052,IS91,327_IS91_LRKR01000133.1,4664,4936,2612
GCA_049124245.1,ABYLEB010000117.1,APH(3'')-Ib,+,1249,2052,IS91,406_IS91_CP018710.1,3443,3631,1391
GCA_049124245.1,ABYLEB010000117.1,APH(6)-Id,+,2052,2888,IS91,270_IS91_MOFF01000153.1,3749,4839,861
GCA_049124245.1,ABYLEB010000117.1,APH(6)-Id,+,2052,2888,IS91,294_IS91_MOFA01000112.1,3611,4125,723
GCA_049124245.1,ABYLEB010000117.1,APH(6)-Id,+,2052,2888,IS91,327_IS91_LRKR01000133.1,4664,4936,1776
GCA_049124245.1,ABYLEB010000117.1,APH(6)-Id,+,2052,2888,IS91,406_IS91_CP018710.1,3443,3631,555
GCA_049124245.1,ABYLEB010000117.1,tet(B),+,6261,7460,IS91,270_IS91_MOFF01000153.1,3749,4839,1422
GCA_049124245.1,ABYLEB010000117.1,tet(B),+,6261,7460,IS91,294_IS91_MOFA01000112.1,3611,4125,2136
GCA_049124245.1,ABYLEB010000117.1,tet(B),+,6261,7460,IS91,327_IS91_LRKR01000133.1,4664,4936,1325
GCA_049124245.1,ABYLEB010000117.1,tet(B),+,6261,7460,IS91,406_IS91_CP018710.1,3443,3631,2630
GCA_049124245.1,ABYLEB010000119.1,msrE,+,2718,4193,tnpA,483_tnpA_HE577623.1,1028,2353,365
GCA_049124245.1,ABYLEB010000119.1,mphE,+,4249,5133,tnpA,483_tnpA_HE577623.1,1028,2353,1896
GCA_049124245.1,ABYLEB010000120.1,AAC(6')-Iaf,+,1043,1594,intI1,1060_intI1_KX029331.1,353,748,295
GCA_049156165.1,ABYLJC010000007.1,adeG,-,17876,19096,qacEdelta,2277_qacEdelta_CT025799.2,23963,23634,4538
GCA_049156165.1,ABYLJC010000007.1,abeS,-,23634,23963,qacEdelta,2277_qacEdelta_CT025799.2,23963,23634,0
GCA_049156165.1,ABYLJC010000013.1,APH(3'')-Ib,+,56489,57292,IS91,270_IS91_MOFF01000153.1,58989,60079,1697
GCA_049156165.1,ABYLJC010000013.1,APH(3'')-Ib,+,56489,57292,IS91,294_IS91_MOFA01000112.1,58851,59365,1559
GCA_049156165.1,ABYLJC010000013.1,APH(3'')-Ib,+,56489,57292,IS91,327_IS91_LRKR01000133.1,59904,60176,2612
GCA_049156165.1,ABYLJC010000013.1,APH(3'')-Ib,+,56489,57292,IS91,406_IS91_CP018710.1,58683,58871,1391
GCA_049156165.1,ABYLJC010000013.1,APH(6)-Id,+,57292,58128,IS91,270_IS91_MOFF01000153.1,58989,60079,861
GCA_049156165.1,ABYLJC010000013.1,APH(6)-Id,+,57292,58128,IS91,294_IS91_MOFA01000112.1,58851,59365,723
GCA_049156165.1,ABYLJC010000013.1,APH(6)-Id,+,57292,58128,IS91,327_IS91_LRKR01000133.1,59904,60176,1776
GCA_049156165.1,ABYLJC010000013.1,APH(6)-Id,+,57292,58128,IS91,406_IS91_CP018710.1,58683,58871,555
GCA_049156165.1,ABYLJC010000013.1,tet(B),+,61501,62700,IS91,270_IS91_MOFF01000153.1,58989,60079,1422
GCA_049156165.1,ABYLJC010000013.1,tet(B),+,61501,62700,IS91,294_IS91_MOFA01000112.1,58851,59365,2136
GCA_049156165.1,ABYLJC010000013.1,tet(B),+,61501,62700,IS91,327_IS91_LRKR01000133.1,59904,60176,1325
GCA_049156165.1,ABYLJC010000013.1,tet(B),+,61501,62700,IS91,406_IS91_CP018710.1,58683,58871,2630
GCA_049156165.1,ABYLJC010000129.1,abeS,+,2159,2488,qacEdelta,2277_qacEdelta_CT025799.2,2159,2488,0
GCA_049156165.1,ABYLJC010000129.1,adeG,+,7026,8246,qacEdelta,2277_qacEdelta_CT025799.2,2159,2488,4538
GCA_049156165.1,ABYLJC010000130.1,APH(3'')-Ib,+,1249,2052,IS91,270_IS91_MOFF01000153.1,3749,4839,1697
GCA_049156165.1,ABYLJC010000130.1,APH(3'')-Ib,+,1249,2052,IS91,294_IS91_MOFA01000112.1,3611,4125,1559
GCA_049156165.1,ABYLJC010000130.1,APH(3'')-Ib,+,1249,2052,IS91,327_IS91_LRKR01000133.1,4664,4936,2612
GCA_049156165.1,ABYLJC010000130.1,APH(3'')-Ib,+,1249,2052,IS91,406_IS91_CP018710.1,3443,3631,1391
GCA_049156165.1,ABYLJC010000130.1,APH(6)-Id,+,2052,2888,IS91,270_IS91_MOFF01000153.1,3749,4839,861
GCA_049156165.1,ABYLJC010000130.1,APH(6)-Id,+,2052,2888,IS91,294_IS91_MOFA01000112.1,3611,4125,723
GCA_049156165.1,ABYLJC010000130.1,APH(6)-Id,+,2052,2888,IS91,327_IS91_LRKR01000133.1,4664,4936,1776
GCA_049156165.1,ABYLJC010000130.1,APH(6)-Id,+,2052,2888,IS91,406_IS91_CP018710.1,3443,3631,555
GCA_049156285.1,ABYLJH010000005.1,adeG,-,122415,123635,qacEdelta,2277_qacEdelta_CT025799.2,128502,128173,4538
GCA_049156285.1,ABYLJH010000005.1,abeS,-,128173,128502,qacEdelta,2277_qacEdelta_CT025799.2,128502,128173,0
GCA_049156285.1,ABYLJH010000013.1,APH(3'')-Ib,+,59198,60001,IS91,270_IS91_MOFF01000153.1,61698,62788,1697
GCA_049156285.1,ABYLJH010000013.1,APH(3'')-Ib,+,59198,60001,IS91,294_IS91_MOFA01000112.1,61560,62074,1559
GCA_049156285.1,ABYLJH010000013.1,APH(3'')-Ib,+,59198,60001,IS91,327_IS91_LRKR01000133.1,62613,62885,2612
GCA_049156285.1,ABYLJH010000013.1,APH(3'')-Ib,+,59198,60001,IS91,406_IS91_CP018710.1,61392,61580,1391
GCA_049156285.1,ABYLJH010000013.1,APH(6)-Id,+,60001,60837,IS91,270_IS91_MOFF01000153.1,61698,62788,861
GCA_049156285.1,ABYLJH010000013.1,APH(6)-Id,+,60001,60837,IS91,294_IS91_MOFA01000112.1,61560,62074,723
GCA_049156285.1,ABYLJH010000013.1,APH(6)-Id,+,60001,60837,IS91,327_IS91_LRKR01000133.1,62613,62885,1776
GCA_049156285.1,ABYLJH010000013.1,APH(6)-Id,+,60001,60837,IS91,406_IS91_CP018710.1,61392,61580,555
GCA_049156285.1,ABYLJH010000013.1,tet(B),+,64210,65409,IS91,270_IS91_MOFF01000153.1,61698,62788,1422
GCA_049156285.1,ABYLJH010000013.1,tet(B),+,64210,65409,IS91,294_IS91_MOFA01000112.1,61560,62074,2136
GCA_049156285.1,ABYLJH010000013.1,tet(B),+,64210,65409,IS91,327_IS91_LRKR01000133.1,62613,62885,1325
GCA_049156285.1,ABYLJH010000013.1,tet(B),+,64210,65409,IS91,406_IS91_CP018710.1,61392,61580,2630
GCA_049156285.1,ABYLJH010000043.1,mphE,-,2146,3030,tnpA,483_tnpA_HE577623.1,6251,4926,1896
GCA_049156285.1,ABYLJH010000043.1,mphE,-,2146,3030,tnpAcp1,554_tnpAcp1_FJ187822.1,8696,7959,4929
GCA_049156285.1,ABYLJH010000043.1,msrE,-,3086,4561,tnpA,483_tnpA_HE577623.1,6251,4926,365
GCA_049156285.1,ABYLJH010000043.1,msrE,-,3086,4561,ISCR-orf513,281_ISCR-orf513_KJ186154.1,10264,9032,4471
GCA_049156285.1,ABYLJH010000043.1,msrE,-,3086,4561,tnpAcp1,554_tnpAcp1_FJ187822.1,8696,7959,3398
GCA_049156285.1,ABYLJH010000043.1,armA,-,6860,7633,tnpA,483_tnpA_HE577623.1,6251,4926,609
GCA_049156285.1,ABYLJH010000043.1,armA,-,6860,7633,ISCR-orf513,281_ISCR-orf513_KJ186154.1,10264,9032,1399
GCA_049156285.1,ABYLJH010000043.1,armA,-,6860,7633,IS91,325_IS91_LYDO01000032.1,10573,9770,2137
GCA_049156285.1,ABYLJH010000043.1,armA,-,6860,7633,tnpAcp1,554_tnpAcp1_FJ187822.1,8696,7959,326
GCA_049156285.1,ABYLJH010000043.1,armA,-,6860,7633,qacEdelta,267_qacEdelta_HM138673.1,12158,11811,4178
GCA_049156285.1,ABYLJH010000043.1,sul1,-,10978,11817,tnpA,483_tnpA_HE577623.1,6251,4926,4727
GCA_049156285.1,ABYLJH010000043.1,sul1,-,10978,11817,ISCR-orf513,281_ISCR-orf513_KJ186154.1,10264,9032,714
GCA_049156285.1,ABYLJH010000043.1,sul1,-,10978,11817,IS91,325_IS91_LYDO01000032.1,10573,9770,405
GCA_049156285.1,ABYLJH010000043.1,sul1,-,10978,11817,tnpAcp1,554_tnpAcp1_FJ187822.1,8696,7959,2282
GCA_049156285.1,ABYLJH010000043.1,sul1,-,10978,11817,intI1,1060_intI1_KX029331.1,15115,14720,2903
GCA_049156285.1,ABYLJH010000043.1,sul1,-,10978,11817,qacEdelta,267_qacEdelta_HM138673.1,12158,11811,0
GCA_049156285.1,ABYLJH010000043.1,catB8,-,13171,13803,ISCR-orf513,281_ISCR-orf513_KJ186154.1,10264,9032,2907
GCA_049156285.1,ABYLJH010000043.1,catB8,-,13171,13803,IS91,325_IS91_LYDO01000032.1,10573,9770,2598
GCA_049156285.1,ABYLJH010000043.1,catB8,-,13171,13803,tnpAcp1,554_tnpAcp1_FJ187822.1,8696,7959,4475
GCA_049156285.1,ABYLJH010000043.1,catB8,-,13171,13803,intI1,1060_intI1_KX029331.1,15115,14720,917
GCA_049156285.1,ABYLJH010000043.1,catB8,-,13171,13803,qacEdelta,267_qacEdelta_HM138673.1,12158,11811,1013
GCA_049156285.1,ABYLJH010000043.1,AAC(6')-Ib7,-,13896,14700,ISCR-orf513,281_ISCR-orf513_KJ186154.1,10264,9032,3632
GCA_049156285.1,ABYLJH010000043.1,AAC(6')-Ib7,-,13896,14700,IS91,325_IS91_LYDO01000032.1,10573,9770,3323
GCA_049156285.1,ABYLJH010000043.1,AAC(6')-Ib7,-,13896,14700,intI1,1060_intI1_KX029331.1,15115,14720,20
GCA_049156285.1,ABYLJH010000043.1,AAC(6')-Ib7,-,13896,14700,qacEdelta,267_qacEdelta_HM138673.1,12158,11811,1738
GCA_049156285.1,ABYLJH010000049.1,NDM-1,+,92,904,ISCR21,485_ISCR21_JN872329.1,5661,7190,4757
GCA_049156285.1,ABYLJH010000049.1,determinant_of_bleomycin_resistance,+,908,1273,ISCR21,485_ISCR21_JN872329.1,5661,7190,4388
GCA_049156285.1,ABYLJH010000071.1,AAC(6')-Ib7,+,768,1572,ISCR-orf513,281_ISCR-orf513_KJ186154.1,5204,6436,3632
GCA_049156285.1,ABYLJH010000071.1,AAC(6')-Ib7,+,768,1572,IS91,325_IS91_LYDO01000032.1,4895,5698,3323
GCA_049156285.1,ABYLJH010000071.1,AAC(6')-Ib7,+,768,1572,intI1,1060_intI1_KX029331.1,353,748,20
GCA_049156285.1,ABYLJH010000071.1,AAC(6')-Ib7,+,768,1572,qacEdelta,267_qacEdelta_HM138673.1,3310,3657,1738
GCA_049156285.1,ABYLJH010000071.1,catB8,+,1665,2297,ISCR-orf513,281_ISCR-orf513_KJ186154.1,5204,6436,2907
GCA_049156285.1,ABYLJH010000071.1,catB8,+,1665,2297,IS91,325_IS91_LYDO01000032.1,4895,5698,2598
GCA_049156285.1,ABYLJH010000071.1,catB8,+,1665,2297,tnpAcp1,554_tnpAcp1_FJ187822.1,6772,7509,4475
GCA_049156285.1,ABYLJH010000071.1,catB8,+,1665,2297,intI1,1060_intI1_KX029331.1,353,748,917
GCA_049156285.1,ABYLJH010000071.1,catB8,+,1665,2297,qacEdelta,267_qacEdelta_HM138673.1,3310,3657,1013
GCA_049156285.1,ABYLJH010000071.1,sul1,+,3651,4490,tnpA,483_tnpA_HE577623.1,9217,10542,4727
GCA_049156285.1,ABYLJH010000071.1,sul1,+,3651,4490,ISCR-orf513,281_ISCR-orf513_KJ186154.1,5204,6436,714
GCA_049156285.1,ABYLJH010000071.1,sul1,+,3651,4490,IS91,325_IS91_LYDO01000032.1,4895,5698,405
GCA_049156285.1,ABYLJH010000071.1,sul1,+,3651,4490,tnpAcp1,554_tnpAcp1_FJ187822.1,6772,7509,2282
GCA_049156285.1,ABYLJH010000071.1,sul1,+,3651,4490,intI1,1060_intI1_KX029331.1,353,748,2903
GCA_049156285.1,ABYLJH010000071.1,sul1,+,3651,4490,qacEdelta,267_qacEdelta_HM138673.1,3310,3657,0
GCA_049156285.1,ABYLJH010000071.1,armA,+,7835,8608,tnpA,483_tnpA_HE577623.1,9217,10542,609
GCA_049156285.1,ABYLJH010000071.1,armA,+,7835,8608,ISCR-orf513,281_ISCR-orf513_KJ186154.1,5204,6436,1399
GCA_049156285.1,ABYLJH010000071.1,armA,+,7835,8608,IS91,325_IS91_LYDO01000032.1,4895,5698,2137
GCA_049156285.1,ABYLJH010000071.1,armA,+,7835,8608,tnpAcp1,554_tnpAcp1_FJ187822.1,6772,7509,326
GCA_049156285.1,ABYLJH010000071.1,armA,+,7835,8608,qacEdelta,267_qacEdelta_HM138673.1,3310,3657,4178
GCA_049156285.1,ABYLJH010000073.1,abeS,+,7204,7533,qacEdelta,2277_qacEdelta_CT025799.2,7204,7533,0
GCA_049156285.1,ABYLJH010000074.1,NDM-1,+,133,945,ISCR21,485_ISCR21_JN872329.1,5702,7231,4757
GCA_049156285.1,ABYLJH010000074.1,determinant_of_bleomycin_resistance,+,949,1314,ISCR21,485_ISCR21_JN872329.1,5702,7231,4388
GCA_049156285.1,ABYLJH010000076.1,APH(3'')-Ib,+,1249,2052,IS91,270_IS91_MOFF01000153.1,3749,4828,1697
GCA_049156285.1,ABYLJH010000076.1,APH(3'')-Ib,+,1249,2052,IS91,294_IS91_MOFA01000112.1,3611,4125,1559
GCA_049156285.1,ABYLJH010000076.1,APH(3'')-Ib,+,1249,2052,IS91,406_IS91_CP018710.1,3443,3631,1391
GCA_049156285.1,ABYLJH010000076.1,APH(6)-Id,+,2052,2888,IS91,270_IS91_MOFF01000153.1,3749,4828,861
GCA_049156285.1,ABYLJH010000076.1,APH(6)-Id,+,2052,2888,IS91,294_IS91_MOFA01000112.1,3611,4125,723
GCA_049156285.1,ABYLJH010000076.1,APH(6)-Id,+,2052,2888,IS91,406_IS91_CP018710.1,3443,3631,555
GCA_049156325.1,ABYLJL010000004.1,adeG,-,60214,61434,qacEdelta,2277_qacEdelta_CT025799.2,66301,65972,4538
GCA_049156325.1,ABYLJL010000004.1,abeS,-,65972,66301,qacEdelta,2277_qacEdelta_CT025799.2,66301,65972,0
GCA_049156325.1,ABYLJL010000020.1,tet(B),-,41189,42388,IS91,270_IS91_MOFF01000153.1,44900,43810,1422
GCA_049156325.1,ABYLJL010000020.1,tet(B),-,41189,42388,IS91,294_IS91_MOFA01000112.1,45038,44524,2136
GCA_049156325.1,ABYLJL010000020.1,tet(B),-,41189,42388,IS91,327_IS91_LRKR01000133.1,43985,43713,1325
GCA_049156325.1,ABYLJL010000020.1,tet(B),-,41189,42388,IS91,406_IS91_CP018710.1,45206,45018,2630
GCA_049156325.1,ABYLJL010000020.1,APH(6)-Id,-,45761,46597,IS91,270_IS91_MOFF01000153.1,44900,43810,861
GCA_049156325.1,ABYLJL010000020.1,APH(6)-Id,-,45761,46597,IS91,294_IS91_MOFA01000112.1,45038,44524,723
GCA_049156325.1,ABYLJL010000020.1,APH(6)-Id,-,45761,46597,IS91,327_IS91_LRKR01000133.1,43985,43713,1776
GCA_049156325.1,ABYLJL010000020.1,APH(6)-Id,-,45761,46597,IS91,406_IS91_CP018710.1,45206,45018,555
GCA_049156325.1,ABYLJL010000020.1,APH(3'')-Ib,-,46597,47400,IS91,270_IS91_MOFF01000153.1,44900,43810,1697
GCA_049156325.1,ABYLJL010000020.1,APH(3'')-Ib,-,46597,47400,IS91,294_IS91_MOFA01000112.1,45038,44524,1559
GCA_049156325.1,ABYLJL010000020.1,APH(3'')-Ib,-,46597,47400,IS91,327_IS91_LRKR01000133.1,43985,43713,2612
GCA_049156325.1,ABYLJL010000020.1,APH(3'')-Ib,-,46597,47400,IS91,406_IS91_CP018710.1,45206,45018,1391
GCA_049156325.1,ABYLJL010000063.1,mphE,-,2985,3869,tnpA,483_tnpA_HE577623.1,7090,5765,1896
GCA_049156325.1,ABYLJL010000063.1,mphE,-,2985,3869,tnpAcp1,554_tnpAcp1_FJ187822.1,9535,8798,4929
GCA_049156325.1,ABYLJL010000063.1,msrE,-,3925,5400,tnpA,483_tnpA_HE577623.1,7090,5765,365
GCA_049156325.1,ABYLJL010000063.1,msrE,-,3925,5400,ISCR-orf513,281_ISCR-orf513_KJ186154.1,11103,9871,4471
GCA_049156325.1,ABYLJL010000063.1,msrE,-,3925,5400,tnpAcp1,554_tnpAcp1_FJ187822.1,9535,8798,3398
GCA_049156325.1,ABYLJL010000063.1,armA,-,7699,8472,tnpA,483_tnpA_HE577623.1,7090,5765,609
GCA_049156325.1,ABYLJL010000063.1,armA,-,7699,8472,ISCR-orf513,281_ISCR-orf513_KJ186154.1,11103,9871,1399
GCA_049156325.1,ABYLJL010000063.1,armA,-,7699,8472,IS91,325_IS91_LYDO01000032.1,11412,10609,2137
GCA_049156325.1,ABYLJL010000063.1,armA,-,7699,8472,tnpAcp1,554_tnpAcp1_FJ187822.1,9535,8798,326
GCA_049156325.1,ABYLJL010000063.1,armA,-,7699,8472,qacEdelta,267_qacEdelta_HM138673.1,12997,12650,4178
GCA_049156325.1,ABYLJL010000063.1,sul1,-,11817,12656,tnpA,483_tnpA_HE577623.1,7090,5765,4727
GCA_049156325.1,ABYLJL010000063.1,sul1,-,11817,12656,ISCR-orf513,281_ISCR-orf513_KJ186154.1,11103,9871,714
GCA_049156325.1,ABYLJL010000063.1,sul1,-,11817,12656,IS91,325_IS91_LYDO01000032.1,11412,10609,405
GCA_049156325.1,ABYLJL010000063.1,sul1,-,11817,12656,tnpAcp1,554_tnpAcp1_FJ187822.1,9535,8798,2282
GCA_049156325.1,ABYLJL010000063.1,sul1,-,11817,12656,intI1,1060_intI1_KX029331.1,15954,15559,2903
GCA_049156325.1,ABYLJL010000063.1,sul1,-,11817,12656,qacEdelta,267_qacEdelta_HM138673.1,12997,12650,0
GCA_049156325.1,ABYLJL010000063.1,catB8,-,14010,14642,ISCR-orf513,281_ISCR-orf513_KJ186154.1,11103,9871,2907
GCA_049156325.1,ABYLJL010000063.1,catB8,-,14010,14642,IS91,325_IS91_LYDO01000032.1,11412,10609,2598
GCA_049156325.1,ABYLJL010000063.1,catB8,-,14010,14642,tnpAcp1,554_tnpAcp1_FJ187822.1,9535,8798,4475
GCA_049156325.1,ABYLJL010000063.1,catB8,-,14010,14642,intI1,1060_intI1_KX029331.1,15954,15559,917
GCA_049156325.1,ABYLJL010000063.1,catB8,-,14010,14642,qacEdelta,267_qacEdelta_HM138673.1,12997,12650,1013
GCA_049156325.1,ABYLJL010000063.1,AAC(6')-Ib7,-,14735,15539,ISCR-orf513,281_ISCR-orf513_KJ186154.1,11103,9871,3632
GCA_049156325.1,ABYLJL010000063.1,AAC(6')-Ib7,-,14735,15539,IS91,325_IS91_LYDO01000032.1,11412,10609,3323
GCA_049156325.1,ABYLJL010000063.1,AAC(6')-Ib7,-,14735,15539,intI1,1060_intI1_KX029331.1,15954,15559,20
GCA_049156325.1,ABYLJL010000063.1,AAC(6')-Ib7,-,14735,15539,qacEdelta,267_qacEdelta_HM138673.1,12997,12650,1738
GCA_049156325.1,ABYLJL010000078.1,NDM-1,+,92,904,ISCR21,485_ISCR21_JN872329.1,5661,7190,4757
GCA_049156325.1,ABYLJL010000078.1,determinant_of_bleomycin_resistance,+,908,1273,ISCR21,485_ISCR21_JN872329.1,5661,7190,4388
GCA_049156325.1,ABYLJL010000107.1,APH(3')-Ia,-,48,863,tnpA,1204_tnpA_EU213261.1,1417,1117,254
GCA_049156325.1,ABYLJL010000133.1,abeS,+,601,930,qacEdelta,2277_qacEdelta_CT025799.2,601,930,0
GCA_049156325.1,ABYLJL010000133.1,adeG,+,5468,6688,qacEdelta,2277_qacEdelta_CT025799.2,601,930,4538
GCA_049156325.1,ABYLJL010000134.1,catB8,+,756,1388,ISCR-orf513,281_ISCR-orf513_KJ186154.1,4295,5527,2907
GCA_049156325.1,ABYLJL010000134.1,catB8,+,756,1388,IS91,325_IS91_LYDO01000032.1,3986,4789,2598
GCA_049156325.1,ABYLJL010000134.1,catB8,+,756,1388,tnpAcp1,554_tnpAcp1_FJ187822.1,5863,6600,4475
GCA_049156325.1,ABYLJL010000134.1,catB8,+,756,1388,qacEdelta,267_qacEdelta_HM138673.1,2401,2748,1013
GCA_049156325.1,ABYLJL010000134.1,sul1,+,2742,3581,tnpA,483_tnpA_HE577623.1,8308,9633,4727
GCA_049156325.1,ABYLJL010000134.1,sul1,+,2742,3581,ISCR-orf513,281_ISCR-orf513_KJ186154.1,4295,5527,714
GCA_049156325.1,ABYLJL010000134.1,sul1,+,2742,3581,IS91,325_IS91_LYDO01000032.1,3986,4789,405
GCA_049156325.1,ABYLJL010000134.1,sul1,+,2742,3581,tnpAcp1,554_tnpAcp1_FJ187822.1,5863,6600,2282
GCA_049156325.1,ABYLJL010000134.1,sul1,+,2742,3581,qacEdelta,267_qacEdelta_HM138673.1,2401,2748,0
GCA_049156325.1,ABYLJL010000134.1,armA,+,6926,7699,tnpA,483_tnpA_HE577623.1,8308,9633,609
GCA_049156325.1,ABYLJL010000134.1,armA,+,6926,7699,ISCR-orf513,281_ISCR-orf513_KJ186154.1,4295,5527,1399
GCA_049156325.1,ABYLJL010000134.1,armA,+,6926,7699,IS91,325_IS91_LYDO01000032.1,3986,4789,2137
GCA_049156325.1,ABYLJL010000134.1,armA,+,6926,7699,tnpAcp1,554_tnpAcp1_FJ187822.1,5863,6600,326
GCA_049156325.1,ABYLJL010000134.1,armA,+,6926,7699,qacEdelta,267_qacEdelta_HM138673.1,2401,2748,4178
GCA_049156325.1,ABYLJL010000134.1,msrE,+,9998,11473,tnpA,483_tnpA_HE577623.1,8308,9633,365
GCA_049156325.1,ABYLJL010000134.1,msrE,+,9998,11473,ISCR-orf513,281_ISCR-orf513_KJ186154.1,4295,5527,4471
GCA_049156325.1,ABYLJL010000134.1,msrE,+,9998,11473,tnpAcp1,554_tnpAcp1_FJ187822.1,5863,6600,3398
GCA_049156325.1,ABYLJL010000135.1,catB8,+,756,1388,ISCR-orf513,281_ISCR-orf513_KJ186154.1,4295,5527,2907
GCA_049156325.1,ABYLJL010000135.1,catB8,+,756,1388,IS91,325_IS91_LYDO01000032.1,3986,4789,2598
GCA_049156325.1,ABYLJL010000135.1,catB8,+,756,1388,tnpAcp1,554_tnpAcp1_FJ187822.1,5863,6600,4475
GCA_049156325.1,ABYLJL010000135.1,catB8,+,756,1388,qacEdelta,267_qacEdelta_HM138673.1,2401,2748,1013
GCA_049156325.1,ABYLJL010000135.1,sul1,+,2742,3581,tnpA,483_tnpA_HE577623.1,8308,9633,4727
GCA_049156325.1,ABYLJL010000135.1,sul1,+,2742,3581,ISCR-orf513,281_ISCR-orf513_KJ186154.1,4295,5527,714
GCA_049156325.1,ABYLJL010000135.1,sul1,+,2742,3581,IS91,325_IS91_LYDO01000032.1,3986,4789,405
GCA_049156325.1,ABYLJL010000135.1,sul1,+,2742,3581,tnpAcp1,554_tnpAcp1_FJ187822.1,5863,6600,2282
GCA_049156325.1,ABYLJL010000135.1,sul1,+,2742,3581,qacEdelta,267_qacEdelta_HM138673.1,2401,2748,0
GCA_049156325.1,ABYLJL010000135.1,armA,+,6926,7699,tnpA,483_tnpA_HE577623.1,8308,9633,609
GCA_049156325.1,ABYLJL010000135.1,armA,+,6926,7699,ISCR-orf513,281_ISCR-orf513_KJ186154.1,4295,5527,1399
GCA_049156325.1,ABYLJL010000135.1,armA,+,6926,7699,IS91,325_IS91_LYDO01000032.1,3986,4789,2137
GCA_049156325.1,ABYLJL010000135.1,armA,+,6926,7699,tnpAcp1,554_tnpAcp1_FJ187822.1,5863,6600,326
GCA_049156325.1,ABYLJL010000135.1,armA,+,6926,7699,qacEdelta,267_qacEdelta_HM138673.1,2401,2748,4178
GCA_049156325.1,ABYLJL010000135.1,msrE,+,9998,11473,tnpA,483_tnpA_HE577623.1,8308,9633,365
GCA_049156325.1,ABYLJL010000135.1,msrE,+,9998,11473,ISCR-orf513,281_ISCR-orf513_KJ186154.1,4295,5527,4471
GCA_049156325.1,ABYLJL010000135.1,msrE,+,9998,11473,tnpAcp1,554_tnpAcp1_FJ187822.1,5863,6600,3398
GCA_049156325.1,ABYLJL010000136.1,NDM-1,+,133,945,ISCR21,485_ISCR21_JN872329.1,5702,7231,4757
GCA_049156325.1,ABYLJL010000136.1,determinant_of_bleomycin_resistance,+,949,1314,ISCR21,485_ISCR21_JN872329.1,5702,7231,4388
GCA_049156325.1,ABYLJL010000137.1,APH(3'')-Ib,+,1249,2052,IS91,270_IS91_MOFF01000153.1,3749,4839,1697
GCA_049156325.1,ABYLJL010000137.1,APH(3'')-Ib,+,1249,2052,IS91,294_IS91_MOFA01000112.1,3611,4125,1559
GCA_049156325.1,ABYLJL010000137.1,APH(3'')-Ib,+,1249,2052,IS91,327_IS91_LRKR01000133.1,4664,4936,2612
GCA_049156325.1,ABYLJL010000137.1,APH(3'')-Ib,+,1249,2052,IS91,406_IS91_CP018710.1,3443,3631,1391
GCA_049156325.1,ABYLJL010000137.1,APH(6)-Id,+,2052,2888,IS91,270_IS91_MOFF01000153.1,3749,4839,861
GCA_049156325.1,ABYLJL010000137.1,APH(6)-Id,+,2052,2888,IS91,294_IS91_MOFA01000112.1,3611,4125,723
GCA_049156325.1,ABYLJL010000137.1,APH(6)-Id,+,2052,2888,IS91,327_IS91_LRKR01000133.1,4664,4936,1776
GCA_049156325.1,ABYLJL010000137.1,APH(6)-Id,+,2052,2888,IS91,406_IS91_CP018710.1,3443,3631,555
GCA_049156325.1,ABYLJL010000137.1,tet(B),+,6261,7460,IS91,270_IS91_MOFF01000153.1,3749,4839,1422
GCA_049156325.1,ABYLJL010000137.1,tet(B),+,6261,7460,IS91,294_IS91_MOFA01000112.1,3611,4125,2136
GCA_049156325.1,ABYLJL010000137.1,tet(B),+,6261,7460,IS91,327_IS91_LRKR01000133.1,4664,4936,1325
GCA_049156325.1,ABYLJL010000137.1,tet(B),+,6261,7460,IS91,406_IS91_CP018710.1,3443,3631,2630
GCA_049177255.1,CP185772.1,adeG,-,1220786,1222003,qacEdelta,2277_qacEdelta_CT025799.2,1226870,1226541,4538
GCA_049177255.1,CP185772.1,abeS,-,1226541,1226870,qacEdelta,2277_qacEdelta_CT025799.2,1226870,1226541,0
GCA_049177655.1,JBMHNF010000002.1,adeG,-,72475,73695,qacEdelta,2277_qacEdelta_CT025799.2,78562,78233,4538
GCA_049177655.1,JBMHNF010000002.1,abeS,-,78233,78562,qacEdelta,2277_qacEdelta_CT025799.2,78562,78233,0
GCA_049177655.1,JBMHNF010000006.1,APH(3'')-Ib,+,59276,60079,IS91,270_IS91_MOFF01000153.1,61776,62866,1697
GCA_049177655.1,JBMHNF010000006.1,APH(3'')-Ib,+,59276,60079,IS91,294_IS91_MOFA01000112.1,61638,62152,1559
GCA_049177655.1,JBMHNF010000006.1,APH(3'')-Ib,+,59276,60079,IS91,327_IS91_LRKR01000133.1,62691,62963,2612
GCA_049177655.1,JBMHNF010000006.1,APH(3'')-Ib,+,59276,60079,IS91,406_IS91_CP018710.1,61470,61658,1391
GCA_049177655.1,JBMHNF010000006.1,APH(6)-Id,+,60079,60915,IS91,270_IS91_MOFF01000153.1,61776,62866,861
GCA_049177655.1,JBMHNF010000006.1,APH(6)-Id,+,60079,60915,IS91,294_IS91_MOFA01000112.1,61638,62152,723
GCA_049177655.1,JBMHNF010000006.1,APH(6)-Id,+,60079,60915,IS91,327_IS91_LRKR01000133.1,62691,62963,1776
GCA_049177655.1,JBMHNF010000006.1,APH(6)-Id,+,60079,60915,IS91,406_IS91_CP018710.1,61470,61658,555
GCA_049177655.1,JBMHNF010000006.1,tet(B),+,64288,65487,IS91,270_IS91_MOFF01000153.1,61776,62866,1422
GCA_049177655.1,JBMHNF010000006.1,tet(B),+,64288,65487,IS91,294_IS91_MOFA01000112.1,61638,62152,2136
GCA_049177655.1,JBMHNF010000006.1,tet(B),+,64288,65487,IS91,327_IS91_LRKR01000133.1,62691,62963,1325
GCA_049177655.1,JBMHNF010000006.1,tet(B),+,64288,65487,IS91,406_IS91_CP018710.1,61470,61658,2630
GCA_049177655.1,JBMHNF010000032.1,mphE,-,3847,4731,tnpA,483_tnpA_HE577623.1,7952,6627,1896
GCA_049177655.1,JBMHNF010000032.1,mphE,-,3847,4731,tnpAcp1,554_tnpAcp1_FJ187822.1,10397,9660,4929
GCA_049177655.1,JBMHNF010000032.1,msrE,-,4787,6262,tnpA,483_tnpA_HE577623.1,7952,6627,365
GCA_049177655.1,JBMHNF010000032.1,msrE,-,4787,6262,ISCR-orf513,281_ISCR-orf513_KJ186154.1,11965,10733,4471
GCA_049177655.1,JBMHNF010000032.1,msrE,-,4787,6262,tnpAcp1,554_tnpAcp1_FJ187822.1,10397,9660,3398
GCA_049177655.1,JBMHNF010000032.1,armA,-,8561,9334,tnpA,483_tnpA_HE577623.1,7952,6627,609
GCA_049177655.1,JBMHNF010000032.1,armA,-,8561,9334,ISCR-orf513,281_ISCR-orf513_KJ186154.1,11965,10733,1399
GCA_049177655.1,JBMHNF010000032.1,armA,-,8561,9334,IS91,325_IS91_LYDO01000032.1,12274,11471,2137
GCA_049177655.1,JBMHNF010000032.1,armA,-,8561,9334,tnpAcp1,554_tnpAcp1_FJ187822.1,10397,9660,326
GCA_049177655.1,JBMHNF010000032.1,armA,-,8561,9334,qacEdelta,267_qacEdelta_HM138673.1,13859,13512,4178
GCA_049177655.1,JBMHNF010000032.1,sul1,-,12679,13518,tnpA,483_tnpA_HE577623.1,7952,6627,4727
GCA_049177655.1,JBMHNF010000032.1,sul1,-,12679,13518,ISCR-orf513,281_ISCR-orf513_KJ186154.1,11965,10733,714
GCA_049177655.1,JBMHNF010000032.1,sul1,-,12679,13518,IS91,325_IS91_LYDO01000032.1,12274,11471,405
GCA_049177655.1,JBMHNF010000032.1,sul1,-,12679,13518,tnpAcp1,554_tnpAcp1_FJ187822.1,10397,9660,2282
GCA_049177655.1,JBMHNF010000032.1,sul1,-,12679,13518,intI1,1060_intI1_KX029331.1,16816,16421,2903
GCA_049177655.1,JBMHNF010000032.1,sul1,-,12679,13518,qacEdelta,267_qacEdelta_HM138673.1,13859,13512,0
GCA_049177655.1,JBMHNF010000032.1,catB8,-,14872,15504,ISCR-orf513,281_ISCR-orf513_KJ186154.1,11965,10733,2907
GCA_049177655.1,JBMHNF010000032.1,catB8,-,14872,15504,IS91,325_IS91_LYDO01000032.1,12274,11471,2598
GCA_049177655.1,JBMHNF010000032.1,catB8,-,14872,15504,tnpAcp1,554_tnpAcp1_FJ187822.1,10397,9660,4475
GCA_049177655.1,JBMHNF010000032.1,catB8,-,14872,15504,intI1,1060_intI1_KX029331.1,16816,16421,917
GCA_049177655.1,JBMHNF010000032.1,catB8,-,14872,15504,qacEdelta,267_qacEdelta_HM138673.1,13859,13512,1013
GCA_049177655.1,JBMHNF010000032.1,AAC(6')-Ib7,-,15597,16401,ISCR-orf513,281_ISCR-orf513_KJ186154.1,11965,10733,3632
GCA_049177655.1,JBMHNF010000032.1,AAC(6')-Ib7,-,15597,16401,IS91,325_IS91_LYDO01000032.1,12274,11471,3323
GCA_049177655.1,JBMHNF010000032.1,AAC(6')-Ib7,-,15597,16401,intI1,1060_intI1_KX029331.1,16816,16421,20
GCA_049177655.1,JBMHNF010000032.1,AAC(6')-Ib7,-,15597,16401,qacEdelta,267_qacEdelta_HM138673.1,13859,13512,1738
GCA_049177655.1,JBMHNF010000048.1,TEM-12,-,94,954,tnpA,1098_tnpA_KX756453.1,1653,1137,183
GCA_049177835.1,JBMHNO010000015.1,APH(3'')-Ib,+,59276,60079,IS91,270_IS91_MOFF01000153.1,61776,62866,1697
GCA_049177835.1,JBMHNO010000015.1,APH(3'')-Ib,+,59276,60079,IS91,294_IS91_MOFA01000112.1,61638,62152,1559
GCA_049177835.1,JBMHNO010000015.1,APH(3'')-Ib,+,59276,60079,IS91,327_IS91_LRKR01000133.1,62691,62963,2612
GCA_049177835.1,JBMHNO010000015.1,APH(3'')-Ib,+,59276,60079,IS91,406_IS91_CP018710.1,61470,61658,1391
GCA_049177835.1,JBMHNO010000015.1,APH(6)-Id,+,60079,60915,IS91,270_IS91_MOFF01000153.1,61776,62866,861
GCA_049177835.1,JBMHNO010000015.1,APH(6)-Id,+,60079,60915,IS91,294_IS91_MOFA01000112.1,61638,62152,723
GCA_049177835.1,JBMHNO010000015.1,APH(6)-Id,+,60079,60915,IS91,327_IS91_LRKR01000133.1,62691,62963,1776
GCA_049177835.1,JBMHNO010000015.1,APH(6)-Id,+,60079,60915,IS91,406_IS91_CP018710.1,61470,61658,555
GCA_049177835.1,JBMHNO010000015.1,tet(B),+,64288,65487,IS91,270_IS91_MOFF01000153.1,61776,62866,1422
GCA_049177835.1,JBMHNO010000015.1,tet(B),+,64288,65487,IS91,294_IS91_MOFA01000112.1,61638,62152,2136
GCA_049177835.1,JBMHNO010000015.1,tet(B),+,64288,65487,IS91,327_IS91_LRKR01000133.1,62691,62963,1325
GCA_049177835.1,JBMHNO010000015.1,tet(B),+,64288,65487,IS91,406_IS91_CP018710.1,61470,61658,2630
GCA_049177835.1,JBMHNO010000055.1,mphE,-,4278,5162,tnpA,483_tnpA_HE577623.1,8383,7058,1896
GCA_049177835.1,JBMHNO010000055.1,mphE,-,4278,5162,tnpAcp1,554_tnpAcp1_FJ187822.1,10734,10091,4929
GCA_049177835.1,JBMHNO010000055.1,msrE,-,5218,6693,tnpA,483_tnpA_HE577623.1,8383,7058,365
GCA_049177835.1,JBMHNO010000055.1,msrE,-,5218,6693,tnpAcp1,554_tnpAcp1_FJ187822.1,10734,10091,3398
GCA_049177835.1,JBMHNO010000055.1,armA,-,8992,9765,tnpA,483_tnpA_HE577623.1,8383,7058,609
GCA_049177835.1,JBMHNO010000055.1,armA,-,8992,9765,tnpAcp1,554_tnpAcp1_FJ187822.1,10734,10091,326
GCA_049177835.1,JBMHNO010000055.1,abeS,+,106166,106495,qacEdelta,2277_qacEdelta_CT025799.2,106166,106495,0
GCA_049177835.1,JBMHNO010000055.1,adeG,+,111033,112253,qacEdelta,2277_qacEdelta_CT025799.2,106166,106495,4538
GCA_049177835.1,JBMHNO010000060.1,TEM-12,-,17,877,tnpA,1098_tnpA_KX756453.1,1574,1060,183
GCA_049177895.1,JBMHNR010000030.1,mphE,-,4229,5113,tnpA,483_tnpA_HE577623.1,8334,7009,1896
GCA_049177895.1,JBMHNR010000030.1,mphE,-,4229,5113,tnpAcp1,554_tnpAcp1_FJ187822.1,10779,10042,4929
GCA_049177895.1,JBMHNR010000030.1,msrE,-,5169,6644,tnpA,483_tnpA_HE577623.1,8334,7009,365
GCA_049177895.1,JBMHNR010000030.1,msrE,-,5169,6644,ISCR-orf513,281_ISCR-orf513_KJ186154.1,12347,11115,4471
GCA_049177895.1,JBMHNR010000030.1,msrE,-,5169,6644,tnpAcp1,554_tnpAcp1_FJ187822.1,10779,10042,3398
GCA_049177895.1,JBMHNR010000030.1,armA,-,8943,9716,tnpA,483_tnpA_HE577623.1,8334,7009,609
GCA_049177895.1,JBMHNR010000030.1,armA,-,8943,9716,ISCR-orf513,281_ISCR-orf513_KJ186154.1,12347,11115,1399
GCA_049177895.1,JBMHNR010000030.1,armA,-,8943,9716,IS91,325_IS91_LYDO01000032.1,12656,11853,2137
GCA_049177895.1,JBMHNR010000030.1,armA,-,8943,9716,tnpAcp1,554_tnpAcp1_FJ187822.1,10779,10042,326
GCA_049177895.1,JBMHNR010000030.1,armA,-,8943,9716,qacEdelta,267_qacEdelta_HM138673.1,14241,13894,4178
GCA_049177895.1,JBMHNR010000030.1,sul1,-,13061,13900,tnpA,483_tnpA_HE577623.1,8334,7009,4727
GCA_049177895.1,JBMHNR010000030.1,sul1,-,13061,13900,ISCR-orf513,281_ISCR-orf513_KJ186154.1,12347,11115,714
GCA_049177895.1,JBMHNR010000030.1,sul1,-,13061,13900,IS91,325_IS91_LYDO01000032.1,12656,11853,405
GCA_049177895.1,JBMHNR010000030.1,sul1,-,13061,13900,tnpAcp1,554_tnpAcp1_FJ187822.1,10779,10042,2282
GCA_049177895.1,JBMHNR010000030.1,sul1,-,13061,13900,intI1,1060_intI1_KX029331.1,17198,16803,2903
GCA_049177895.1,JBMHNR010000030.1,sul1,-,13061,13900,qacEdelta,267_qacEdelta_HM138673.1,14241,13894,0
GCA_049177895.1,JBMHNR010000030.1,catB8,-,15254,15886,ISCR-orf513,281_ISCR-orf513_KJ186154.1,12347,11115,2907
GCA_049177895.1,JBMHNR010000030.1,catB8,-,15254,15886,IS91,325_IS91_LYDO01000032.1,12656,11853,2598
GCA_049177895.1,JBMHNR010000030.1,catB8,-,15254,15886,tnpAcp1,554_tnpAcp1_FJ187822.1,10779,10042,4475
GCA_049177895.1,JBMHNR010000030.1,catB8,-,15254,15886,intI1,1060_intI1_KX029331.1,17198,16803,917
GCA_049177895.1,JBMHNR010000030.1,catB8,-,15254,15886,qacEdelta,267_qacEdelta_HM138673.1,14241,13894,1013
GCA_049177895.1,JBMHNR010000030.1,AAC(6')-Ib7,-,15979,16783,ISCR-orf513,281_ISCR-orf513_KJ186154.1,12347,11115,3632
GCA_049177895.1,JBMHNR010000030.1,AAC(6')-Ib7,-,15979,16783,IS91,325_IS91_LYDO01000032.1,12656,11853,3323
GCA_049177895.1,JBMHNR010000030.1,AAC(6')-Ib7,-,15979,16783,intI1,1060_intI1_KX029331.1,17198,16803,20
GCA_049177895.1,JBMHNR010000030.1,AAC(6')-Ib7,-,15979,16783,qacEdelta,267_qacEdelta_HM138673.1,14241,13894,1738
GCA_049177895.1,JBMHNR010000044.1,TEM-12,-,92,952,tnpA,1098_tnpA_KX756453.1,1651,1135,183
GCA_049177895.1,JBMHNR010000053.1,abeS,+,99450,99779,qacEdelta,2277_qacEdelta_CT025799.2,99450,99779,0
GCA_049177895.1,JBMHNR010000053.1,adeG,+,104317,105537,qacEdelta,2277_qacEdelta_CT025799.2,99450,99779,4538
GCA_049177955.1,JBMHNU010000016.1,APH(3'')-Ib,+,59276,60079,IS91,270_IS91_MOFF01000153.1,61776,62866,1697
GCA_049177955.1,JBMHNU010000016.1,APH(3'')-Ib,+,59276,60079,IS91,294_IS91_MOFA01000112.1,61638,62152,1559
GCA_049177955.1,JBMHNU010000016.1,APH(3'')-Ib,+,59276,60079,IS91,327_IS91_LRKR01000133.1,62691,62963,2612
GCA_049177955.1,JBMHNU010000016.1,APH(3'')-Ib,+,59276,60079,IS91,406_IS91_CP018710.1,61470,61658,1391
GCA_049177955.1,JBMHNU010000016.1,APH(6)-Id,+,60079,60915,IS91,270_IS91_MOFF01000153.1,61776,62866,861
GCA_049177955.1,JBMHNU010000016.1,APH(6)-Id,+,60079,60915,IS91,294_IS91_MOFA01000112.1,61638,62152,723
GCA_049177955.1,JBMHNU010000016.1,APH(6)-Id,+,60079,60915,IS91,327_IS91_LRKR01000133.1,62691,62963,1776
GCA_049177955.1,JBMHNU010000016.1,APH(6)-Id,+,60079,60915,IS91,406_IS91_CP018710.1,61470,61658,555
GCA_049177955.1,JBMHNU010000016.1,tet(B),+,64288,65487,IS91,270_IS91_MOFF01000153.1,61776,62866,1422
GCA_049177955.1,JBMHNU010000016.1,tet(B),+,64288,65487,IS91,294_IS91_MOFA01000112.1,61638,62152,2136
GCA_049177955.1,JBMHNU010000016.1,tet(B),+,64288,65487,IS91,327_IS91_LRKR01000133.1,62691,62963,1325
GCA_049177955.1,JBMHNU010000016.1,tet(B),+,64288,65487,IS91,406_IS91_CP018710.1,61470,61658,2630
GCA_049177955.1,JBMHNU010000044.1,adeG,-,83868,85088,qacEdelta,2277_qacEdelta_CT025799.2,89955,89626,4538
GCA_049177955.1,JBMHNU010000044.1,abeS,-,89626,89955,qacEdelta,2277_qacEdelta_CT025799.2,89955,89626,0
GCA_049177955.1,JBMHNU010000044.1,armA,+,186356,187129,tnpA,483_tnpA_HE577623.1,187738,189063,609
GCA_049177955.1,JBMHNU010000044.1,armA,+,186356,187129,tnpAcp1,554_tnpAcp1_FJ187822.1,185387,186030,326
GCA_049177955.1,JBMHNU010000044.1,msrE,+,189428,190903,tnpA,483_tnpA_HE577623.1,187738,189063,365
GCA_049177955.1,JBMHNU010000044.1,msrE,+,189428,190903,tnpAcp1,554_tnpAcp1_FJ187822.1,185387,186030,3398
GCA_049177955.1,JBMHNU010000044.1,mphE,+,190959,191843,tnpA,483_tnpA_HE577623.1,187738,189063,1896
GCA_049177955.1,JBMHNU010000044.1,mphE,+,190959,191843,tnpAcp1,554_tnpAcp1_FJ187822.1,185387,186030,4929
GCA_049177955.1,JBMHNU010000063.1,TEM-12,-,17,877,tnpA,1098_tnpA_KX756453.1,1574,1060,183
GCA_049178075.1,JBMHOA010000054.1,TEM-12,-,92,952,tnpA,1098_tnpA_KX756453.1,1651,1135,183
GCA_049178075.1,JBMHOA010000078.1,abeS,+,89572,89901,qacEdelta,2277_qacEdelta_CT025799.2,89572,89901,0
GCA_049178075.1,JBMHOA010000078.1,adeG,+,94439,95659,qacEdelta,2277_qacEdelta_CT025799.2,89572,89901,4538
GCA_049178235.1,JBMHOI010000007.1,abeS,+,48626,48955,qacEdelta,2277_qacEdelta_CT025799.2,48626,48955,0
GCA_049178235.1,JBMHOI010000007.1,adeG,+,53493,54713,qacEdelta,2277_qacEdelta_CT025799.2,48626,48955,4538
GCA_049178235.1,JBMHOI010000022.1,tet(B),-,77,1276,IS91,270_IS91_MOFF01000153.1,3788,2698,1422
GCA_049178235.1,JBMHOI010000022.1,tet(B),-,77,1276,IS91,294_IS91_MOFA01000112.1,3926,3412,2136
GCA_049178235.1,JBMHOI010000022.1,tet(B),-,77,1276,IS91,327_IS91_LRKR01000133.1,2873,2601,1325
GCA_049178235.1,JBMHOI010000022.1,tet(B),-,77,1276,IS91,406_IS91_CP018710.1,4094,3906,2630
GCA_049178235.1,JBMHOI010000022.1,APH(6)-Id,-,4649,5485,IS91,270_IS91_MOFF01000153.1,3788,2698,861
GCA_049178235.1,JBMHOI010000022.1,APH(6)-Id,-,4649,5485,IS91,294_IS91_MOFA01000112.1,3926,3412,723
GCA_049178235.1,JBMHOI010000022.1,APH(6)-Id,-,4649,5485,IS91,327_IS91_LRKR01000133.1,2873,2601,1776
GCA_049178235.1,JBMHOI010000022.1,APH(6)-Id,-,4649,5485,IS91,406_IS91_CP018710.1,4094,3906,555
GCA_049178235.1,JBMHOI010000022.1,APH(3'')-Ib,-,5485,6288,IS91,270_IS91_MOFF01000153.1,3788,2698,1697
GCA_049178235.1,JBMHOI010000022.1,APH(3'')-Ib,-,5485,6288,IS91,294_IS91_MOFA01000112.1,3926,3412,1559
GCA_049178235.1,JBMHOI010000022.1,APH(3'')-Ib,-,5485,6288,IS91,327_IS91_LRKR01000133.1,2873,2601,2612
GCA_049178235.1,JBMHOI010000022.1,APH(3'')-Ib,-,5485,6288,IS91,406_IS91_CP018710.1,4094,3906,1391
GCA_049178235.1,JBMHOI010000063.1,TEM-12,-,94,954,tnpA,1098_tnpA_KX756453.1,1653,1137,183
GCA_049178295.1,JBMHOL010000017.1,mphE,-,4229,5113,tnpA,483_tnpA_HE577623.1,8334,7009,1896
GCA_049178295.1,JBMHOL010000017.1,mphE,-,4229,5113,tnpAcp1,554_tnpAcp1_FJ187822.1,10685,10042,4929
GCA_049178295.1,JBMHOL010000017.1,msrE,-,5169,6644,tnpA,483_tnpA_HE577623.1,8334,7009,365
GCA_049178295.1,JBMHOL010000017.1,msrE,-,5169,6644,tnpAcp1,554_tnpAcp1_FJ187822.1,10685,10042,3398
GCA_049178295.1,JBMHOL010000017.1,armA,-,8943,9716,tnpA,483_tnpA_HE577623.1,8334,7009,609
GCA_049178295.1,JBMHOL010000017.1,armA,-,8943,9716,tnpAcp1,554_tnpAcp1_FJ187822.1,10685,10042,326
GCA_049178295.1,JBMHOL010000020.1,APH(3'')-Ib,+,59276,60079,IS91,270_IS91_MOFF01000153.1,61776,62866,1697
GCA_049178295.1,JBMHOL010000020.1,APH(3'')-Ib,+,59276,60079,IS91,294_IS91_MOFA01000112.1,61638,62152,1559
GCA_049178295.1,JBMHOL010000020.1,APH(3'')-Ib,+,59276,60079,IS91,327_IS91_LRKR01000133.1,62691,62963,2612
GCA_049178295.1,JBMHOL010000020.1,APH(3'')-Ib,+,59276,60079,IS91,406_IS91_CP018710.1,61470,61658,1391
GCA_049178295.1,JBMHOL010000020.1,APH(6)-Id,+,60079,60915,IS91,270_IS91_MOFF01000153.1,61776,62866,861
GCA_049178295.1,JBMHOL010000020.1,APH(6)-Id,+,60079,60915,IS91,294_IS91_MOFA01000112.1,61638,62152,723
GCA_049178295.1,JBMHOL010000020.1,APH(6)-Id,+,60079,60915,IS91,327_IS91_LRKR01000133.1,62691,62963,1776
GCA_049178295.1,JBMHOL010000020.1,APH(6)-Id,+,60079,60915,IS91,406_IS91_CP018710.1,61470,61658,555
GCA_049178295.1,JBMHOL010000028.1,abeS,+,45790,46119,qacEdelta,2277_qacEdelta_CT025799.2,45790,46119,0
GCA_049178475.1,JBMHOU010000145.1,adeG,-,72460,73680,qacEdelta,2277_qacEdelta_CT025799.2,78547,78218,4538
GCA_049178475.1,JBMHOU010000145.1,abeS,-,78218,78547,qacEdelta,2277_qacEdelta_CT025799.2,78547,78218,0
GCA_049178515.1,JBMHOV010000148.1,abeS,+,48626,48955,qacEdelta,2277_qacEdelta_CT025799.2,48626,48955,0
GCA_049178515.1,JBMHOV010000148.1,adeG,+,53493,54713,qacEdelta,2277_qacEdelta_CT025799.2,48626,48955,4538
GCA_049178695.1,JBMHPF010000015.1,APH(3'')-Ib,+,59276,60079,IS91,270_IS91_MOFF01000153.1,61776,62866,1697
GCA_049178695.1,JBMHPF010000015.1,APH(3'')-Ib,+,59276,60079,IS91,294_IS91_MOFA01000112.1,61638,62152,1559
GCA_049178695.1,JBMHPF010000015.1,APH(3'')-Ib,+,59276,60079,IS91,327_IS91_LRKR01000133.1,62691,62963,2612
GCA_049178695.1,JBMHPF010000015.1,APH(3'')-Ib,+,59276,60079,IS91,406_IS91_CP018710.1,61470,61658,1391
GCA_049178695.1,JBMHPF010000015.1,APH(6)-Id,+,60079,60915,IS91,270_IS91_MOFF01000153.1,61776,62866,861
GCA_049178695.1,JBMHPF010000015.1,APH(6)-Id,+,60079,60915,IS91,294_IS91_MOFA01000112.1,61638,62152,723
GCA_049178695.1,JBMHPF010000015.1,APH(6)-Id,+,60079,60915,IS91,327_IS91_LRKR01000133.1,62691,62963,1776
GCA_049178695.1,JBMHPF010000015.1,APH(6)-Id,+,60079,60915,IS91,406_IS91_CP018710.1,61470,61658,555
GCA_049178695.1,JBMHPF010000015.1,tet(B),+,64288,65487,IS91,270_IS91_MOFF01000153.1,61776,62866,1422
GCA_049178695.1,JBMHPF010000015.1,tet(B),+,64288,65487,IS91,294_IS91_MOFA01000112.1,61638,62152,2136
GCA_049178695.1,JBMHPF010000015.1,tet(B),+,64288,65487,IS91,327_IS91_LRKR01000133.1,62691,62963,1325
GCA_049178695.1,JBMHPF010000015.1,tet(B),+,64288,65487,IS91,406_IS91_CP018710.1,61470,61658,2630
GCA_049178695.1,JBMHPF010000044.1,mphE,-,4229,5113,tnpA,483_tnpA_HE577623.1,8334,7009,1896
GCA_049178695.1,JBMHPF010000044.1,mphE,-,4229,5113,tnpAcp1,554_tnpAcp1_FJ187822.1,10685,10042,4929
GCA_049178695.1,JBMHPF010000044.1,msrE,-,5169,6644,tnpA,483_tnpA_HE577623.1,8334,7009,365
GCA_049178695.1,JBMHPF010000044.1,msrE,-,5169,6644,tnpAcp1,554_tnpAcp1_FJ187822.1,10685,10042,3398
GCA_049178695.1,JBMHPF010000044.1,armA,-,8943,9716,tnpA,483_tnpA_HE577623.1,8334,7009,609
GCA_049178695.1,JBMHPF010000044.1,armA,-,8943,9716,tnpAcp1,554_tnpAcp1_FJ187822.1,10685,10042,326
GCA_049178695.1,JBMHPF010000044.1,abeS,+,106117,106446,qacEdelta,2277_qacEdelta_CT025799.2,106117,106446,0
GCA_049178695.1,JBMHPF010000044.1,adeG,+,110984,112204,qacEdelta,2277_qacEdelta_CT025799.2,106117,106446,4538
GCA_049189225.1,ABYMBV010000002.1,adeG,-,38235,39455,qacEdelta,2277_qacEdelta_CT025799.2,44322,43993,4538
GCA_049189225.1,ABYMBV010000002.1,abeS,-,43993,44322,qacEdelta,2277_qacEdelta_CT025799.2,44322,43993,0
GCA_049189225.1,ABYMBV010000042.1,APH(6)-Id,-,1216,2052,IS91,294_IS91_MOFA01000112.1,493,1,723
GCA_049189225.1,ABYMBV010000042.1,APH(6)-Id,-,1216,2052,IS91,406_IS91_CP018710.1,661,473,555
GCA_049189225.1,ABYMBV010000042.1,APH(3'')-Ib,-,2052,2855,IS91,294_IS91_MOFA01000112.1,493,1,1559
GCA_049189225.1,ABYMBV010000042.1,APH(3'')-Ib,-,2052,2855,IS91,406_IS91_CP018710.1,661,473,1391
GCA_049189225.1,ABYMBV010000061.1,abeS,+,61904,62233,qacEdelta,2277_qacEdelta_CT025799.2,61904,62233,0
GCA_049189225.1,ABYMBV010000061.1,adeG,+,66771,67991,qacEdelta,2277_qacEdelta_CT025799.2,61904,62233,4538
GCA_049189225.1,ABYMBV010000067.1,APH(3'')-Ib,+,1249,2052,IS91,294_IS91_MOFA01000112.1,3611,4125,1559
GCA_049189225.1,ABYMBV010000067.1,APH(3'')-Ib,+,1249,2052,IS91,406_IS91_CP018710.1,3443,3631,1391
GCA_049189225.1,ABYMBV010000067.1,APH(6)-Id,+,2052,2888,IS91,294_IS91_MOFA01000112.1,3611,4125,723
GCA_049189225.1,ABYMBV010000067.1,APH(6)-Id,+,2052,2888,IS91,406_IS91_CP018710.1,3443,3631,555
GCA_049223405.1,JBMJNK010000018.1,adeG,-,23755,24972,qacEdelta,2277_qacEdelta_CT025799.2,29838,29509,4537
GCA_049223405.1,JBMJNK010000018.1,abeS,-,29509,29838,qacEdelta,2277_qacEdelta_CT025799.2,29838,29509,0
GCA_049223405.1,JBMJNK010000052.1,sul2,+,243,1058,IS26,755_IS26_KT334335.1,2517,3221,1459
GCA_049223405.1,JBMJNK010000052.1,msrE,+,7190,8665,IS26,755_IS26_KT334335.1,2517,3221,3969
GCA_049223945.1,JBMJKJ010000009.1,abeS,+,75688,76017,qacEdelta,2277_qacEdelta_CT025799.2,75688,76017,0
GCA_049223945.1,JBMJKJ010000009.1,adeG,+,80555,81775,qacEdelta,2277_qacEdelta_CT025799.2,75688,76017,4538
GCA_049224005.1,JBMJKL010000007.1,abeS,+,42448,42777,qacEdelta,2277_qacEdelta_CT025799.2,42448,42777,0
GCA_049224005.1,JBMJKL010000007.1,adeG,+,47315,48535,qacEdelta,2277_qacEdelta_CT025799.2,42448,42777,4538
GCA_049224005.1,JBMJKL010000016.1,armA,+,76818,77591,tnpA,483_tnpA_HE577623.1,78200,79525,609
GCA_049224005.1,JBMJKL010000016.1,armA,+,76818,77591,tnpAcp1,554_tnpAcp1_FJ187822.1,75849,76492,326
GCA_049224005.1,JBMJKL010000016.1,msrE,+,79890,81365,tnpA,483_tnpA_HE577623.1,78200,79525,365
GCA_049224005.1,JBMJKL010000016.1,msrE,+,79890,81365,tnpAcp1,554_tnpAcp1_FJ187822.1,75849,76492,3398
GCA_049224005.1,JBMJKL010000016.1,mphE,+,81421,82305,tnpA,483_tnpA_HE577623.1,78200,79525,1896
GCA_049224005.1,JBMJKL010000016.1,mphE,+,81421,82305,tnpAcp1,554_tnpAcp1_FJ187822.1,75849,76492,4929
GCA_049224005.1,JBMJKL010000020.1,APH(3'')-Ib,+,59197,60000,IS91,270_IS91_MOFF01000153.1,61697,62787,1697
GCA_049224005.1,JBMJKL010000020.1,APH(3'')-Ib,+,59197,60000,IS91,294_IS91_MOFA01000112.1,61559,62073,1559
GCA_049224005.1,JBMJKL010000020.1,APH(3'')-Ib,+,59197,60000,IS91,327_IS91_LRKR01000133.1,62612,62884,2612
GCA_049224005.1,JBMJKL010000020.1,APH(3'')-Ib,+,59197,60000,IS91,406_IS91_CP018710.1,61391,61579,1391
GCA_049224005.1,JBMJKL010000020.1,APH(6)-Id,+,60000,60836,IS91,270_IS91_MOFF01000153.1,61697,62787,861
GCA_049224005.1,JBMJKL010000020.1,APH(6)-Id,+,60000,60836,IS91,294_IS91_MOFA01000112.1,61559,62073,723
GCA_049224005.1,JBMJKL010000020.1,APH(6)-Id,+,60000,60836,IS91,327_IS91_LRKR01000133.1,62612,62884,1776
GCA_049224005.1,JBMJKL010000020.1,APH(6)-Id,+,60000,60836,IS91,406_IS91_CP018710.1,61391,61579,555
GCA_049224005.1,JBMJKL010000020.1,tet(B),+,64209,65414,IS91,270_IS91_MOFF01000153.1,61697,62787,1422
GCA_049224005.1,JBMJKL010000020.1,tet(B),+,64209,65414,IS91,294_IS91_MOFA01000112.1,61559,62073,2136
GCA_049224005.1,JBMJKL010000020.1,tet(B),+,64209,65414,IS91,327_IS91_LRKR01000133.1,62612,62884,1325
GCA_049224005.1,JBMJKL010000020.1,tet(B),+,64209,65414,IS91,406_IS91_CP018710.1,61391,61579,2630
GCA_049224195.1,JBMJKB010000004.1,abeS,+,75593,75922,qacEdelta,2277_qacEdelta_CT025799.2,75593,75922,0
GCA_049224195.1,JBMJKB010000004.1,adeG,+,80460,81680,qacEdelta,2277_qacEdelta_CT025799.2,75593,75922,4538
GCA_049224195.1,JBMJKB010000021.1,APH(3'')-Ib,+,59199,60002,IS91,270_IS91_MOFF01000153.1,61699,62789,1697
GCA_049224195.1,JBMJKB010000021.1,APH(3'')-Ib,+,59199,60002,IS91,294_IS91_MOFA01000112.1,61561,62075,1559
GCA_049224195.1,JBMJKB010000021.1,APH(3'')-Ib,+,59199,60002,IS91,327_IS91_LRKR01000133.1,62614,62886,2612
GCA_049224195.1,JBMJKB010000021.1,APH(3'')-Ib,+,59199,60002,IS91,406_IS91_CP018710.1,61393,61581,1391
GCA_049224195.1,JBMJKB010000021.1,APH(6)-Id,+,60002,60838,IS91,270_IS91_MOFF01000153.1,61699,62789,861
GCA_049224195.1,JBMJKB010000021.1,APH(6)-Id,+,60002,60838,IS91,294_IS91_MOFA01000112.1,61561,62075,723
GCA_049224195.1,JBMJKB010000021.1,APH(6)-Id,+,60002,60838,IS91,327_IS91_LRKR01000133.1,62614,62886,1776
GCA_049224195.1,JBMJKB010000021.1,APH(6)-Id,+,60002,60838,IS91,406_IS91_CP018710.1,61393,61581,555
GCA_049224195.1,JBMJKB010000021.1,tet(B),+,64211,65410,IS91,270_IS91_MOFF01000153.1,61699,62789,1422
GCA_049224195.1,JBMJKB010000021.1,tet(B),+,64211,65410,IS91,294_IS91_MOFA01000112.1,61561,62075,2136
GCA_049224195.1,JBMJKB010000021.1,tet(B),+,64211,65410,IS91,327_IS91_LRKR01000133.1,62614,62886,1325
GCA_049224195.1,JBMJKB010000021.1,tet(B),+,64211,65410,IS91,406_IS91_CP018710.1,61393,61581,2630
GCA_049224195.1,JBMJKB010000040.1,mphE,-,4151,5035,tnpA,483_tnpA_HE577623.1,8256,6931,1896
GCA_049224195.1,JBMJKB010000040.1,mphE,-,4151,5035,tnpAcp1,554_tnpAcp1_FJ187822.1,10607,9964,4929
GCA_049224195.1,JBMJKB010000040.1,msrE,-,5091,6566,tnpA,483_tnpA_HE577623.1,8256,6931,365
GCA_049224195.1,JBMJKB010000040.1,msrE,-,5091,6566,tnpAcp1,554_tnpAcp1_FJ187822.1,10607,9964,3398
GCA_049224195.1,JBMJKB010000040.1,armA,-,8865,9638,tnpA,483_tnpA_HE577623.1,8256,6931,609
GCA_049224195.1,JBMJKB010000040.1,armA,-,8865,9638,tnpAcp1,554_tnpAcp1_FJ187822.1,10607,9964,326
GCA_049224195.1,JBMJKB010000070.1,TEM-12,-,19,879,tnpA,1098_tnpA_KX756453.1,1578,1062,183
GCA_049224565.1,JBMJNC010000004.1,abeS,+,75593,75922,qacEdelta,2277_qacEdelta_CT025799.2,75593,75922,0
GCA_049224565.1,JBMJNC010000004.1,adeG,+,80460,81680,qacEdelta,2277_qacEdelta_CT025799.2,75593,75922,4538
GCA_049224565.1,JBMJNC010000022.1,tet(B),-,2237,3436,IS91,270_IS91_MOFF01000153.1,5948,4858,1422
GCA_049224565.1,JBMJNC010000022.1,tet(B),-,2237,3436,IS91,294_IS91_MOFA01000112.1,6086,5572,2136
GCA_049224565.1,JBMJNC010000022.1,tet(B),-,2237,3436,IS91,327_IS91_LRKR01000133.1,5033,4761,1325
GCA_049224565.1,JBMJNC010000022.1,tet(B),-,2237,3436,IS91,406_IS91_CP018710.1,6254,6066,2630
GCA_049224565.1,JBMJNC010000022.1,APH(6)-Id,-,6809,7645,IS91,270_IS91_MOFF01000153.1,5948,4858,861
GCA_049224565.1,JBMJNC010000022.1,APH(6)-Id,-,6809,7645,IS91,294_IS91_MOFA01000112.1,6086,5572,723
GCA_049224565.1,JBMJNC010000022.1,APH(6)-Id,-,6809,7645,IS91,327_IS91_LRKR01000133.1,5033,4761,1776
GCA_049224565.1,JBMJNC010000022.1,APH(6)-Id,-,6809,7645,IS91,406_IS91_CP018710.1,6254,6066,555
GCA_049224565.1,JBMJNC010000022.1,APH(3'')-Ib,-,7645,8448,IS91,270_IS91_MOFF01000153.1,5948,4858,1697
GCA_049224565.1,JBMJNC010000022.1,APH(3'')-Ib,-,7645,8448,IS91,294_IS91_MOFA01000112.1,6086,5572,1559
GCA_049224565.1,JBMJNC010000022.1,APH(3'')-Ib,-,7645,8448,IS91,327_IS91_LRKR01000133.1,5033,4761,2612
GCA_049224565.1,JBMJNC010000022.1,APH(3'')-Ib,-,7645,8448,IS91,406_IS91_CP018710.1,6254,6066,1391
GCA_049224565.1,JBMJNC010000039.1,armA,+,20817,21590,tnpA,483_tnpA_HE577623.1,22199,23524,609
GCA_049224565.1,JBMJNC010000039.1,armA,+,20817,21590,tnpAcp1,554_tnpAcp1_FJ187822.1,19848,20491,326
GCA_049224565.1,JBMJNC010000039.1,msrE,+,23889,25364,tnpA,483_tnpA_HE577623.1,22199,23524,365
GCA_049224565.1,JBMJNC010000039.1,msrE,+,23889,25364,tnpAcp1,554_tnpAcp1_FJ187822.1,19848,20491,3398
GCA_049224565.1,JBMJNC010000039.1,mphE,+,25420,26304,tnpA,483_tnpA_HE577623.1,22199,23524,1896
GCA_049224565.1,JBMJNC010000039.1,mphE,+,25420,26304,tnpAcp1,554_tnpAcp1_FJ187822.1,19848,20491,4929
GCA_049224565.1,JBMJNC010000067.1,TEM-12,+,700,1560,tnpA,1098_tnpA_KX756453.1,1,517,183
GCA_049224725.1,JBMJMT010000015.1,abeS,+,68561,68890,qacEdelta,2277_qacEdelta_CT025799.2,68561,68890,0
GCA_049224725.1,JBMJMT010000015.1,adeG,+,73428,74648,qacEdelta,2277_qacEdelta_CT025799.2,68561,68890,4538
GCA_049224725.1,JBMJMT010000049.1,APH(6)-Id,-,3562,4398,IS91,270_IS91_MOFF01000153.1,2701,1611,861
GCA_049224725.1,JBMJMT010000049.1,APH(6)-Id,-,3562,4398,IS91,294_IS91_MOFA01000112.1,2839,2325,723
GCA_049224725.1,JBMJMT010000049.1,APH(6)-Id,-,3562,4398,IS91,327_IS91_LRKR01000133.1,1786,1514,1776
GCA_049224725.1,JBMJMT010000049.1,APH(6)-Id,-,3562,4398,IS91,406_IS91_CP018710.1,3007,2819,555
GCA_049224725.1,JBMJMT010000049.1,APH(3'')-Ib,-,4398,5201,IS91,270_IS91_MOFF01000153.1,2701,1611,1697
GCA_049224725.1,JBMJMT010000049.1,APH(3'')-Ib,-,4398,5201,IS91,294_IS91_MOFA01000112.1,2839,2325,1559
GCA_049224725.1,JBMJMT010000049.1,APH(3'')-Ib,-,4398,5201,IS91,327_IS91_LRKR01000133.1,1786,1514,2612
GCA_049224725.1,JBMJMT010000049.1,APH(3'')-Ib,-,4398,5201,IS91,406_IS91_CP018710.1,3007,2819,1391
GCA_049225105.1,JBMJLE010000008.1,abeS,+,56547,56876,qacEdelta,2277_qacEdelta_CT025799.2,56547,56876,0
GCA_049225105.1,JBMJLE010000008.1,adeG,+,61414,62634,qacEdelta,2277_qacEdelta_CT025799.2,56547,56876,4538
GCA_049225105.1,JBMJLE010000021.1,tet(B),-,1452,2657,IS91,270_IS91_MOFF01000153.1,5169,4079,1422
GCA_049225105.1,JBMJLE010000021.1,tet(B),-,1452,2657,IS91,294_IS91_MOFA01000112.1,5307,4793,2136
GCA_049225105.1,JBMJLE010000021.1,tet(B),-,1452,2657,IS91,327_IS91_LRKR01000133.1,4254,3982,1325
GCA_049225105.1,JBMJLE010000021.1,tet(B),-,1452,2657,IS91,406_IS91_CP018710.1,5475,5287,2630
GCA_049225105.1,JBMJLE010000021.1,APH(6)-Id,-,6030,6866,IS91,270_IS91_MOFF01000153.1,5169,4079,861
GCA_049225105.1,JBMJLE010000021.1,APH(6)-Id,-,6030,6866,IS91,294_IS91_MOFA01000112.1,5307,4793,723
GCA_049225105.1,JBMJLE010000021.1,APH(6)-Id,-,6030,6866,IS91,327_IS91_LRKR01000133.1,4254,3982,1776
GCA_049225105.1,JBMJLE010000021.1,APH(6)-Id,-,6030,6866,IS91,406_IS91_CP018710.1,5475,5287,555
GCA_049225105.1,JBMJLE010000021.1,APH(3'')-Ib,-,6866,7669,IS91,270_IS91_MOFF01000153.1,5169,4079,1697
GCA_049225105.1,JBMJLE010000021.1,APH(3'')-Ib,-,6866,7669,IS91,294_IS91_MOFA01000112.1,5307,4793,1559
GCA_049225105.1,JBMJLE010000021.1,APH(3'')-Ib,-,6866,7669,IS91,327_IS91_LRKR01000133.1,4254,3982,2612
GCA_049225105.1,JBMJLE010000021.1,APH(3'')-Ib,-,6866,7669,IS91,406_IS91_CP018710.1,5475,5287,1391
GCA_049225465.1,JBMJNR010000009.1,abeS,+,62767,63096,qacEdelta,2277_qacEdelta_CT025799.2,62767,63096,0
GCA_049225465.1,JBMJNR010000009.1,adeG,+,67634,68854,qacEdelta,2277_qacEdelta_CT025799.2,62767,63096,4538
GCA_049225465.1,JBMJNR010000016.1,tet(B),-,1452,2657,IS91,270_IS91_MOFF01000153.1,5169,4079,1422
GCA_049225465.1,JBMJNR010000016.1,tet(B),-,1452,2657,IS91,294_IS91_MOFA01000112.1,5307,4793,2136
GCA_049225465.1,JBMJNR010000016.1,tet(B),-,1452,2657,IS91,327_IS91_LRKR01000133.1,4254,3982,1325
GCA_049225465.1,JBMJNR010000016.1,tet(B),-,1452,2657,IS91,406_IS91_CP018710.1,5475,5287,2630
GCA_049225465.1,JBMJNR010000016.1,APH(6)-Id,-,6030,6866,IS91,270_IS91_MOFF01000153.1,5169,4079,861
GCA_049225465.1,JBMJNR010000016.1,APH(6)-Id,-,6030,6866,IS91,294_IS91_MOFA01000112.1,5307,4793,723
GCA_049225465.1,JBMJNR010000016.1,APH(6)-Id,-,6030,6866,IS91,327_IS91_LRKR01000133.1,4254,3982,1776
GCA_049225465.1,JBMJNR010000016.1,APH(6)-Id,-,6030,6866,IS91,406_IS91_CP018710.1,5475,5287,555
GCA_049225465.1,JBMJNR010000016.1,APH(3'')-Ib,-,6866,7669,IS91,270_IS91_MOFF01000153.1,5169,4079,1697
GCA_049225465.1,JBMJNR010000016.1,APH(3'')-Ib,-,6866,7669,IS91,294_IS91_MOFA01000112.1,5307,4793,1559
GCA_049225465.1,JBMJNR010000016.1,APH(3'')-Ib,-,6866,7669,IS91,327_IS91_LRKR01000133.1,4254,3982,2612
GCA_049225465.1,JBMJNR010000016.1,APH(3'')-Ib,-,6866,7669,IS91,406_IS91_CP018710.1,5475,5287,1391
GCA_049227145.1,JBMJHH010000007.1,adeG,-,57431,58651,qacEdelta,2277_qacEdelta_CT025799.2,63518,63189,4538
GCA_049227145.1,JBMJHH010000007.1,abeS,-,63189,63518,qacEdelta,2277_qacEdelta_CT025799.2,63518,63189,0
GCA_049227145.1,JBMJHH010000007.1,armA,+,159919,160692,tnpA,483_tnpA_HE577623.1,161301,162626,609
GCA_049227145.1,JBMJHH010000007.1,armA,+,159919,160692,tnpAcp1,554_tnpAcp1_FJ187822.1,158950,159593,326
GCA_049227145.1,JBMJHH010000007.1,msrE,+,162991,164466,tnpA,483_tnpA_HE577623.1,161301,162626,365
GCA_049227145.1,JBMJHH010000007.1,msrE,+,162991,164466,tnpAcp1,554_tnpAcp1_FJ187822.1,158950,159593,3398
GCA_049227145.1,JBMJHH010000007.1,mphE,+,164522,165406,tnpA,483_tnpA_HE577623.1,161301,162626,1896
GCA_049227145.1,JBMJHH010000007.1,mphE,+,164522,165406,tnpAcp1,554_tnpAcp1_FJ187822.1,158950,159593,4929
GCA_049227145.1,JBMJHH010000023.1,tet(B),-,2237,3436,IS91,270_IS91_MOFF01000153.1,5948,4858,1422
GCA_049227145.1,JBMJHH010000023.1,tet(B),-,2237,3436,IS91,294_IS91_MOFA01000112.1,6086,5572,2136
GCA_049227145.1,JBMJHH010000023.1,tet(B),-,2237,3436,IS91,327_IS91_LRKR01000133.1,5033,4761,1325
GCA_049227145.1,JBMJHH010000023.1,tet(B),-,2237,3436,IS91,406_IS91_CP018710.1,6254,6066,2630
GCA_049227145.1,JBMJHH010000023.1,APH(6)-Id,-,6809,7645,IS91,270_IS91_MOFF01000153.1,5948,4858,861
GCA_049227145.1,JBMJHH010000023.1,APH(6)-Id,-,6809,7645,IS91,294_IS91_MOFA01000112.1,6086,5572,723
GCA_049227145.1,JBMJHH010000023.1,APH(6)-Id,-,6809,7645,IS91,327_IS91_LRKR01000133.1,5033,4761,1776
GCA_049227145.1,JBMJHH010000023.1,APH(6)-Id,-,6809,7645,IS91,406_IS91_CP018710.1,6254,6066,555
GCA_049227145.1,JBMJHH010000023.1,APH(3'')-Ib,-,7645,8448,IS91,270_IS91_MOFF01000153.1,5948,4858,1697
GCA_049227145.1,JBMJHH010000023.1,APH(3'')-Ib,-,7645,8448,IS91,294_IS91_MOFA01000112.1,6086,5572,1559
GCA_049227145.1,JBMJHH010000023.1,APH(3'')-Ib,-,7645,8448,IS91,327_IS91_LRKR01000133.1,5033,4761,2612
GCA_049227145.1,JBMJHH010000023.1,APH(3'')-Ib,-,7645,8448,IS91,406_IS91_CP018710.1,6254,6066,1391
GCA_049228045.1,JBMJFM010000008.1,adeG,-,62853,64073,qacEdelta,2277_qacEdelta_CT025799.2,68940,68611,4538
GCA_049228045.1,JBMJFM010000008.1,abeS,-,68611,68940,qacEdelta,2277_qacEdelta_CT025799.2,68940,68611,0
GCA_049228045.1,JBMJFM010000020.1,tet(B),-,1452,2657,IS91,270_IS91_MOFF01000153.1,5169,4079,1422
GCA_049228045.1,JBMJFM010000020.1,tet(B),-,1452,2657,IS91,294_IS91_MOFA01000112.1,5307,4793,2136
GCA_049228045.1,JBMJFM010000020.1,tet(B),-,1452,2657,IS91,327_IS91_LRKR01000133.1,4254,3982,1325
GCA_049228045.1,JBMJFM010000020.1,tet(B),-,1452,2657,IS91,406_IS91_CP018710.1,5475,5287,2630
GCA_049228045.1,JBMJFM010000020.1,APH(6)-Id,-,6030,6866,IS91,270_IS91_MOFF01000153.1,5169,4079,861
GCA_049228045.1,JBMJFM010000020.1,APH(6)-Id,-,6030,6866,IS91,294_IS91_MOFA01000112.1,5307,4793,723
GCA_049228045.1,JBMJFM010000020.1,APH(6)-Id,-,6030,6866,IS91,327_IS91_LRKR01000133.1,4254,3982,1776
GCA_049228045.1,JBMJFM010000020.1,APH(6)-Id,-,6030,6866,IS91,406_IS91_CP018710.1,5475,5287,555
GCA_049228045.1,JBMJFM010000020.1,APH(3'')-Ib,-,6866,7669,IS91,270_IS91_MOFF01000153.1,5169,4079,1697
GCA_049228045.1,JBMJFM010000020.1,APH(3'')-Ib,-,6866,7669,IS91,294_IS91_MOFA01000112.1,5307,4793,1559
GCA_049228045.1,JBMJFM010000020.1,APH(3'')-Ib,-,6866,7669,IS91,327_IS91_LRKR01000133.1,4254,3982,2612
GCA_049228045.1,JBMJFM010000020.1,APH(3'')-Ib,-,6866,7669,IS91,406_IS91_CP018710.1,5475,5287,1391
GCA_049228205.1,JBMJFG010000001.1,abeS,+,75397,75726,qacEdelta,2277_qacEdelta_CT025799.2,75397,75726,0
GCA_049228205.1,JBMJFG010000001.1,adeG,+,80264,81484,qacEdelta,2277_qacEdelta_CT025799.2,75397,75726,4538
GCA_049228205.1,JBMJFG010000019.1,tet(B),-,1,1199,IS91,270_IS91_MOFF01000153.1,3711,2621,1422
GCA_049228205.1,JBMJFG010000019.1,tet(B),-,1,1199,IS91,294_IS91_MOFA01000112.1,3849,3335,2136
GCA_049228205.1,JBMJFG010000019.1,tet(B),-,1,1199,IS91,327_IS91_LRKR01000133.1,2796,2524,1325
GCA_049228205.1,JBMJFG010000019.1,tet(B),-,1,1199,IS91,406_IS91_CP018710.1,4017,3829,2630
GCA_049228205.1,JBMJFG010000019.1,APH(6)-Id,-,4572,5408,IS91,270_IS91_MOFF01000153.1,3711,2621,861
GCA_049228205.1,JBMJFG010000019.1,APH(6)-Id,-,4572,5408,IS91,294_IS91_MOFA01000112.1,3849,3335,723
GCA_049228205.1,JBMJFG010000019.1,APH(6)-Id,-,4572,5408,IS91,327_IS91_LRKR01000133.1,2796,2524,1776
GCA_049228205.1,JBMJFG010000019.1,APH(6)-Id,-,4572,5408,IS91,406_IS91_CP018710.1,4017,3829,555
GCA_049228205.1,JBMJFG010000019.1,APH(3'')-Ib,-,5408,6211,IS91,270_IS91_MOFF01000153.1,3711,2621,1697
GCA_049228205.1,JBMJFG010000019.1,APH(3'')-Ib,-,5408,6211,IS91,294_IS91_MOFA01000112.1,3849,3335,1559
GCA_049228205.1,JBMJFG010000019.1,APH(3'')-Ib,-,5408,6211,IS91,327_IS91_LRKR01000133.1,2796,2524,2612
GCA_049228205.1,JBMJFG010000019.1,APH(3'')-Ib,-,5408,6211,IS91,406_IS91_CP018710.1,4017,3829,1391
GCA_049228205.1,JBMJFG010000046.1,armA,+,20831,21604,tnpA,483_tnpA_HE577623.1,22213,23538,609
GCA_049228205.1,JBMJFG010000046.1,armA,+,20831,21604,tnpAcp1,554_tnpAcp1_FJ187822.1,19862,20505,326
GCA_049228205.1,JBMJFG010000046.1,msrE,+,23903,25378,tnpA,483_tnpA_HE577623.1,22213,23538,365
GCA_049228205.1,JBMJFG010000046.1,msrE,+,23903,25378,tnpAcp1,554_tnpAcp1_FJ187822.1,19862,20505,3398
GCA_049228205.1,JBMJFG010000046.1,mphE,+,25434,26318,tnpA,483_tnpA_HE577623.1,22213,23538,1896
GCA_049228205.1,JBMJFG010000046.1,mphE,+,25434,26318,tnpAcp1,554_tnpAcp1_FJ187822.1,19862,20505,4929
GCA_049228365.1,JBMJEZ010000002.1,abeS,+,54875,55204,qacEdelta,2277_qacEdelta_CT025799.2,54875,55204,0
GCA_049228365.1,JBMJEZ010000002.1,adeG,+,59742,60962,qacEdelta,2277_qacEdelta_CT025799.2,54875,55204,4538
GCA_049228605.1,JBMJEN010000002.1,adeG,-,39471,40691,qacEdelta,2277_qacEdelta_CT025799.2,45558,45229,4538
GCA_049228605.1,JBMJEN010000002.1,abeS,-,45229,45558,qacEdelta,2277_qacEdelta_CT025799.2,45558,45229,0
GCA_049228605.1,JBMJEN010000018.1,tet(B),-,1452,2657,IS91,270_IS91_MOFF01000153.1,5169,4079,1422
GCA_049228605.1,JBMJEN010000018.1,tet(B),-,1452,2657,IS91,294_IS91_MOFA01000112.1,5307,4793,2136
GCA_049228605.1,JBMJEN010000018.1,tet(B),-,1452,2657,IS91,327_IS91_LRKR01000133.1,4254,3982,1325
GCA_049228605.1,JBMJEN010000018.1,tet(B),-,1452,2657,IS91,406_IS91_CP018710.1,5475,5287,2630
GCA_049228605.1,JBMJEN010000018.1,APH(6)-Id,-,6030,6866,IS91,270_IS91_MOFF01000153.1,5169,4079,861
GCA_049228605.1,JBMJEN010000018.1,APH(6)-Id,-,6030,6866,IS91,294_IS91_MOFA01000112.1,5307,4793,723
GCA_049228605.1,JBMJEN010000018.1,APH(6)-Id,-,6030,6866,IS91,327_IS91_LRKR01000133.1,4254,3982,1776
GCA_049228605.1,JBMJEN010000018.1,APH(6)-Id,-,6030,6866,IS91,406_IS91_CP018710.1,5475,5287,555
GCA_049228605.1,JBMJEN010000018.1,APH(3'')-Ib,-,6866,7669,IS91,270_IS91_MOFF01000153.1,5169,4079,1697
GCA_049228605.1,JBMJEN010000018.1,APH(3'')-Ib,-,6866,7669,IS91,294_IS91_MOFA01000112.1,5307,4793,1559
GCA_049228605.1,JBMJEN010000018.1,APH(3'')-Ib,-,6866,7669,IS91,327_IS91_LRKR01000133.1,4254,3982,2612
GCA_049228605.1,JBMJEN010000018.1,APH(3'')-Ib,-,6866,7669,IS91,406_IS91_CP018710.1,5475,5287,1391
GCA_049228905.1,JBMJDY010000018.1,abeS,+,63411,63740,qacEdelta,2277_qacEdelta_CT025799.2,63411,63740,0
GCA_049228905.1,JBMJDY010000018.1,adeG,+,68278,69495,qacEdelta,2277_qacEdelta_CT025799.2,63411,63740,4538
GCA_049228905.1,JBMJDY010000024.1,armA,+,60059,60832,tnpA,483_tnpA_HE577623.1,61441,62766,609
GCA_049228905.1,JBMJDY010000024.1,armA,+,60059,60832,tnpAcp1,554_tnpAcp1_FJ187822.1,59090,59733,326
GCA_049228905.1,JBMJDY010000025.1,CTX-M-15,-,2638,3513,tnpA,268_tnpA_KM396300.1,5031,3966,453
GCA_049228905.1,JBMJDY010000025.1,CTX-M-15,-,2638,3513,tnpA,359_tnpA_FR718870.1,3933,3562,49
GCA_049228905.1,JBMJDY010000025.1,CTX-M-15,-,2638,3513,tnpA,271_tnpA_AB976569.1,4058,3769,256
GCA_049228905.1,JBMJDY010000051.1,APH(3')-VIa,-,3236,4015,tnpA,479_tnpA_AP013357.1,5141,4116,101
GCA_049228905.1,JBMJDY010000051.1,APH(3')-VIa,-,3236,4015,tnpA,479_tnpA_AP013357.1,3156,2131,80
GCA_049231585.1,JBMJUR010000016.1,abeS,-,44,373,qacEdelta,2277_qacEdelta_CT025799.2,373,44,0
GCA_049231605.1,JBMJUT010000012.1,adeG,-,58445,59665,qacEdelta,2277_qacEdelta_CT025799.2,64532,64203,4538
GCA_049231605.1,JBMJUT010000012.1,abeS,-,64203,64532,qacEdelta,2277_qacEdelta_CT025799.2,64532,64203,0
GCA_049231605.1,JBMJUT010000032.1,mphE,-,138,1022,tnpA,483_tnpA_HE577623.1,4243,2918,1896
GCA_049231605.1,JBMJUT010000032.1,mphE,-,138,1022,tnpAcp1,554_tnpAcp1_FJ187822.1,6594,5951,4929
GCA_049231605.1,JBMJUT010000032.1,msrE,-,1078,2553,tnpA,483_tnpA_HE577623.1,4243,2918,365
GCA_049231605.1,JBMJUT010000032.1,msrE,-,1078,2553,tnpAcp1,554_tnpAcp1_FJ187822.1,6594,5951,3398
GCA_049231605.1,JBMJUT010000032.1,armA,-,4852,5625,tnpA,483_tnpA_HE577623.1,4243,2918,609
GCA_049231605.1,JBMJUT010000032.1,armA,-,4852,5625,tnpAcp1,554_tnpAcp1_FJ187822.1,6594,5951,326
GCA_049231905.1,JBMJYS010000001.1,adeG,-,59564,60784,qacEdelta,2277_qacEdelta_CT025799.2,65651,65322,4538
GCA_049231905.1,JBMJYS010000001.1,abeS,-,65322,65651,qacEdelta,2277_qacEdelta_CT025799.2,65651,65322,0
GCA_049234005.1,JBMJRB010000011.1,adeG,-,30835,32055,qacEdelta,2277_qacEdelta_CT025799.2,36922,36593,4538
GCA_049234005.1,JBMJRB010000011.1,abeS,-,36593,36922,qacEdelta,2277_qacEdelta_CT025799.2,36922,36593,0
GCA_049234005.1,JBMJRB010000011.1,armA,+,133317,134090,tnpA,483_tnpA_HE577623.1,134699,136024,609
GCA_049234005.1,JBMJRB010000011.1,armA,+,133317,134090,tnpAcp1,554_tnpAcp1_FJ187822.1,132348,132991,326
GCA_049234005.1,JBMJRB010000011.1,msrE,+,136389,137864,tnpA,483_tnpA_HE577623.1,134699,136024,365
GCA_049234005.1,JBMJRB010000011.1,msrE,+,136389,137864,tnpAcp1,554_tnpAcp1_FJ187822.1,132348,132991,3398
GCA_049234005.1,JBMJRB010000011.1,mphE,+,137920,138804,tnpA,483_tnpA_HE577623.1,134699,136024,1896
GCA_049234005.1,JBMJRB010000011.1,mphE,+,137920,138804,tnpAcp1,554_tnpAcp1_FJ187822.1,132348,132991,4929
GCA_049234005.1,JBMJRB010000063.1,TEM-12,-,19,879,tnpA,1098_tnpA_KX756453.1,1578,1062,183
GCA_049234325.1,JBMJQH010000015.1,abeS,+,67229,67558,qacEdelta,2277_qacEdelta_CT025799.2,67229,67558,0
GCA_049234325.1,JBMJQH010000015.1,adeG,+,72096,73316,qacEdelta,2277_qacEdelta_CT025799.2,67229,67558,4538
GCA_049234325.1,JBMJQH010000054.1,tet(B),-,1,1199,IS91,270_IS91_MOFF01000153.1,3711,2621,1422
GCA_049234325.1,JBMJQH010000054.1,tet(B),-,1,1199,IS91,294_IS91_MOFA01000112.1,3849,3335,2136
GCA_049234325.1,JBMJQH010000054.1,tet(B),-,1,1199,IS91,327_IS91_LRKR01000133.1,2796,2524,1325
GCA_049234325.1,JBMJQH010000054.1,tet(B),-,1,1199,IS91,406_IS91_CP018710.1,4017,3829,2630
GCA_049234325.1,JBMJQH010000054.1,APH(6)-Id,-,4572,5408,IS91,270_IS91_MOFF01000153.1,3711,2621,861
GCA_049234325.1,JBMJQH010000054.1,APH(6)-Id,-,4572,5408,IS91,294_IS91_MOFA01000112.1,3849,3335,723
GCA_049234325.1,JBMJQH010000054.1,APH(6)-Id,-,4572,5408,IS91,327_IS91_LRKR01000133.1,2796,2524,1776
GCA_049234325.1,JBMJQH010000054.1,APH(6)-Id,-,4572,5408,IS91,406_IS91_CP018710.1,4017,3829,555
GCA_049234325.1,JBMJQH010000054.1,APH(3'')-Ib,-,5408,6211,IS91,270_IS91_MOFF01000153.1,3711,2621,1697
GCA_049234325.1,JBMJQH010000054.1,APH(3'')-Ib,-,5408,6211,IS91,294_IS91_MOFA01000112.1,3849,3335,1559
GCA_049234325.1,JBMJQH010000054.1,APH(3'')-Ib,-,5408,6211,IS91,327_IS91_LRKR01000133.1,2796,2524,2612
GCA_049234325.1,JBMJQH010000054.1,APH(3'')-Ib,-,5408,6211,IS91,406_IS91_CP018710.1,4017,3829,1391
GCA_049234945.1,JBMJPS010000005.1,abeS,+,100220,100549,qacEdelta,2277_qacEdelta_CT025799.2,100220,100549,0
GCA_049234945.1,JBMJPS010000005.1,adeG,+,105088,106308,qacEdelta,2277_qacEdelta_CT025799.2,100220,100549,4539
GCA_049235105.1,JBMJPM010000002.1,adeG,-,60056,61276,qacEdelta,2277_qacEdelta_CT025799.2,66143,65814,4538
GCA_049235105.1,JBMJPM010000002.1,abeS,-,65814,66143,qacEdelta,2277_qacEdelta_CT025799.2,66143,65814,0
GCA_049235105.1,JBMJPM010000017.1,tet(B),-,1452,2657,IS91,270_IS91_MOFF01000153.1,5169,4079,1422
GCA_049235105.1,JBMJPM010000017.1,tet(B),-,1452,2657,IS91,294_IS91_MOFA01000112.1,5307,4793,2136
GCA_049235105.1,JBMJPM010000017.1,tet(B),-,1452,2657,IS91,327_IS91_LRKR01000133.1,4254,3982,1325
GCA_049235105.1,JBMJPM010000017.1,tet(B),-,1452,2657,IS91,406_IS91_CP018710.1,5475,5287,2630
GCA_049235105.1,JBMJPM010000017.1,APH(6)-Id,-,6030,6866,IS91,270_IS91_MOFF01000153.1,5169,4079,861
GCA_049235105.1,JBMJPM010000017.1,APH(6)-Id,-,6030,6866,IS91,294_IS91_MOFA01000112.1,5307,4793,723
GCA_049235105.1,JBMJPM010000017.1,APH(6)-Id,-,6030,6866,IS91,327_IS91_LRKR01000133.1,4254,3982,1776
GCA_049235105.1,JBMJPM010000017.1,APH(6)-Id,-,6030,6866,IS91,406_IS91_CP018710.1,5475,5287,555
GCA_049235105.1,JBMJPM010000017.1,APH(3'')-Ib,-,6866,7669,IS91,270_IS91_MOFF01000153.1,5169,4079,1697
GCA_049235105.1,JBMJPM010000017.1,APH(3'')-Ib,-,6866,7669,IS91,294_IS91_MOFA01000112.1,5307,4793,1559
GCA_049235105.1,JBMJPM010000017.1,APH(3'')-Ib,-,6866,7669,IS91,327_IS91_LRKR01000133.1,4254,3982,2612
GCA_049235105.1,JBMJPM010000017.1,APH(3'')-Ib,-,6866,7669,IS91,406_IS91_CP018710.1,5475,5287,1391
GCA_049235225.1,JBMJPK010000005.1,abeS,+,135048,135377,qacEdelta,2277_qacEdelta_CT025799.2,135048,135377,0
GCA_049235225.1,JBMJPK010000005.1,adeG,+,139915,141135,qacEdelta,2277_qacEdelta_CT025799.2,135048,135377,4538
GCA_049235225.1,JBMJPK010000019.1,APH(3'')-Ib,+,59199,60002,IS91,270_IS91_MOFF01000153.1,61699,62789,1697
GCA_049235225.1,JBMJPK010000019.1,APH(3'')-Ib,+,59199,60002,IS91,294_IS91_MOFA01000112.1,61561,62075,1559
GCA_049235225.1,JBMJPK010000019.1,APH(3'')-Ib,+,59199,60002,IS91,327_IS91_LRKR01000133.1,62614,62886,2612
GCA_049235225.1,JBMJPK010000019.1,APH(3'')-Ib,+,59199,60002,IS91,406_IS91_CP018710.1,61393,61581,1391
GCA_049235225.1,JBMJPK010000019.1,APH(6)-Id,+,60002,60838,IS91,270_IS91_MOFF01000153.1,61699,62789,861
GCA_049235225.1,JBMJPK010000019.1,APH(6)-Id,+,60002,60838,IS91,294_IS91_MOFA01000112.1,61561,62075,723
GCA_049235225.1,JBMJPK010000019.1,APH(6)-Id,+,60002,60838,IS91,327_IS91_LRKR01000133.1,62614,62886,1776
GCA_049235225.1,JBMJPK010000019.1,APH(6)-Id,+,60002,60838,IS91,406_IS91_CP018710.1,61393,61581,555
GCA_049235225.1,JBMJPK010000019.1,tet(B),+,64211,65416,IS91,270_IS91_MOFF01000153.1,61699,62789,1422
GCA_049235225.1,JBMJPK010000019.1,tet(B),+,64211,65416,IS91,294_IS91_MOFA01000112.1,61561,62075,2136
GCA_049235225.1,JBMJPK010000019.1,tet(B),+,64211,65416,IS91,327_IS91_LRKR01000133.1,62614,62886,1325
GCA_049235225.1,JBMJPK010000019.1,tet(B),+,64211,65416,IS91,406_IS91_CP018710.1,61393,61581,2630
GCA_049235285.1,JBMJPF010000008.1,adeG,-,61052,62272,qacEdelta,2277_qacEdelta_CT025799.2,67139,66810,4538
GCA_049235285.1,JBMJPF010000008.1,abeS,-,66810,67139,qacEdelta,2277_qacEdelta_CT025799.2,67139,66810,0
GCA_049235285.1,JBMJPF010000022.1,tet(B),-,1452,2657,IS91,270_IS91_MOFF01000153.1,5169,4079,1422
GCA_049235285.1,JBMJPF010000022.1,tet(B),-,1452,2657,IS91,294_IS91_MOFA01000112.1,5307,4793,2136
GCA_049235285.1,JBMJPF010000022.1,tet(B),-,1452,2657,IS91,327_IS91_LRKR01000133.1,4254,3982,1325
GCA_049235285.1,JBMJPF010000022.1,tet(B),-,1452,2657,IS91,406_IS91_CP018710.1,5475,5287,2630
GCA_049235285.1,JBMJPF010000022.1,APH(6)-Id,-,6030,6866,IS91,270_IS91_MOFF01000153.1,5169,4079,861
GCA_049235285.1,JBMJPF010000022.1,APH(6)-Id,-,6030,6866,IS91,294_IS91_MOFA01000112.1,5307,4793,723
GCA_049235285.1,JBMJPF010000022.1,APH(6)-Id,-,6030,6866,IS91,327_IS91_LRKR01000133.1,4254,3982,1776
GCA_049235285.1,JBMJPF010000022.1,APH(6)-Id,-,6030,6866,IS91,406_IS91_CP018710.1,5475,5287,555
GCA_049235285.1,JBMJPF010000022.1,APH(3'')-Ib,-,6866,7669,IS91,270_IS91_MOFF01000153.1,5169,4079,1697
GCA_049235285.1,JBMJPF010000022.1,APH(3'')-Ib,-,6866,7669,IS91,294_IS91_MOFA01000112.1,5307,4793,1559
GCA_049235285.1,JBMJPF010000022.1,APH(3'')-Ib,-,6866,7669,IS91,327_IS91_LRKR01000133.1,4254,3982,2612
GCA_049235285.1,JBMJPF010000022.1,APH(3'')-Ib,-,6866,7669,IS91,406_IS91_CP018710.1,5475,5287,1391
GCA_049235345.1,ABYMWQ010000006.1,adeG,-,102947,104167,qacEdelta,2277_qacEdelta_CT025799.2,109034,108705,4538
GCA_049235345.1,ABYMWQ010000006.1,abeS,-,108705,109034,qacEdelta,2277_qacEdelta_CT025799.2,109034,108705,0
GCA_049235345.1,ABYMWQ010000015.1,APH(3'')-Ib,+,59198,60001,IS91,270_IS91_MOFF01000153.1,61698,62788,1697
GCA_049235345.1,ABYMWQ010000015.1,APH(3'')-Ib,+,59198,60001,IS91,294_IS91_MOFA01000112.1,61560,62074,1559
GCA_049235345.1,ABYMWQ010000015.1,APH(3'')-Ib,+,59198,60001,IS91,327_IS91_LRKR01000133.1,62613,62885,2612
GCA_049235345.1,ABYMWQ010000015.1,APH(3'')-Ib,+,59198,60001,IS91,406_IS91_CP018710.1,61392,61580,1391
GCA_049235345.1,ABYMWQ010000015.1,APH(6)-Id,+,60001,60837,IS91,270_IS91_MOFF01000153.1,61698,62788,861
GCA_049235345.1,ABYMWQ010000015.1,APH(6)-Id,+,60001,60837,IS91,294_IS91_MOFA01000112.1,61560,62074,723
GCA_049235345.1,ABYMWQ010000015.1,APH(6)-Id,+,60001,60837,IS91,327_IS91_LRKR01000133.1,62613,62885,1776
GCA_049235345.1,ABYMWQ010000015.1,APH(6)-Id,+,60001,60837,IS91,406_IS91_CP018710.1,61392,61580,555
GCA_049235345.1,ABYMWQ010000015.1,tet(B),+,64210,65409,IS91,270_IS91_MOFF01000153.1,61698,62788,1422
GCA_049235345.1,ABYMWQ010000015.1,tet(B),+,64210,65409,IS91,294_IS91_MOFA01000112.1,61560,62074,2136
GCA_049235345.1,ABYMWQ010000015.1,tet(B),+,64210,65409,IS91,327_IS91_LRKR01000133.1,62613,62885,1325
GCA_049235345.1,ABYMWQ010000015.1,tet(B),+,64210,65409,IS91,406_IS91_CP018710.1,61392,61580,2630
GCA_049235345.1,ABYMWQ010000043.1,mphE,-,4149,5033,tnpA,483_tnpA_HE577623.1,8253,6928,1895
GCA_049235345.1,ABYMWQ010000043.1,mphE,-,4149,5033,tnpAcp1,554_tnpAcp1_FJ187822.1,10698,9961,4928
GCA_049235345.1,ABYMWQ010000043.1,msrE,-,5089,6564,tnpA,483_tnpA_HE577623.1,8253,6928,364
GCA_049235345.1,ABYMWQ010000043.1,msrE,-,5089,6564,ISCR-orf513,281_ISCR-orf513_KJ186154.1,12266,11034,4470
GCA_049235345.1,ABYMWQ010000043.1,msrE,-,5089,6564,tnpAcp1,554_tnpAcp1_FJ187822.1,10698,9961,3397
GCA_049235345.1,ABYMWQ010000043.1,armA,-,8862,9635,tnpA,483_tnpA_HE577623.1,8253,6928,609
GCA_049235345.1,ABYMWQ010000043.1,armA,-,8862,9635,ISCR-orf513,281_ISCR-orf513_KJ186154.1,12266,11034,1399
GCA_049235345.1,ABYMWQ010000043.1,armA,-,8862,9635,IS91,325_IS91_LYDO01000032.1,12575,11772,2137
GCA_049235345.1,ABYMWQ010000043.1,armA,-,8862,9635,tnpAcp1,554_tnpAcp1_FJ187822.1,10698,9961,326
GCA_049235345.1,ABYMWQ010000043.1,armA,-,8862,9635,qacEdelta,267_qacEdelta_HM138673.1,14160,13813,4178
GCA_049235345.1,ABYMWQ010000043.1,sul1,-,12980,13819,tnpA,483_tnpA_HE577623.1,8253,6928,4727
GCA_049235345.1,ABYMWQ010000043.1,sul1,-,12980,13819,ISCR-orf513,281_ISCR-orf513_KJ186154.1,12266,11034,714
GCA_049235345.1,ABYMWQ010000043.1,sul1,-,12980,13819,IS91,325_IS91_LYDO01000032.1,12575,11772,405
GCA_049235345.1,ABYMWQ010000043.1,sul1,-,12980,13819,tnpAcp1,554_tnpAcp1_FJ187822.1,10698,9961,2282
GCA_049235345.1,ABYMWQ010000043.1,sul1,-,12980,13819,intI1,1060_intI1_KX029331.1,17117,16722,2903
GCA_049235345.1,ABYMWQ010000043.1,sul1,-,12980,13819,qacEdelta,267_qacEdelta_HM138673.1,14160,13813,0
GCA_049235345.1,ABYMWQ010000043.1,catB8,-,15173,15805,ISCR-orf513,281_ISCR-orf513_KJ186154.1,12266,11034,2907
GCA_049235345.1,ABYMWQ010000043.1,catB8,-,15173,15805,IS91,325_IS91_LYDO01000032.1,12575,11772,2598
GCA_049235345.1,ABYMWQ010000043.1,catB8,-,15173,15805,tnpAcp1,554_tnpAcp1_FJ187822.1,10698,9961,4475
GCA_049235345.1,ABYMWQ010000043.1,catB8,-,15173,15805,intI1,1060_intI1_KX029331.1,17117,16722,917
GCA_049235345.1,ABYMWQ010000043.1,catB8,-,15173,15805,qacEdelta,267_qacEdelta_HM138673.1,14160,13813,1013
GCA_049235345.1,ABYMWQ010000043.1,AAC(6')-Ib7,-,15898,16702,ISCR-orf513,281_ISCR-orf513_KJ186154.1,12266,11034,3632
GCA_049235345.1,ABYMWQ010000043.1,AAC(6')-Ib7,-,15898,16702,IS91,325_IS91_LYDO01000032.1,12575,11772,3323
GCA_049235345.1,ABYMWQ010000043.1,AAC(6')-Ib7,-,15898,16702,intI1,1060_intI1_KX029331.1,17117,16722,20
GCA_049235345.1,ABYMWQ010000043.1,AAC(6')-Ib7,-,15898,16702,qacEdelta,267_qacEdelta_HM138673.1,14160,13813,1738
GCA_049235345.1,ABYMWQ010000049.1,NDM-1,+,92,904,ISCR21,485_ISCR21_JN872329.1,5661,7190,4757
GCA_049235345.1,ABYMWQ010000049.1,determinant_of_bleomycin_resistance,+,908,1273,ISCR21,485_ISCR21_JN872329.1,5661,7190,4388
GCA_049235345.1,ABYMWQ010000066.1,abeS,+,3922,4251,qacEdelta,2277_qacEdelta_CT025799.2,3922,4251,0
GCA_049235345.1,ABYMWQ010000066.1,adeG,+,8789,10009,qacEdelta,2277_qacEdelta_CT025799.2,3922,4251,4538
GCA_049235345.1,ABYMWQ010000067.1,AAC(6')-Ib7,+,768,1572,ISCR-orf513,281_ISCR-orf513_KJ186154.1,5204,6436,3632
GCA_049235345.1,ABYMWQ010000067.1,AAC(6')-Ib7,+,768,1572,IS91,325_IS91_LYDO01000032.1,4895,5698,3323
GCA_049235345.1,ABYMWQ010000067.1,AAC(6')-Ib7,+,768,1572,intI1,1060_intI1_KX029331.1,353,748,20
GCA_049235345.1,ABYMWQ010000067.1,AAC(6')-Ib7,+,768,1572,qacEdelta,267_qacEdelta_HM138673.1,3310,3657,1738
GCA_049235345.1,ABYMWQ010000067.1,catB8,+,1665,2297,ISCR-orf513,281_ISCR-orf513_KJ186154.1,5204,6436,2907
GCA_049235345.1,ABYMWQ010000067.1,catB8,+,1665,2297,IS91,325_IS91_LYDO01000032.1,4895,5698,2598
GCA_049235345.1,ABYMWQ010000067.1,catB8,+,1665,2297,tnpAcp1,554_tnpAcp1_FJ187822.1,6772,7509,4475
GCA_049235345.1,ABYMWQ010000067.1,catB8,+,1665,2297,intI1,1060_intI1_KX029331.1,353,748,917
GCA_049235345.1,ABYMWQ010000067.1,catB8,+,1665,2297,qacEdelta,267_qacEdelta_HM138673.1,3310,3657,1013
GCA_049235345.1,ABYMWQ010000067.1,sul1,+,3651,4490,tnpA,483_tnpA_HE577623.1,9217,10542,4727
GCA_049235345.1,ABYMWQ010000067.1,sul1,+,3651,4490,ISCR-orf513,281_ISCR-orf513_KJ186154.1,5204,6436,714
GCA_049235345.1,ABYMWQ010000067.1,sul1,+,3651,4490,IS91,325_IS91_LYDO01000032.1,4895,5698,405
GCA_049235345.1,ABYMWQ010000067.1,sul1,+,3651,4490,tnpAcp1,554_tnpAcp1_FJ187822.1,6772,7509,2282
GCA_049235345.1,ABYMWQ010000067.1,sul1,+,3651,4490,intI1,1060_intI1_KX029331.1,353,748,2903
GCA_049235345.1,ABYMWQ010000067.1,sul1,+,3651,4490,qacEdelta,267_qacEdelta_HM138673.1,3310,3657,0
GCA_049235345.1,ABYMWQ010000067.1,armA,+,7835,8608,tnpA,483_tnpA_HE577623.1,9217,10542,609
GCA_049235345.1,ABYMWQ010000067.1,armA,+,7835,8608,ISCR-orf513,281_ISCR-orf513_KJ186154.1,5204,6436,1399
GCA_049235345.1,ABYMWQ010000067.1,armA,+,7835,8608,IS91,325_IS91_LYDO01000032.1,4895,5698,2137
GCA_049235345.1,ABYMWQ010000067.1,armA,+,7835,8608,tnpAcp1,554_tnpAcp1_FJ187822.1,6772,7509,326
GCA_049235345.1,ABYMWQ010000067.1,armA,+,7835,8608,qacEdelta,267_qacEdelta_HM138673.1,3310,3657,4178
GCA_049235345.1,ABYMWQ010000067.1,msrE,+,10906,12381,tnpA,483_tnpA_HE577623.1,9217,10542,364
GCA_049235345.1,ABYMWQ010000067.1,msrE,+,10906,12381,ISCR-orf513,281_ISCR-orf513_KJ186154.1,5204,6436,4470
GCA_049235345.1,ABYMWQ010000067.1,msrE,+,10906,12381,tnpAcp1,554_tnpAcp1_FJ187822.1,6772,7509,3397
GCA_049235345.1,ABYMWQ010000067.1,mphE,+,12437,13321,tnpA,483_tnpA_HE577623.1,9217,10542,1895
GCA_049235345.1,ABYMWQ010000067.1,mphE,+,12437,13321,tnpAcp1,554_tnpAcp1_FJ187822.1,6772,7509,4928
GCA_049235345.1,ABYMWQ010000068.1,APH(3'')-Ib,+,1249,2052,IS91,270_IS91_MOFF01000153.1,3749,4839,1697
GCA_049235345.1,ABYMWQ010000068.1,APH(3'')-Ib,+,1249,2052,IS91,294_IS91_MOFA01000112.1,3611,4125,1559
GCA_049235345.1,ABYMWQ010000068.1,APH(3'')-Ib,+,1249,2052,IS91,327_IS91_LRKR01000133.1,4664,4936,2612
GCA_049235345.1,ABYMWQ010000068.1,APH(3'')-Ib,+,1249,2052,IS91,406_IS91_CP018710.1,3443,3631,1391
GCA_049235345.1,ABYMWQ010000068.1,APH(6)-Id,+,2052,2888,IS91,270_IS91_MOFF01000153.1,3749,4839,861
GCA_049235345.1,ABYMWQ010000068.1,APH(6)-Id,+,2052,2888,IS91,294_IS91_MOFA01000112.1,3611,4125,723
GCA_049235345.1,ABYMWQ010000068.1,APH(6)-Id,+,2052,2888,IS91,327_IS91_LRKR01000133.1,4664,4936,1776
GCA_049235345.1,ABYMWQ010000068.1,APH(6)-Id,+,2052,2888,IS91,406_IS91_CP018710.1,3443,3631,555
GCA_049235345.1,ABYMWQ010000068.1,tet(B),+,6261,7460,IS91,270_IS91_MOFF01000153.1,3749,4839,1422
GCA_049235345.1,ABYMWQ010000068.1,tet(B),+,6261,7460,IS91,294_IS91_MOFA01000112.1,3611,4125,2136
GCA_049235345.1,ABYMWQ010000068.1,tet(B),+,6261,7460,IS91,327_IS91_LRKR01000133.1,4664,4936,1325
GCA_049235345.1,ABYMWQ010000068.1,tet(B),+,6261,7460,IS91,406_IS91_CP018710.1,3443,3631,2630
GCA_049235405.1,ABYMWS010000005.1,adeG,-,88402,89622,qacEdelta,2277_qacEdelta_CT025799.2,94489,94160,4538
GCA_049235405.1,ABYMWS010000005.1,abeS,-,94160,94489,qacEdelta,2277_qacEdelta_CT025799.2,94489,94160,0
GCA_049235405.1,ABYMWS010000011.1,APH(3'')-Ib,+,59792,60595,IS91,270_IS91_MOFF01000153.1,62292,63382,1697
GCA_049235405.1,ABYMWS010000011.1,APH(3'')-Ib,+,59792,60595,IS91,294_IS91_MOFA01000112.1,62154,62668,1559
GCA_049235405.1,ABYMWS010000011.1,APH(3'')-Ib,+,59792,60595,IS91,327_IS91_LRKR01000133.1,63207,63479,2612
GCA_049235405.1,ABYMWS010000011.1,APH(3'')-Ib,+,59792,60595,IS91,406_IS91_CP018710.1,61986,62174,1391
GCA_049235405.1,ABYMWS010000011.1,APH(6)-Id,+,60595,61431,IS91,270_IS91_MOFF01000153.1,62292,63382,861
GCA_049235405.1,ABYMWS010000011.1,APH(6)-Id,+,60595,61431,IS91,294_IS91_MOFA01000112.1,62154,62668,723
GCA_049235405.1,ABYMWS010000011.1,APH(6)-Id,+,60595,61431,IS91,327_IS91_LRKR01000133.1,63207,63479,1776
GCA_049235405.1,ABYMWS010000011.1,APH(6)-Id,+,60595,61431,IS91,406_IS91_CP018710.1,61986,62174,555
GCA_049235405.1,ABYMWS010000011.1,tet(B),+,64804,66003,IS91,270_IS91_MOFF01000153.1,62292,63382,1422
GCA_049235405.1,ABYMWS010000011.1,tet(B),+,64804,66003,IS91,294_IS91_MOFA01000112.1,62154,62668,2136
GCA_049235405.1,ABYMWS010000011.1,tet(B),+,64804,66003,IS91,327_IS91_LRKR01000133.1,63207,63479,1325
GCA_049235405.1,ABYMWS010000011.1,tet(B),+,64804,66003,IS91,406_IS91_CP018710.1,61986,62174,2630
GCA_049235405.1,ABYMWS010000042.1,mphE,-,4149,5033,tnpA,483_tnpA_HE577623.1,8254,6929,1896
GCA_049235405.1,ABYMWS010000042.1,mphE,-,4149,5033,tnpAcp1,554_tnpAcp1_FJ187822.1,10699,9962,4929
GCA_049235405.1,ABYMWS010000042.1,msrE,-,5089,6564,tnpA,483_tnpA_HE577623.1,8254,6929,365
GCA_049235405.1,ABYMWS010000042.1,msrE,-,5089,6564,ISCR-orf513,281_ISCR-orf513_KJ186154.1,12267,11035,4471
GCA_049235405.1,ABYMWS010000042.1,msrE,-,5089,6564,tnpAcp1,554_tnpAcp1_FJ187822.1,10699,9962,3398
GCA_049235405.1,ABYMWS010000042.1,armA,-,8863,9636,tnpA,483_tnpA_HE577623.1,8254,6929,609
GCA_049235405.1,ABYMWS010000042.1,armA,-,8863,9636,ISCR-orf513,281_ISCR-orf513_KJ186154.1,12267,11035,1399
GCA_049235405.1,ABYMWS010000042.1,armA,-,8863,9636,IS91,325_IS91_LYDO01000032.1,12576,11773,2137
GCA_049235405.1,ABYMWS010000042.1,armA,-,8863,9636,tnpAcp1,554_tnpAcp1_FJ187822.1,10699,9962,326
GCA_049235405.1,ABYMWS010000042.1,armA,-,8863,9636,qacEdelta,267_qacEdelta_HM138673.1,14161,13814,4178
GCA_049235405.1,ABYMWS010000042.1,sul1,-,12981,13820,tnpA,483_tnpA_HE577623.1,8254,6929,4727
GCA_049235405.1,ABYMWS010000042.1,sul1,-,12981,13820,ISCR-orf513,281_ISCR-orf513_KJ186154.1,12267,11035,714
GCA_049235405.1,ABYMWS010000042.1,sul1,-,12981,13820,IS91,325_IS91_LYDO01000032.1,12576,11773,405
GCA_049235405.1,ABYMWS010000042.1,sul1,-,12981,13820,tnpAcp1,554_tnpAcp1_FJ187822.1,10699,9962,2282
GCA_049235405.1,ABYMWS010000042.1,sul1,-,12981,13820,intI1,1060_intI1_KX029331.1,17118,16723,2903
GCA_049235405.1,ABYMWS010000042.1,sul1,-,12981,13820,qacEdelta,267_qacEdelta_HM138673.1,14161,13814,0
GCA_049235405.1,ABYMWS010000042.1,catB8,-,15174,15806,ISCR-orf513,281_ISCR-orf513_KJ186154.1,12267,11035,2907
GCA_049235405.1,ABYMWS010000042.1,catB8,-,15174,15806,IS91,325_IS91_LYDO01000032.1,12576,11773,2598
GCA_049235405.1,ABYMWS010000042.1,catB8,-,15174,15806,tnpAcp1,554_tnpAcp1_FJ187822.1,10699,9962,4475
GCA_049235405.1,ABYMWS010000042.1,catB8,-,15174,15806,intI1,1060_intI1_KX029331.1,17118,16723,917
GCA_049235405.1,ABYMWS010000042.1,catB8,-,15174,15806,qacEdelta,267_qacEdelta_HM138673.1,14161,13814,1013
GCA_049235405.1,ABYMWS010000042.1,AAC(6')-Ib7,-,15899,16703,ISCR-orf513,281_ISCR-orf513_KJ186154.1,12267,11035,3632
GCA_049235405.1,ABYMWS010000042.1,AAC(6')-Ib7,-,15899,16703,IS91,325_IS91_LYDO01000032.1,12576,11773,3323
GCA_049235405.1,ABYMWS010000042.1,AAC(6')-Ib7,-,15899,16703,intI1,1060_intI1_KX029331.1,17118,16723,20
GCA_049235405.1,ABYMWS010000042.1,AAC(6')-Ib7,-,15899,16703,qacEdelta,267_qacEdelta_HM138673.1,14161,13814,1738
GCA_049235405.1,ABYMWS010000051.1,NDM-1,+,92,904,ISCR21,485_ISCR21_JN872329.1,5661,7190,4757
GCA_049235405.1,ABYMWS010000051.1,determinant_of_bleomycin_resistance,+,908,1273,ISCR21,485_ISCR21_JN872329.1,5661,7190,4388
GCA_049235405.1,ABYMWS010000085.1,abeS,+,14848,15177,qacEdelta,2277_qacEdelta_CT025799.2,14848,15177,0
GCA_049235405.1,ABYMWS010000085.1,adeG,+,19715,20935,qacEdelta,2277_qacEdelta_CT025799.2,14848,15177,4538
GCA_049235405.1,ABYMWS010000089.1,AAC(6')-Ib7,+,768,1572,ISCR-orf513,281_ISCR-orf513_KJ186154.1,5204,6436,3632
GCA_049235405.1,ABYMWS010000089.1,AAC(6')-Ib7,+,768,1572,IS91,325_IS91_LYDO01000032.1,4895,5698,3323
GCA_049235405.1,ABYMWS010000089.1,AAC(6')-Ib7,+,768,1572,intI1,1060_intI1_KX029331.1,353,748,20
GCA_049235405.1,ABYMWS010000089.1,AAC(6')-Ib7,+,768,1572,qacEdelta,267_qacEdelta_HM138673.1,3310,3657,1738
GCA_049235405.1,ABYMWS010000089.1,catB8,+,1665,2297,ISCR-orf513,281_ISCR-orf513_KJ186154.1,5204,6436,2907
GCA_049235405.1,ABYMWS010000089.1,catB8,+,1665,2297,IS91,325_IS91_LYDO01000032.1,4895,5698,2598
GCA_049235405.1,ABYMWS010000089.1,catB8,+,1665,2297,tnpAcp1,554_tnpAcp1_FJ187822.1,6772,7509,4475
GCA_049235405.1,ABYMWS010000089.1,catB8,+,1665,2297,intI1,1060_intI1_KX029331.1,353,748,917
GCA_049235405.1,ABYMWS010000089.1,catB8,+,1665,2297,qacEdelta,267_qacEdelta_HM138673.1,3310,3657,1013
GCA_049235405.1,ABYMWS010000089.1,sul1,+,3651,4490,tnpA,483_tnpA_HE577623.1,9217,10542,4727
GCA_049235405.1,ABYMWS010000089.1,sul1,+,3651,4490,ISCR-orf513,281_ISCR-orf513_KJ186154.1,5204,6436,714
GCA_049235405.1,ABYMWS010000089.1,sul1,+,3651,4490,IS91,325_IS91_LYDO01000032.1,4895,5698,405
GCA_049235405.1,ABYMWS010000089.1,sul1,+,3651,4490,tnpAcp1,554_tnpAcp1_FJ187822.1,6772,7509,2282
GCA_049235405.1,ABYMWS010000089.1,sul1,+,3651,4490,intI1,1060_intI1_KX029331.1,353,748,2903
GCA_049235405.1,ABYMWS010000089.1,sul1,+,3651,4490,qacEdelta,267_qacEdelta_HM138673.1,3310,3657,0
GCA_049235405.1,ABYMWS010000089.1,armA,+,7835,8608,tnpA,483_tnpA_HE577623.1,9217,10542,609
GCA_049235405.1,ABYMWS010000089.1,armA,+,7835,8608,ISCR-orf513,281_ISCR-orf513_KJ186154.1,5204,6436,1399
GCA_049235405.1,ABYMWS010000089.1,armA,+,7835,8608,IS91,325_IS91_LYDO01000032.1,4895,5698,2137
GCA_049235405.1,ABYMWS010000089.1,armA,+,7835,8608,tnpAcp1,554_tnpAcp1_FJ187822.1,6772,7509,326
GCA_049235405.1,ABYMWS010000089.1,armA,+,7835,8608,qacEdelta,267_qacEdelta_HM138673.1,3310,3657,4178
GCA_049235405.1,ABYMWS010000089.1,msrE,+,10907,12382,tnpA,483_tnpA_HE577623.1,9217,10542,365
GCA_049235405.1,ABYMWS010000089.1,msrE,+,10907,12382,ISCR-orf513,281_ISCR-orf513_KJ186154.1,5204,6436,4471
GCA_049235405.1,ABYMWS010000089.1,msrE,+,10907,12382,tnpAcp1,554_tnpAcp1_FJ187822.1,6772,7509,3398
GCA_049235405.1,ABYMWS010000089.1,mphE,+,12438,13322,tnpA,483_tnpA_HE577623.1,9217,10542,1896
GCA_049235405.1,ABYMWS010000089.1,mphE,+,12438,13322,tnpAcp1,554_tnpAcp1_FJ187822.1,6772,7509,4929
GCA_049235405.1,ABYMWS010000090.1,NDM-1,+,133,945,ISCR21,485_ISCR21_JN872329.1,5702,7231,4757
GCA_049235405.1,ABYMWS010000090.1,determinant_of_bleomycin_resistance,+,949,1314,ISCR21,485_ISCR21_JN872329.1,5702,7231,4388
GCA_049235405.1,ABYMWS010000091.1,APH(3'')-Ib,+,1249,2052,IS91,270_IS91_MOFF01000153.1,3749,4839,1697
GCA_049235405.1,ABYMWS010000091.1,APH(3'')-Ib,+,1249,2052,IS91,294_IS91_MOFA01000112.1,3611,4125,1559
GCA_049235405.1,ABYMWS010000091.1,APH(3'')-Ib,+,1249,2052,IS91,327_IS91_LRKR01000133.1,4664,4936,2612
GCA_049235405.1,ABYMWS010000091.1,APH(3'')-Ib,+,1249,2052,IS91,406_IS91_CP018710.1,3443,3631,1391
GCA_049235405.1,ABYMWS010000091.1,APH(6)-Id,+,2052,2888,IS91,270_IS91_MOFF01000153.1,3749,4839,861
GCA_049235405.1,ABYMWS010000091.1,APH(6)-Id,+,2052,2888,IS91,294_IS91_MOFA01000112.1,3611,4125,723
GCA_049235405.1,ABYMWS010000091.1,APH(6)-Id,+,2052,2888,IS91,327_IS91_LRKR01000133.1,4664,4936,1776
GCA_049235405.1,ABYMWS010000091.1,APH(6)-Id,+,2052,2888,IS91,406_IS91_CP018710.1,3443,3631,555
GCA_049235405.1,ABYMWS010000091.1,tet(B),+,6261,7460,IS91,270_IS91_MOFF01000153.1,3749,4839,1422
GCA_049235405.1,ABYMWS010000091.1,tet(B),+,6261,7460,IS91,294_IS91_MOFA01000112.1,3611,4125,2136
GCA_049235405.1,ABYMWS010000091.1,tet(B),+,6261,7460,IS91,327_IS91_LRKR01000133.1,4664,4936,1325
GCA_049235405.1,ABYMWS010000091.1,tet(B),+,6261,7460,IS91,406_IS91_CP018710.1,3443,3631,2630
GCA_049235685.1,JBMJOV010000013.1,abeS,+,74827,75156,qacEdelta,2277_qacEdelta_CT025799.2,74827,75156,0
GCA_049235685.1,JBMJOV010000013.1,adeG,+,79694,80914,qacEdelta,2277_qacEdelta_CT025799.2,74827,75156,4538
GCA_049235685.1,JBMJOV010000019.1,APH(3'')-Ib,+,59199,60002,IS91,270_IS91_MOFF01000153.1,61699,62789,1697
GCA_049235685.1,JBMJOV010000019.1,APH(3'')-Ib,+,59199,60002,IS91,294_IS91_MOFA01000112.1,61561,62075,1559
GCA_049235685.1,JBMJOV010000019.1,APH(3'')-Ib,+,59199,60002,IS91,327_IS91_LRKR01000133.1,62614,62886,2612
GCA_049235685.1,JBMJOV010000019.1,APH(3'')-Ib,+,59199,60002,IS91,406_IS91_CP018710.1,61393,61581,1391
GCA_049235685.1,JBMJOV010000019.1,APH(6)-Id,+,60002,60838,IS91,270_IS91_MOFF01000153.1,61699,62789,861
GCA_049235685.1,JBMJOV010000019.1,APH(6)-Id,+,60002,60838,IS91,294_IS91_MOFA01000112.1,61561,62075,723
GCA_049235685.1,JBMJOV010000019.1,APH(6)-Id,+,60002,60838,IS91,327_IS91_LRKR01000133.1,62614,62886,1776
GCA_049235685.1,JBMJOV010000019.1,APH(6)-Id,+,60002,60838,IS91,406_IS91_CP018710.1,61393,61581,555
GCA_049235685.1,JBMJOV010000019.1,tet(B),+,64211,65416,IS91,270_IS91_MOFF01000153.1,61699,62789,1422
GCA_049235685.1,JBMJOV010000019.1,tet(B),+,64211,65416,IS91,294_IS91_MOFA01000112.1,61561,62075,2136
GCA_049235685.1,JBMJOV010000019.1,tet(B),+,64211,65416,IS91,327_IS91_LRKR01000133.1,62614,62886,1325
GCA_049235685.1,JBMJOV010000019.1,tet(B),+,64211,65416,IS91,406_IS91_CP018710.1,61393,61581,2630
GCA_049235985.1,JBMKMA010000012.1,adeG,-,11794,13011,qacEdelta,2277_qacEdelta_CT025799.2,17878,17549,4538
GCA_049235985.1,JBMKMA010000012.1,abeS,-,17549,17878,qacEdelta,2277_qacEdelta_CT025799.2,17878,17549,0
GCA_049235985.1,JBMKMA010000023.1,CTX-M-15,+,59508,60383,tnpA,268_tnpA_KM396300.1,57990,59055,453
GCA_049235985.1,JBMKMA010000023.1,CTX-M-15,+,59508,60383,tnpA,359_tnpA_FR718870.1,59088,59459,49
GCA_049235985.1,JBMKMA010000023.1,CTX-M-15,+,59508,60383,tnpA,271_tnpA_AB976569.1,58963,59252,256
GCA_049239085.1,JBMKLQ010000009.1,abeS,+,62646,62975,qacEdelta,2277_qacEdelta_CT025799.2,62646,62975,0
GCA_049239085.1,JBMKLQ010000009.1,adeG,+,67513,68733,qacEdelta,2277_qacEdelta_CT025799.2,62646,62975,4538
GCA_049239085.1,JBMKLQ010000018.1,APH(3'')-Ib,+,59199,60002,IS91,270_IS91_MOFF01000153.1,61699,62789,1697
GCA_049239085.1,JBMKLQ010000018.1,APH(3'')-Ib,+,59199,60002,IS91,294_IS91_MOFA01000112.1,61561,62075,1559
GCA_049239085.1,JBMKLQ010000018.1,APH(3'')-Ib,+,59199,60002,IS91,327_IS91_LRKR01000133.1,62614,62886,2612
GCA_049239085.1,JBMKLQ010000018.1,APH(3'')-Ib,+,59199,60002,IS91,406_IS91_CP018710.1,61393,61581,1391
GCA_049239085.1,JBMKLQ010000018.1,APH(6)-Id,+,60002,60838,IS91,270_IS91_MOFF01000153.1,61699,62789,861
GCA_049239085.1,JBMKLQ010000018.1,APH(6)-Id,+,60002,60838,IS91,294_IS91_MOFA01000112.1,61561,62075,723
GCA_049239085.1,JBMKLQ010000018.1,APH(6)-Id,+,60002,60838,IS91,327_IS91_LRKR01000133.1,62614,62886,1776
GCA_049239085.1,JBMKLQ010000018.1,APH(6)-Id,+,60002,60838,IS91,406_IS91_CP018710.1,61393,61581,555
GCA_049239705.1,JBMKLN010000005.1,abeS,+,83503,83832,qacEdelta,2277_qacEdelta_CT025799.2,83503,83832,0
GCA_049239705.1,JBMKLN010000005.1,adeG,+,88370,89590,qacEdelta,2277_qacEdelta_CT025799.2,83503,83832,4538
GCA_049239705.1,JBMKLN010000021.1,APH(3'')-Ib,+,59199,60002,IS91,270_IS91_MOFF01000153.1,61699,62789,1697
GCA_049239705.1,JBMKLN010000021.1,APH(3'')-Ib,+,59199,60002,IS91,294_IS91_MOFA01000112.1,61561,62075,1559
GCA_049239705.1,JBMKLN010000021.1,APH(3'')-Ib,+,59199,60002,IS91,327_IS91_LRKR01000133.1,62614,62886,2612
GCA_049239705.1,JBMKLN010000021.1,APH(3'')-Ib,+,59199,60002,IS91,406_IS91_CP018710.1,61393,61581,1391
GCA_049239705.1,JBMKLN010000021.1,APH(6)-Id,+,60002,60838,IS91,270_IS91_MOFF01000153.1,61699,62789,861
GCA_049239705.1,JBMKLN010000021.1,APH(6)-Id,+,60002,60838,IS91,294_IS91_MOFA01000112.1,61561,62075,723
GCA_049239705.1,JBMKLN010000021.1,APH(6)-Id,+,60002,60838,IS91,327_IS91_LRKR01000133.1,62614,62886,1776
GCA_049239705.1,JBMKLN010000021.1,APH(6)-Id,+,60002,60838,IS91,406_IS91_CP018710.1,61393,61581,555
GCA_049239705.1,JBMKLN010000044.1,mphE,-,4152,5036,tnpA,483_tnpA_HE577623.1,8257,6932,1896
GCA_049239705.1,JBMKLN010000044.1,mphE,-,4152,5036,tnpAcp1,554_tnpAcp1_FJ187822.1,10702,9965,4929
GCA_049239705.1,JBMKLN010000044.1,msrE,-,5092,6567,tnpA,483_tnpA_HE577623.1,8257,6932,365
GCA_049239705.1,JBMKLN010000044.1,msrE,-,5092,6567,ISCR-orf513,281_ISCR-orf513_KJ186154.1,12270,11038,4471
GCA_049239705.1,JBMKLN010000044.1,msrE,-,5092,6567,tnpAcp1,554_tnpAcp1_FJ187822.1,10702,9965,3398
GCA_049239705.1,JBMKLN010000044.1,armA,-,8866,9639,tnpA,483_tnpA_HE577623.1,8257,6932,609
GCA_049239705.1,JBMKLN010000044.1,armA,-,8866,9639,ISCR-orf513,281_ISCR-orf513_KJ186154.1,12270,11038,1399
GCA_049239705.1,JBMKLN010000044.1,armA,-,8866,9639,IS91,325_IS91_LYDO01000032.1,12579,11776,2137
GCA_049239705.1,JBMKLN010000044.1,armA,-,8866,9639,tnpAcp1,554_tnpAcp1_FJ187822.1,10702,9965,326
GCA_049239705.1,JBMKLN010000044.1,armA,-,8866,9639,qacEdelta,267_qacEdelta_HM138673.1,14164,13817,4178
GCA_049239705.1,JBMKLN010000044.1,sul1,-,12984,13823,tnpA,483_tnpA_HE577623.1,8257,6932,4727
GCA_049239705.1,JBMKLN010000044.1,sul1,-,12984,13823,ISCR-orf513,281_ISCR-orf513_KJ186154.1,12270,11038,714
GCA_049239705.1,JBMKLN010000044.1,sul1,-,12984,13823,IS91,325_IS91_LYDO01000032.1,12579,11776,405
GCA_049239705.1,JBMKLN010000044.1,sul1,-,12984,13823,tnpAcp1,554_tnpAcp1_FJ187822.1,10702,9965,2282
GCA_049239705.1,JBMKLN010000044.1,sul1,-,12984,13823,intI1,1060_intI1_KX029331.1,17121,16726,2903
GCA_049239705.1,JBMKLN010000044.1,sul1,-,12984,13823,qacEdelta,267_qacEdelta_HM138673.1,14164,13817,0
GCA_049239705.1,JBMKLN010000044.1,catB8,-,15177,15809,ISCR-orf513,281_ISCR-orf513_KJ186154.1,12270,11038,2907
GCA_049239705.1,JBMKLN010000044.1,catB8,-,15177,15809,IS91,325_IS91_LYDO01000032.1,12579,11776,2598
GCA_049239705.1,JBMKLN010000044.1,catB8,-,15177,15809,tnpAcp1,554_tnpAcp1_FJ187822.1,10702,9965,4475
GCA_049239705.1,JBMKLN010000044.1,catB8,-,15177,15809,intI1,1060_intI1_KX029331.1,17121,16726,917
GCA_049239705.1,JBMKLN010000044.1,catB8,-,15177,15809,qacEdelta,267_qacEdelta_HM138673.1,14164,13817,1013
GCA_049239705.1,JBMKLN010000044.1,AAC(6')-Ib7,-,15902,16706,ISCR-orf513,281_ISCR-orf513_KJ186154.1,12270,11038,3632
GCA_049239705.1,JBMKLN010000044.1,AAC(6')-Ib7,-,15902,16706,IS91,325_IS91_LYDO01000032.1,12579,11776,3323
GCA_049239705.1,JBMKLN010000044.1,AAC(6')-Ib7,-,15902,16706,intI1,1060_intI1_KX029331.1,17121,16726,20
GCA_049239705.1,JBMKLN010000044.1,AAC(6')-Ib7,-,15902,16706,qacEdelta,267_qacEdelta_HM138673.1,14164,13817,1738
GCA_049244505.1,ABYMYH010000001.1,abeS,+,1208289,1208618,qacEdelta,2277_qacEdelta_CT025799.2,1208289,1208618,0
GCA_049244505.1,ABYMYH010000001.1,adeG,+,1213142,1214362,qacEdelta,2277_qacEdelta_CT025799.2,1208289,1208618,4524
GCA_049244505.1,ABYMYH010000018.1,abeS,+,61904,62233,qacEdelta,2277_qacEdelta_CT025799.2,61904,62233,0
GCA_049244505.1,ABYMYH010000018.1,adeG,+,66757,67977,qacEdelta,2277_qacEdelta_CT025799.2,61904,62233,4524
GCA_049261065.1,ABYNKN010000012.1,adeG,-,38235,39455,qacEdelta,2277_qacEdelta_CT025799.2,44322,43993,4538
GCA_049261065.1,ABYNKN010000012.1,abeS,-,43993,44322,qacEdelta,2277_qacEdelta_CT025799.2,44322,43993,0
GCA_049261065.1,ABYNKN010000022.1,APH(3'')-Ib,+,59199,60002,IS91,270_IS91_MOFF01000153.1,61699,62789,1697
GCA_049261065.1,ABYNKN010000022.1,APH(3'')-Ib,+,59199,60002,IS91,294_IS91_MOFA01000112.1,61561,62075,1559
GCA_049261065.1,ABYNKN010000022.1,APH(3'')-Ib,+,59199,60002,IS91,327_IS91_LRKR01000133.1,62614,62886,2612
GCA_049261065.1,ABYNKN010000022.1,APH(3'')-Ib,+,59199,60002,IS91,406_IS91_CP018710.1,61393,61581,1391
GCA_049261065.1,ABYNKN010000022.1,APH(6)-Id,+,60002,60838,IS91,270_IS91_MOFF01000153.1,61699,62789,861
GCA_049261065.1,ABYNKN010000022.1,APH(6)-Id,+,60002,60838,IS91,294_IS91_MOFA01000112.1,61561,62075,723
GCA_049261065.1,ABYNKN010000022.1,APH(6)-Id,+,60002,60838,IS91,327_IS91_LRKR01000133.1,62614,62886,1776
GCA_049261065.1,ABYNKN010000022.1,APH(6)-Id,+,60002,60838,IS91,406_IS91_CP018710.1,61393,61581,555
GCA_049261065.1,ABYNKN010000071.1,abeS,+,61904,62233,qacEdelta,2277_qacEdelta_CT025799.2,61904,62233,0
GCA_049261065.1,ABYNKN010000071.1,adeG,+,66771,67991,qacEdelta,2277_qacEdelta_CT025799.2,61904,62233,4538
GCA_049261065.1,ABYNKN010000076.1,APH(3'')-Ib,+,1249,2052,IS91,294_IS91_MOFA01000112.1,3611,4125,1559
GCA_049261065.1,ABYNKN010000076.1,APH(3'')-Ib,+,1249,2052,IS91,406_IS91_CP018710.1,3443,3631,1391
GCA_049261065.1,ABYNKN010000076.1,APH(6)-Id,+,2052,2888,IS91,294_IS91_MOFA01000112.1,3611,4125,723
GCA_049261065.1,ABYNKN010000076.1,APH(6)-Id,+,2052,2888,IS91,406_IS91_CP018710.1,3443,3631,555
GCA_049270945.1,ABYNTS010000011.1,adeG,-,72454,73674,qacEdelta,2277_qacEdelta_CT025799.2,78541,78212,4538
GCA_049270945.1,ABYNTS010000011.1,abeS,-,78212,78541,qacEdelta,2277_qacEdelta_CT025799.2,78541,78212,0
GCA_049270945.1,ABYNTS010000014.1,APH(3'')-Ib,+,60241,61044,IS91,270_IS91_MOFF01000153.1,62741,63831,1697
GCA_049270945.1,ABYNTS010000014.1,APH(3'')-Ib,+,60241,61044,IS91,294_IS91_MOFA01000112.1,62603,63117,1559
GCA_049270945.1,ABYNTS010000014.1,APH(3'')-Ib,+,60241,61044,IS91,327_IS91_LRKR01000133.1,63656,63928,2612
GCA_049270945.1,ABYNTS010000014.1,APH(3'')-Ib,+,60241,61044,IS91,406_IS91_CP018710.1,62435,62623,1391
GCA_049270945.1,ABYNTS010000014.1,APH(6)-Id,+,61044,61880,IS91,270_IS91_MOFF01000153.1,62741,63831,861
GCA_049270945.1,ABYNTS010000014.1,APH(6)-Id,+,61044,61880,IS91,294_IS91_MOFA01000112.1,62603,63117,723
GCA_049270945.1,ABYNTS010000014.1,APH(6)-Id,+,61044,61880,IS91,327_IS91_LRKR01000133.1,63656,63928,1776
GCA_049270945.1,ABYNTS010000014.1,APH(6)-Id,+,61044,61880,IS91,406_IS91_CP018710.1,62435,62623,555
GCA_049270945.1,ABYNTS010000014.1,tet(B),+,65253,66452,IS91,270_IS91_MOFF01000153.1,62741,63831,1422
GCA_049270945.1,ABYNTS010000014.1,tet(B),+,65253,66452,IS91,294_IS91_MOFA01000112.1,62603,63117,2136
GCA_049270945.1,ABYNTS010000014.1,tet(B),+,65253,66452,IS91,327_IS91_LRKR01000133.1,63656,63928,1325
GCA_049270945.1,ABYNTS010000014.1,tet(B),+,65253,66452,IS91,406_IS91_CP018710.1,62435,62623,2630
GCA_049270945.1,ABYNTS010000065.1,abeS,+,13505,13834,qacEdelta,2277_qacEdelta_CT025799.2,13505,13834,0
GCA_049270945.1,ABYNTS010000065.1,adeG,+,18372,19592,qacEdelta,2277_qacEdelta_CT025799.2,13505,13834,4538
GCA_049270945.1,ABYNTS010000069.1,APH(3'')-Ib,+,1249,2052,IS91,270_IS91_MOFF01000153.1,3749,4839,1697
GCA_049270945.1,ABYNTS010000069.1,APH(3'')-Ib,+,1249,2052,IS91,294_IS91_MOFA01000112.1,3611,4125,1559
GCA_049270945.1,ABYNTS010000069.1,APH(3'')-Ib,+,1249,2052,IS91,327_IS91_LRKR01000133.1,4664,4936,2612
GCA_049270945.1,ABYNTS010000069.1,APH(3'')-Ib,+,1249,2052,IS91,406_IS91_CP018710.1,3443,3631,1391
GCA_049270945.1,ABYNTS010000069.1,APH(6)-Id,+,2052,2888,IS91,270_IS91_MOFF01000153.1,3749,4839,861
GCA_049270945.1,ABYNTS010000069.1,APH(6)-Id,+,2052,2888,IS91,294_IS91_MOFA01000112.1,3611,4125,723
GCA_049270945.1,ABYNTS010000069.1,APH(6)-Id,+,2052,2888,IS91,327_IS91_LRKR01000133.1,4664,4936,1776
GCA_049270945.1,ABYNTS010000069.1,APH(6)-Id,+,2052,2888,IS91,406_IS91_CP018710.1,3443,3631,555
GCA_049270945.1,ABYNTS010000069.1,tet(B),+,6261,7460,IS91,270_IS91_MOFF01000153.1,3749,4839,1422
GCA_049270945.1,ABYNTS010000069.1,tet(B),+,6261,7460,IS91,294_IS91_MOFA01000112.1,3611,4125,2136
GCA_049270945.1,ABYNTS010000069.1,tet(B),+,6261,7460,IS91,327_IS91_LRKR01000133.1,4664,4936,1325
GCA_049270945.1,ABYNTS010000069.1,tet(B),+,6261,7460,IS91,406_IS91_CP018710.1,3443,3631,2630
GCA_049313655.1,JBMOCO010000010.1,adeG,-,17910,19130,qacEdelta,2277_qacEdelta_CT025799.2,23997,23668,4538
GCA_049313655.1,JBMOCO010000010.1,abeS,-,23668,23997,qacEdelta,2277_qacEdelta_CT025799.2,23997,23668,0
GCA_049313655.1,JBMOCO010000050.1,armA,+,19936,20709,tnpA,483_tnpA_HE577623.1,21318,22643,609
GCA_049313655.1,JBMOCO010000050.1,armA,+,19936,20709,tnpAcp1,554_tnpAcp1_FJ187822.1,18967,19610,326
GCA_049313655.1,JBMOCO010000050.1,msrE,+,23008,24483,tnpA,483_tnpA_HE577623.1,21318,22643,365
GCA_049313655.1,JBMOCO010000050.1,msrE,+,23008,24483,tnpAcp1,554_tnpAcp1_FJ187822.1,18967,19610,3398
GCA_049313655.1,JBMOCO010000050.1,mphE,+,24539,25423,tnpA,483_tnpA_HE577623.1,21318,22643,1896
GCA_049313655.1,JBMOCO010000050.1,mphE,+,24539,25423,tnpAcp1,554_tnpAcp1_FJ187822.1,18967,19610,4929
GCA_049313655.1,JBMOCO010000081.1,tet(B),-,374,1573,IS91,270_IS91_MOFF01000153.1,4085,2995,1422
GCA_049313655.1,JBMOCO010000081.1,tet(B),-,374,1573,IS91,294_IS91_MOFA01000112.1,4223,3709,2136
GCA_049313655.1,JBMOCO010000081.1,tet(B),-,374,1573,IS91,327_IS91_LRKR01000133.1,3170,2898,1325
GCA_049313655.1,JBMOCO010000081.1,tet(B),-,374,1573,IS91,406_IS91_CP018710.1,4391,4203,2630
GCA_049313655.1,JBMOCO010000081.1,APH(6)-Id,-,4946,5782,IS91,270_IS91_MOFF01000153.1,4085,2995,861
GCA_049313655.1,JBMOCO010000081.1,APH(6)-Id,-,4946,5782,IS91,294_IS91_MOFA01000112.1,4223,3709,723
GCA_049313655.1,JBMOCO010000081.1,APH(6)-Id,-,4946,5782,IS91,327_IS91_LRKR01000133.1,3170,2898,1776
GCA_049313655.1,JBMOCO010000081.1,APH(6)-Id,-,4946,5782,IS91,406_IS91_CP018710.1,4391,4203,555
GCA_049313655.1,JBMOCO010000081.1,APH(3'')-Ib,-,5782,6585,IS91,270_IS91_MOFF01000153.1,4085,2995,1697
GCA_049313655.1,JBMOCO010000081.1,APH(3'')-Ib,-,5782,6585,IS91,294_IS91_MOFA01000112.1,4223,3709,1559
GCA_049313655.1,JBMOCO010000081.1,APH(3'')-Ib,-,5782,6585,IS91,327_IS91_LRKR01000133.1,3170,2898,2612
GCA_049313655.1,JBMOCO010000081.1,APH(3'')-Ib,-,5782,6585,IS91,406_IS91_CP018710.1,4391,4203,1391
GCA_049341545.1,JBMPJY010000009.1,abeS,+,96155,96484,qacEdelta,2277_qacEdelta_CT025799.2,96155,96484,0
GCA_049341545.1,JBMPJY010000009.1,adeG,+,101022,102242,qacEdelta,2277_qacEdelta_CT025799.2,96155,96484,4538
GCA_049341545.1,JBMPJY010000021.1,tet(B),-,1,1199,IS91,270_IS91_MOFF01000153.1,3711,2621,1422
GCA_049341545.1,JBMPJY010000021.1,tet(B),-,1,1199,IS91,294_IS91_MOFA01000112.1,3849,3335,2136
GCA_049341545.1,JBMPJY010000021.1,tet(B),-,1,1199,IS91,327_IS91_LRKR01000133.1,2796,2524,1325
GCA_049341545.1,JBMPJY010000021.1,tet(B),-,1,1199,IS91,406_IS91_CP018710.1,4017,3829,2630
GCA_049341545.1,JBMPJY010000021.1,APH(6)-Id,-,4572,5408,IS91,270_IS91_MOFF01000153.1,3711,2621,861
GCA_049341545.1,JBMPJY010000021.1,APH(6)-Id,-,4572,5408,IS91,294_IS91_MOFA01000112.1,3849,3335,723
GCA_049341545.1,JBMPJY010000021.1,APH(6)-Id,-,4572,5408,IS91,327_IS91_LRKR01000133.1,2796,2524,1776
GCA_049341545.1,JBMPJY010000021.1,APH(6)-Id,-,4572,5408,IS91,406_IS91_CP018710.1,4017,3829,555
GCA_049341545.1,JBMPJY010000021.1,APH(3'')-Ib,-,5408,6211,IS91,270_IS91_MOFF01000153.1,3711,2621,1697
GCA_049341545.1,JBMPJY010000021.1,APH(3'')-Ib,-,5408,6211,IS91,294_IS91_MOFA01000112.1,3849,3335,1559
GCA_049341545.1,JBMPJY010000021.1,APH(3'')-Ib,-,5408,6211,IS91,327_IS91_LRKR01000133.1,2796,2524,2612
GCA_049341545.1,JBMPJY010000021.1,APH(3'')-Ib,-,5408,6211,IS91,406_IS91_CP018710.1,4017,3829,1391
GCA_049341665.1,JBMPJQ010000012.1,adeG,-,72398,73618,qacEdelta,2277_qacEdelta_CT025799.2,78485,78156,4538
GCA_049341665.1,JBMPJQ010000012.1,abeS,-,78156,78485,qacEdelta,2277_qacEdelta_CT025799.2,78485,78156,0
GCA_049341665.1,JBMPJQ010000021.1,tet(B),-,1,1200,IS91,270_IS91_MOFF01000153.1,3712,2622,1422
GCA_049341665.1,JBMPJQ010000021.1,tet(B),-,1,1200,IS91,294_IS91_MOFA01000112.1,3850,3336,2136
GCA_049341665.1,JBMPJQ010000021.1,tet(B),-,1,1200,IS91,327_IS91_LRKR01000133.1,2797,2525,1325
GCA_049341665.1,JBMPJQ010000021.1,tet(B),-,1,1200,IS91,406_IS91_CP018710.1,4018,3830,2630
GCA_049341665.1,JBMPJQ010000021.1,APH(6)-Id,-,4573,5409,IS91,270_IS91_MOFF01000153.1,3712,2622,861
GCA_049341665.1,JBMPJQ010000021.1,APH(6)-Id,-,4573,5409,IS91,294_IS91_MOFA01000112.1,3850,3336,723
GCA_049341665.1,JBMPJQ010000021.1,APH(6)-Id,-,4573,5409,IS91,327_IS91_LRKR01000133.1,2797,2525,1776
GCA_049341665.1,JBMPJQ010000021.1,APH(6)-Id,-,4573,5409,IS91,406_IS91_CP018710.1,4018,3830,555
GCA_049341665.1,JBMPJQ010000021.1,APH(3'')-Ib,-,5409,6212,IS91,270_IS91_MOFF01000153.1,3712,2622,1697
GCA_049341665.1,JBMPJQ010000021.1,APH(3'')-Ib,-,5409,6212,IS91,294_IS91_MOFA01000112.1,3850,3336,1559
GCA_049341665.1,JBMPJQ010000021.1,APH(3'')-Ib,-,5409,6212,IS91,327_IS91_LRKR01000133.1,2797,2525,2612
GCA_049341665.1,JBMPJQ010000021.1,APH(3'')-Ib,-,5409,6212,IS91,406_IS91_CP018710.1,4018,3830,1391
GCA_049341665.1,JBMPJQ010000072.1,TEM-12,-,19,879,tnpA,1098_tnpA_KX756453.1,1578,1062,183
GCA_049341665.1,JBMPJQ010000075.1,sul1,+,291,1130,qacEdelta,2484_qacEdelta_KF921520.1,1,297,0
GCA_049341705.1,JBMPJP010000006.1,adeG,-,72398,73618,qacEdelta,2277_qacEdelta_CT025799.2,78485,78156,4538
GCA_049341705.1,JBMPJP010000006.1,abeS,-,78156,78485,qacEdelta,2277_qacEdelta_CT025799.2,78485,78156,0
GCA_049341705.1,JBMPJP010000016.1,tet(B),-,43701,44900,IS91,270_IS91_MOFF01000153.1,47412,46322,1422
GCA_049341705.1,JBMPJP010000016.1,tet(B),-,43701,44900,IS91,294_IS91_MOFA01000112.1,47550,47036,2136
GCA_049341705.1,JBMPJP010000016.1,tet(B),-,43701,44900,IS91,327_IS91_LRKR01000133.1,46497,46225,1325
GCA_049341705.1,JBMPJP010000016.1,tet(B),-,43701,44900,IS91,406_IS91_CP018710.1,47718,47530,2630
GCA_049341705.1,JBMPJP010000016.1,APH(6)-Id,-,48273,49109,IS91,270_IS91_MOFF01000153.1,47412,46322,861
GCA_049341705.1,JBMPJP010000016.1,APH(6)-Id,-,48273,49109,IS91,294_IS91_MOFA01000112.1,47550,47036,723
GCA_049341705.1,JBMPJP010000016.1,APH(6)-Id,-,48273,49109,IS91,327_IS91_LRKR01000133.1,46497,46225,1776
GCA_049341705.1,JBMPJP010000016.1,APH(6)-Id,-,48273,49109,IS91,406_IS91_CP018710.1,47718,47530,555
GCA_049341705.1,JBMPJP010000016.1,APH(3'')-Ib,-,49109,49912,IS91,270_IS91_MOFF01000153.1,47412,46322,1697
GCA_049341705.1,JBMPJP010000016.1,APH(3'')-Ib,-,49109,49912,IS91,294_IS91_MOFA01000112.1,47550,47036,1559
GCA_049341705.1,JBMPJP010000016.1,APH(3'')-Ib,-,49109,49912,IS91,327_IS91_LRKR01000133.1,46497,46225,2612
GCA_049341705.1,JBMPJP010000016.1,APH(3'')-Ib,-,49109,49912,IS91,406_IS91_CP018710.1,47718,47530,1391
GCA_049341705.1,JBMPJP010000032.1,mphE,-,4152,5036,tnpA,483_tnpA_HE577623.1,8257,6932,1896
GCA_049341705.1,JBMPJP010000032.1,mphE,-,4152,5036,tnpAcp1,554_tnpAcp1_FJ187822.1,10702,9965,4929
GCA_049341705.1,JBMPJP010000032.1,msrE,-,5092,6567,tnpA,483_tnpA_HE577623.1,8257,6932,365
GCA_049341705.1,JBMPJP010000032.1,msrE,-,5092,6567,ISCR-orf513,281_ISCR-orf513_KJ186154.1,12270,11038,4471
GCA_049341705.1,JBMPJP010000032.1,msrE,-,5092,6567,tnpAcp1,554_tnpAcp1_FJ187822.1,10702,9965,3398
GCA_049341705.1,JBMPJP010000032.1,armA,-,8866,9639,tnpA,483_tnpA_HE577623.1,8257,6932,609
GCA_049341705.1,JBMPJP010000032.1,armA,-,8866,9639,ISCR-orf513,281_ISCR-orf513_KJ186154.1,12270,11038,1399
GCA_049341705.1,JBMPJP010000032.1,armA,-,8866,9639,IS91,325_IS91_LYDO01000032.1,12579,11776,2137
GCA_049341705.1,JBMPJP010000032.1,armA,-,8866,9639,tnpAcp1,554_tnpAcp1_FJ187822.1,10702,9965,326
GCA_049341705.1,JBMPJP010000032.1,armA,-,8866,9639,qacEdelta,267_qacEdelta_HM138673.1,14164,13817,4178
GCA_049341705.1,JBMPJP010000032.1,sul1,-,12984,13823,tnpA,483_tnpA_HE577623.1,8257,6932,4727
GCA_049341705.1,JBMPJP010000032.1,sul1,-,12984,13823,ISCR-orf513,281_ISCR-orf513_KJ186154.1,12270,11038,714
GCA_049341705.1,JBMPJP010000032.1,sul1,-,12984,13823,IS91,325_IS91_LYDO01000032.1,12579,11776,405
GCA_049341705.1,JBMPJP010000032.1,sul1,-,12984,13823,tnpAcp1,554_tnpAcp1_FJ187822.1,10702,9965,2282
GCA_049341705.1,JBMPJP010000032.1,sul1,-,12984,13823,intI1,1060_intI1_KX029331.1,17121,16726,2903
GCA_049341705.1,JBMPJP010000032.1,sul1,-,12984,13823,qacEdelta,267_qacEdelta_HM138673.1,14164,13817,0
GCA_049341705.1,JBMPJP010000032.1,catB8,-,15177,15809,ISCR-orf513,281_ISCR-orf513_KJ186154.1,12270,11038,2907
GCA_049341705.1,JBMPJP010000032.1,catB8,-,15177,15809,IS91,325_IS91_LYDO01000032.1,12579,11776,2598
GCA_049341705.1,JBMPJP010000032.1,catB8,-,15177,15809,tnpAcp1,554_tnpAcp1_FJ187822.1,10702,9965,4475
GCA_049341705.1,JBMPJP010000032.1,catB8,-,15177,15809,intI1,1060_intI1_KX029331.1,17121,16726,917
GCA_049341705.1,JBMPJP010000032.1,catB8,-,15177,15809,qacEdelta,267_qacEdelta_HM138673.1,14164,13817,1013
GCA_049341705.1,JBMPJP010000032.1,AAC(6')-Ib7,-,15902,16706,ISCR-orf513,281_ISCR-orf513_KJ186154.1,12270,11038,3632
GCA_049341705.1,JBMPJP010000032.1,AAC(6')-Ib7,-,15902,16706,IS91,325_IS91_LYDO01000032.1,12579,11776,3323
GCA_049341705.1,JBMPJP010000032.1,AAC(6')-Ib7,-,15902,16706,intI1,1060_intI1_KX029331.1,17121,16726,20
GCA_049341705.1,JBMPJP010000032.1,AAC(6')-Ib7,-,15902,16706,qacEdelta,267_qacEdelta_HM138673.1,14164,13817,1738
GCA_049346675.1,ABYOTT010000010.1,adeG,-,76837,78057,qacEdelta,2277_qacEdelta_CT025799.2,82924,82595,4538
GCA_049346675.1,ABYOTT010000010.1,abeS,-,82595,82924,qacEdelta,2277_qacEdelta_CT025799.2,82924,82595,0
GCA_049346675.1,ABYOTT010000020.1,APH(3'')-Ib,+,59198,60001,IS91,294_IS91_MOFA01000112.1,61560,62052,1559
GCA_049346675.1,ABYOTT010000020.1,APH(3'')-Ib,+,59198,60001,IS91,406_IS91_CP018710.1,61392,61580,1391
GCA_049346675.1,ABYOTT010000020.1,APH(6)-Id,+,60001,60837,IS91,294_IS91_MOFA01000112.1,61560,62052,723
GCA_049346675.1,ABYOTT010000020.1,APH(6)-Id,+,60001,60837,IS91,406_IS91_CP018710.1,61392,61580,555
GCA_049346675.1,ABYOTT010000027.1,armA,+,33360,34133,tnpA,483_tnpA_HE577623.1,34742,36067,609
GCA_049346675.1,ABYOTT010000027.1,armA,+,33360,34133,tnpAcp1,554_tnpAcp1_FJ187822.1,32391,33034,326
GCA_049346675.1,ABYOTT010000027.1,msrE,+,36432,37907,tnpA,483_tnpA_HE577623.1,34742,36067,365
GCA_049346675.1,ABYOTT010000027.1,msrE,+,36432,37907,tnpAcp1,554_tnpAcp1_FJ187822.1,32391,33034,3398
GCA_049346675.1,ABYOTT010000027.1,mphE,+,37963,38847,tnpA,483_tnpA_HE577623.1,34742,36067,1896
GCA_049346675.1,ABYOTT010000027.1,mphE,+,37963,38847,tnpAcp1,554_tnpAcp1_FJ187822.1,32391,33034,4929
GCA_049346675.1,ABYOTT010000087.1,abeS,+,3986,4315,qacEdelta,2277_qacEdelta_CT025799.2,3986,4315,0
GCA_049346675.1,ABYOTT010000087.1,adeG,+,8853,10073,qacEdelta,2277_qacEdelta_CT025799.2,3986,4315,4538
GCA_049346675.1,ABYOTT010000089.1,armA,+,9593,10366,tnpA,483_tnpA_HE577623.1,10975,12300,609
GCA_049346675.1,ABYOTT010000089.1,armA,+,9593,10366,tnpAcp1,554_tnpAcp1_FJ187822.1,8624,9267,326
GCA_049346675.1,ABYOTT010000091.1,APH(3'')-Ib,+,1249,2052,IS91,294_IS91_MOFA01000112.1,3611,4125,1559
GCA_049346675.1,ABYOTT010000091.1,APH(3'')-Ib,+,1249,2052,IS91,406_IS91_CP018710.1,3443,3631,1391
GCA_049346675.1,ABYOTT010000091.1,APH(6)-Id,+,2052,2888,IS91,294_IS91_MOFA01000112.1,3611,4125,723
GCA_049346675.1,ABYOTT010000091.1,APH(6)-Id,+,2052,2888,IS91,406_IS91_CP018710.1,3443,3631,555
GCA_049411845.1,ABYPKA010000001.1,adeG,-,226809,228029,qacEdelta,2277_qacEdelta_CT025799.2,232896,232567,4538
GCA_049411845.1,ABYPKA010000001.1,abeS,-,232567,232896,qacEdelta,2277_qacEdelta_CT025799.2,232896,232567,0
GCA_049411845.1,ABYPKA010000082.1,AAC(6')-Ian,+,969,1541,ISCR-orf513,824_ISCR-orf513__FJ012881.1,2192,3727,651
GCA_049411845.1,ABYPKA010000082.1,AAC(6')-Ian,+,969,1541,IS26,755_IS26_KT334335.1,42,746,223
GCA_049411845.1,ABYPKA010000106.1,abeS,+,5130,5459,qacEdelta,2277_qacEdelta_CT025799.2,5130,5459,0
GCA_049411845.1,ABYPKA010000106.1,adeG,+,9997,11217,qacEdelta,2277_qacEdelta_CT025799.2,5130,5459,4538
GCA_049411845.1,ABYPKA010000111.1,AAC(6')-Ian,+,211,783,ISCR-orf513,824_ISCR-orf513__FJ012881.1,1434,2969,651
GCA_049545375.1,JBMVUN010000012.1,adeG,-,47345,48565,qacEdelta,2277_qacEdelta_CT025799.2,53432,53103,4538
GCA_049545375.1,JBMVUN010000012.1,abeS,-,53103,53432,qacEdelta,2277_qacEdelta_CT025799.2,53432,53103,0
GCA_049601145.1,ABYQPC010000012.1,adeG,-,47413,48633,qacEdelta,2277_qacEdelta_CT025799.2,53500,53171,4538
GCA_049601145.1,ABYQPC010000012.1,abeS,-,53171,53500,qacEdelta,2277_qacEdelta_CT025799.2,53500,53171,0
GCA_049601145.1,ABYQPC010000023.1,APH(3'')-Ib,+,59198,60001,IS91,270_IS91_MOFF01000153.1,61698,62788,1697
GCA_049601145.1,ABYQPC010000023.1,APH(3'')-Ib,+,59198,60001,IS91,294_IS91_MOFA01000112.1,61560,62074,1559
GCA_049601145.1,ABYQPC010000023.1,APH(3'')-Ib,+,59198,60001,IS91,327_IS91_LRKR01000133.1,62613,62885,2612
GCA_049601145.1,ABYQPC010000023.1,APH(3'')-Ib,+,59198,60001,IS91,406_IS91_CP018710.1,61392,61580,1391
GCA_049601145.1,ABYQPC010000023.1,APH(6)-Id,+,60001,60837,IS91,270_IS91_MOFF01000153.1,61698,62788,861
GCA_049601145.1,ABYQPC010000023.1,APH(6)-Id,+,60001,60837,IS91,294_IS91_MOFA01000112.1,61560,62074,723
GCA_049601145.1,ABYQPC010000023.1,APH(6)-Id,+,60001,60837,IS91,327_IS91_LRKR01000133.1,62613,62885,1776
GCA_049601145.1,ABYQPC010000023.1,APH(6)-Id,+,60001,60837,IS91,406_IS91_CP018710.1,61392,61580,555
GCA_049601145.1,ABYQPC010000028.1,armA,+,33360,34133,tnpA,483_tnpA_HE577623.1,34742,36067,609
GCA_049601145.1,ABYQPC010000028.1,armA,+,33360,34133,tnpAcp1,554_tnpAcp1_FJ187822.1,32391,33034,326
GCA_049601145.1,ABYQPC010000028.1,msrE,+,36432,37907,tnpA,483_tnpA_HE577623.1,34742,36067,365
GCA_049601145.1,ABYQPC010000028.1,msrE,+,36432,37907,tnpAcp1,554_tnpAcp1_FJ187822.1,32391,33034,3398
GCA_049601145.1,ABYQPC010000028.1,mphE,+,37963,38847,tnpA,483_tnpA_HE577623.1,34742,36067,1896
GCA_049601145.1,ABYQPC010000028.1,mphE,+,37963,38847,tnpAcp1,554_tnpAcp1_FJ187822.1,32391,33034,4929
GCA_049601145.1,ABYQPC010000071.1,abeS,+,6375,6704,qacEdelta,2277_qacEdelta_CT025799.2,6375,6704,0
GCA_049601145.1,ABYQPC010000071.1,adeG,+,11242,12462,qacEdelta,2277_qacEdelta_CT025799.2,6375,6704,4538
GCA_049601145.1,ABYQPC010000075.1,armA,+,331,1104,tnpA,483_tnpA_HE577623.1,1713,3038,609
GCA_049601145.1,ABYQPC010000075.1,msrE,+,3403,4878,tnpA,483_tnpA_HE577623.1,1713,3038,365
GCA_049601145.1,ABYQPC010000075.1,mphE,+,4934,5818,tnpA,483_tnpA_HE577623.1,1713,3038,1896
GCA_049601145.1,ABYQPC010000076.1,APH(3'')-Ib,+,1249,2052,IS91,294_IS91_MOFA01000112.1,3611,4125,1559
GCA_049601145.1,ABYQPC010000076.1,APH(3'')-Ib,+,1249,2052,IS91,406_IS91_CP018710.1,3443,3631,1391
GCA_049601145.1,ABYQPC010000076.1,APH(6)-Id,+,2052,2888,IS91,294_IS91_MOFA01000112.1,3611,4125,723
GCA_049601145.1,ABYQPC010000076.1,APH(6)-Id,+,2052,2888,IS91,406_IS91_CP018710.1,3443,3631,555
GCA_049731785.1,JBNBHK010000011.1,abeS,+,72273,72602,qacEdelta,2277_qacEdelta_CT025799.2,72273,72602,0
GCA_049731785.1,JBNBHK010000011.1,adeG,+,73908,75125,qacEdelta,2277_qacEdelta_CT025799.2,72273,72602,1306
GCA_049731785.1,JBNBHK010000011.1,adeF,+,75132,78311,qacEdelta,2277_qacEdelta_CT025799.2,72273,72602,2530
GCA_049731785.1,JBNBHK010000023.1,sul2,+,74,889,IS26,755_IS26_KT334335.1,3432,4136,2543
GCA_049731785.1,JBNBHK010000023.1,dfrA20,-,1590,2099,IS91,327_IS91_LRKR01000133.1,2810,2538,439
GCA_049731785.1,JBNBHK010000023.1,dfrA20,-,1590,2099,IS91,502_IS91_MOIM01000174.1,3374,3170,1071
GCA_049731785.1,JBNBHK010000035.1,AAC(3)-IIe,-,1752,2612,IS91,2589_IS91_FQ482074.1,1126,794,626
GCA_049731785.1,JBNBHK010000036.1,dfrA15,+,69,542,qacEdelta,267_qacEdelta_HM138673.1,1599,1946,1057
GCA_049743035.1,ABYRNZ010000008.1,adeG,-,62060,63280,qacEdelta,2277_qacEdelta_CT025799.2,68147,67818,4538
GCA_049743035.1,ABYRNZ010000008.1,abeS,-,67818,68147,qacEdelta,2277_qacEdelta_CT025799.2,68147,67818,0
GCA_049743035.1,ABYRNZ010000020.1,APH(3'')-Ib,+,22241,23044,IS91,270_IS91_MOFF01000153.1,24741,25831,1697
GCA_049743035.1,ABYRNZ010000020.1,APH(3'')-Ib,+,22241,23044,IS91,294_IS91_MOFA01000112.1,24603,25117,1559
GCA_049743035.1,ABYRNZ010000020.1,APH(3'')-Ib,+,22241,23044,IS91,327_IS91_LRKR01000133.1,25656,25928,2612
GCA_049743035.1,ABYRNZ010000020.1,APH(3'')-Ib,+,22241,23044,IS91,406_IS91_CP018710.1,24435,24623,1391
GCA_049743035.1,ABYRNZ010000020.1,APH(6)-Id,+,23044,23880,IS91,270_IS91_MOFF01000153.1,24741,25831,861
GCA_049743035.1,ABYRNZ010000020.1,APH(6)-Id,+,23044,23880,IS91,294_IS91_MOFA01000112.1,24603,25117,723
GCA_049743035.1,ABYRNZ010000020.1,APH(6)-Id,+,23044,23880,IS91,327_IS91_LRKR01000133.1,25656,25928,1776
GCA_049743035.1,ABYRNZ010000020.1,APH(6)-Id,+,23044,23880,IS91,406_IS91_CP018710.1,24435,24623,555
GCA_049743035.1,ABYRNZ010000020.1,tet(B),+,27253,28452,IS91,270_IS91_MOFF01000153.1,24741,25831,1422
GCA_049743035.1,ABYRNZ010000020.1,tet(B),+,27253,28452,IS91,294_IS91_MOFA01000112.1,24603,25117,2136
GCA_049743035.1,ABYRNZ010000020.1,tet(B),+,27253,28452,IS91,327_IS91_LRKR01000133.1,25656,25928,1325
GCA_049743035.1,ABYRNZ010000020.1,tet(B),+,27253,28452,IS91,406_IS91_CP018710.1,24435,24623,2630
GCA_049743035.1,ABYRNZ010000041.1,msrE,-,713,2188,tnpA,483_tnpA_HE577623.1,3878,2553,365
GCA_049743035.1,ABYRNZ010000041.1,msrE,-,713,2188,ISCR-orf513,281_ISCR-orf513_KJ186154.1,7892,6660,4472
GCA_049743035.1,ABYRNZ010000041.1,msrE,-,713,2188,tnpAcp1,554_tnpAcp1_FJ187822.1,6323,5586,3398
GCA_049743035.1,ABYRNZ010000041.1,armA,-,4487,5260,tnpA,483_tnpA_HE577623.1,3878,2553,609
GCA_049743035.1,ABYRNZ010000041.1,armA,-,4487,5260,ISCR-orf513,281_ISCR-orf513_KJ186154.1,7892,6660,1400
GCA_049743035.1,ABYRNZ010000041.1,armA,-,4487,5260,IS91,325_IS91_LYDO01000032.1,8201,7398,2138
GCA_049743035.1,ABYRNZ010000041.1,armA,-,4487,5260,tnpAcp1,554_tnpAcp1_FJ187822.1,6323,5586,326
GCA_049743035.1,ABYRNZ010000041.1,armA,-,4487,5260,qacEdelta,267_qacEdelta_HM138673.1,9786,9439,4179
GCA_049743035.1,ABYRNZ010000041.1,sul1,-,8606,9445,tnpA,483_tnpA_HE577623.1,3878,2553,4728
GCA_049743035.1,ABYRNZ010000041.1,sul1,-,8606,9445,ISCR-orf513,281_ISCR-orf513_KJ186154.1,7892,6660,714
GCA_049743035.1,ABYRNZ010000041.1,sul1,-,8606,9445,IS91,325_IS91_LYDO01000032.1,8201,7398,405
GCA_049743035.1,ABYRNZ010000041.1,sul1,-,8606,9445,tnpAcp1,554_tnpAcp1_FJ187822.1,6323,5586,2283
GCA_049743035.1,ABYRNZ010000041.1,sul1,-,8606,9445,intI1,1060_intI1_KX029331.1,12743,12348,2903
GCA_049743035.1,ABYRNZ010000041.1,sul1,-,8606,9445,qacEdelta,267_qacEdelta_HM138673.1,9786,9439,0
GCA_049743035.1,ABYRNZ010000041.1,catB8,-,10799,11431,ISCR-orf513,281_ISCR-orf513_KJ186154.1,7892,6660,2907
GCA_049743035.1,ABYRNZ010000041.1,catB8,-,10799,11431,IS91,325_IS91_LYDO01000032.1,8201,7398,2598
GCA_049743035.1,ABYRNZ010000041.1,catB8,-,10799,11431,tnpAcp1,554_tnpAcp1_FJ187822.1,6323,5586,4476
GCA_049743035.1,ABYRNZ010000041.1,catB8,-,10799,11431,intI1,1060_intI1_KX029331.1,12743,12348,917
GCA_049743035.1,ABYRNZ010000041.1,catB8,-,10799,11431,qacEdelta,267_qacEdelta_HM138673.1,9786,9439,1013
GCA_049743035.1,ABYRNZ010000041.1,AAC(6')-Ib7,-,11524,12328,ISCR-orf513,281_ISCR-orf513_KJ186154.1,7892,6660,3632
GCA_049743035.1,ABYRNZ010000041.1,AAC(6')-Ib7,-,11524,12328,IS91,325_IS91_LYDO01000032.1,8201,7398,3323
GCA_049743035.1,ABYRNZ010000041.1,AAC(6')-Ib7,-,11524,12328,intI1,1060_intI1_KX029331.1,12743,12348,20
GCA_049743035.1,ABYRNZ010000041.1,AAC(6')-Ib7,-,11524,12328,qacEdelta,267_qacEdelta_HM138673.1,9786,9439,1738
GCA_049743035.1,ABYRNZ010000084.1,abeS,+,18727,19056,qacEdelta,2277_qacEdelta_CT025799.2,18727,19056,0
GCA_049743035.1,ABYRNZ010000085.1,APH(3'')-Ib,+,1249,2052,IS91,270_IS91_MOFF01000153.1,3749,4839,1697
GCA_049743035.1,ABYRNZ010000085.1,APH(3'')-Ib,+,1249,2052,IS91,294_IS91_MOFA01000112.1,3611,4125,1559
GCA_049743035.1,ABYRNZ010000085.1,APH(3'')-Ib,+,1249,2052,IS91,327_IS91_LRKR01000133.1,4664,4936,2612
GCA_049743035.1,ABYRNZ010000085.1,APH(3'')-Ib,+,1249,2052,IS91,406_IS91_CP018710.1,3443,3631,1391
GCA_049743035.1,ABYRNZ010000085.1,APH(6)-Id,+,2052,2888,IS91,270_IS91_MOFF01000153.1,3749,4839,861
GCA_049743035.1,ABYRNZ010000085.1,APH(6)-Id,+,2052,2888,IS91,294_IS91_MOFA01000112.1,3611,4125,723
GCA_049743035.1,ABYRNZ010000085.1,APH(6)-Id,+,2052,2888,IS91,327_IS91_LRKR01000133.1,4664,4936,1776
GCA_049743035.1,ABYRNZ010000085.1,APH(6)-Id,+,2052,2888,IS91,406_IS91_CP018710.1,3443,3631,555
GCA_049743035.1,ABYRNZ010000085.1,tet(B),+,6261,7460,IS91,270_IS91_MOFF01000153.1,3749,4839,1422
GCA_049743035.1,ABYRNZ010000085.1,tet(B),+,6261,7460,IS91,294_IS91_MOFA01000112.1,3611,4125,2136
GCA_049743035.1,ABYRNZ010000085.1,tet(B),+,6261,7460,IS91,327_IS91_LRKR01000133.1,4664,4936,1325
GCA_049743035.1,ABYRNZ010000085.1,tet(B),+,6261,7460,IS91,406_IS91_CP018710.1,3443,3631,2630
GCA_049743035.1,ABYRNZ010000086.1,armA,+,1928,2701,tnpA,483_tnpA_HE577623.1,3310,4635,609
GCA_049743035.1,ABYRNZ010000086.1,armA,+,1928,2701,tnpAcp1,554_tnpAcp1_FJ187822.1,865,1602,326
GCA_049743035.1,ABYRNZ010000086.1,msrE,+,5000,6475,tnpA,483_tnpA_HE577623.1,3310,4635,365
GCA_049743035.1,ABYRNZ010000086.1,msrE,+,5000,6475,tnpAcp1,554_tnpAcp1_FJ187822.1,865,1602,3398
GCA_049743035.1,ABYRNZ010000087.1,AAC(6')-Ib7,+,768,1572,IS91,325_IS91_LYDO01000032.1,4895,5698,3323
GCA_049743035.1,ABYRNZ010000087.1,AAC(6')-Ib7,+,768,1572,intI1,1060_intI1_KX029331.1,353,748,20
GCA_049743035.1,ABYRNZ010000087.1,AAC(6')-Ib7,+,768,1572,qacEdelta,267_qacEdelta_HM138673.1,3310,3657,1738
GCA_049743035.1,ABYRNZ010000087.1,catB8,+,1665,2297,IS91,325_IS91_LYDO01000032.1,4895,5698,2598
GCA_049743035.1,ABYRNZ010000087.1,catB8,+,1665,2297,intI1,1060_intI1_KX029331.1,353,748,917
GCA_049743035.1,ABYRNZ010000087.1,catB8,+,1665,2297,qacEdelta,267_qacEdelta_HM138673.1,3310,3657,1013
GCA_049743035.1,ABYRNZ010000087.1,sul1,+,3651,4490,IS91,325_IS91_LYDO01000032.1,4895,5698,405
GCA_049743035.1,ABYRNZ010000087.1,sul1,+,3651,4490,intI1,1060_intI1_KX029331.1,353,748,2903
GCA_049743035.1,ABYRNZ010000087.1,sul1,+,3651,4490,qacEdelta,267_qacEdelta_HM138673.1,3310,3657,0
GCA_049784235.1,ABYRSA010000001.1,abeS,+,255322,255651,qacEdelta,2277_qacEdelta_CT025799.2,255322,255651,0
GCA_049784235.1,ABYRSA010000001.1,adeG,+,260189,261409,qacEdelta,2277_qacEdelta_CT025799.2,255322,255651,4538
GCA_049784235.1,ABYRSA010000015.1,APH(3'')-Ib,+,59202,60005,IS91,270_IS91_MOFF01000153.1,61702,62792,1697
GCA_049784235.1,ABYRSA010000015.1,APH(3'')-Ib,+,59202,60005,IS91,294_IS91_MOFA01000112.1,61564,62078,1559
GCA_049784235.1,ABYRSA010000015.1,APH(3'')-Ib,+,59202,60005,IS91,327_IS91_LRKR01000133.1,62617,62889,2612
GCA_049784235.1,ABYRSA010000015.1,APH(3'')-Ib,+,59202,60005,IS91,406_IS91_CP018710.1,61396,61584,1391
GCA_049784235.1,ABYRSA010000015.1,APH(6)-Id,+,60005,60841,IS91,270_IS91_MOFF01000153.1,61702,62792,861
GCA_049784235.1,ABYRSA010000015.1,APH(6)-Id,+,60005,60841,IS91,294_IS91_MOFA01000112.1,61564,62078,723
GCA_049784235.1,ABYRSA010000015.1,APH(6)-Id,+,60005,60841,IS91,327_IS91_LRKR01000133.1,62617,62889,1776
GCA_049784235.1,ABYRSA010000015.1,APH(6)-Id,+,60005,60841,IS91,406_IS91_CP018710.1,61396,61584,555
GCA_049784235.1,ABYRSA010000044.1,abeS,+,10259,10588,qacEdelta,2277_qacEdelta_CT025799.2,10259,10588,0
GCA_049784235.1,ABYRSA010000044.1,adeG,+,15126,16346,qacEdelta,2277_qacEdelta_CT025799.2,10259,10588,4538
GCA_049784235.1,ABYRSA010000050.1,APH(3'')-Ib,+,1249,2052,IS91,294_IS91_MOFA01000112.1,3611,4125,1559
GCA_049784235.1,ABYRSA010000050.1,APH(3'')-Ib,+,1249,2052,IS91,406_IS91_CP018710.1,3443,3631,1391
GCA_049784235.1,ABYRSA010000050.1,APH(6)-Id,+,2052,2888,IS91,294_IS91_MOFA01000112.1,3611,4125,723
GCA_049784235.1,ABYRSA010000050.1,APH(6)-Id,+,2052,2888,IS91,406_IS91_CP018710.1,3443,3631,555
GCA_049796705.1,ABYRZZ010000013.1,adeG,-,38235,39455,qacEdelta,2277_qacEdelta_CT025799.2,44322,43993,4538
GCA_049796705.1,ABYRZZ010000013.1,abeS,-,43993,44322,qacEdelta,2277_qacEdelta_CT025799.2,44322,43993,0
GCA_049796705.1,ABYRZZ010000038.1,AAC(6')-Ian,+,969,1541,ISCR-orf513,824_ISCR-orf513__FJ012881.1,2192,3727,651
GCA_049796705.1,ABYRZZ010000038.1,AAC(6')-Ian,+,969,1541,IS26,755_IS26_KT334335.1,42,746,223
GCA_049796705.1,ABYRZZ010000040.1,APH(6)-Id,-,1216,2052,IS91,294_IS91_MOFA01000112.1,493,1,723
GCA_049796705.1,ABYRZZ010000040.1,APH(6)-Id,-,1216,2052,IS91,406_IS91_CP018710.1,661,473,555
GCA_049796705.1,ABYRZZ010000052.1,abeS,+,61904,62233,qacEdelta,2277_qacEdelta_CT025799.2,61904,62233,0
GCA_049796705.1,ABYRZZ010000052.1,adeG,+,66771,67991,qacEdelta,2277_qacEdelta_CT025799.2,61904,62233,4538
GCA_049796705.1,ABYRZZ010000058.1,AAC(6')-Ian,+,211,783,ISCR-orf513,824_ISCR-orf513__FJ012881.1,1434,2969,651
GCA_049850585.1,ABYSTQ010000005.1,adeG,-,64861,66081,qacEdelta,2277_qacEdelta_CT025799.2,70948,70619,4538
GCA_049850585.1,ABYSTQ010000005.1,abeS,-,70619,70948,qacEdelta,2277_qacEdelta_CT025799.2,70948,70619,0
GCA_049850585.1,ABYSTQ010000005.1,armA,+,167349,168122,tnpA,483_tnpA_HE577623.1,168731,170056,609
GCA_049850585.1,ABYSTQ010000005.1,armA,+,167349,168122,tnpAcp1,554_tnpAcp1_FJ187822.1,166380,167023,326
GCA_049850585.1,ABYSTQ010000005.1,msrE,+,170420,171895,tnpA,483_tnpA_HE577623.1,168731,170056,364
GCA_049850585.1,ABYSTQ010000005.1,msrE,+,170420,171895,tnpAcp1,554_tnpAcp1_FJ187822.1,166380,167023,3397
GCA_049850585.1,ABYSTQ010000005.1,mphE,+,171951,172835,tnpA,483_tnpA_HE577623.1,168731,170056,1895
GCA_049850585.1,ABYSTQ010000005.1,mphE,+,171951,172835,tnpAcp1,554_tnpAcp1_FJ187822.1,166380,167023,4928
GCA_049850585.1,ABYSTQ010000043.1,tet(B),-,2236,3435,IS91,270_IS91_MOFF01000153.1,5947,4857,1422
GCA_049850585.1,ABYSTQ010000043.1,tet(B),-,2236,3435,IS91,294_IS91_MOFA01000112.1,6085,5571,2136
GCA_049850585.1,ABYSTQ010000043.1,tet(B),-,2236,3435,IS91,327_IS91_LRKR01000133.1,5032,4760,1325
GCA_049850585.1,ABYSTQ010000043.1,tet(B),-,2236,3435,IS91,406_IS91_CP018710.1,6253,6065,2630
GCA_049850585.1,ABYSTQ010000043.1,APH(6)-Id,-,6808,7644,IS91,270_IS91_MOFF01000153.1,5947,4857,861
GCA_049850585.1,ABYSTQ010000043.1,APH(6)-Id,-,6808,7644,IS91,294_IS91_MOFA01000112.1,6085,5571,723
GCA_049850585.1,ABYSTQ010000043.1,APH(6)-Id,-,6808,7644,IS91,327_IS91_LRKR01000133.1,5032,4760,1776
GCA_049850585.1,ABYSTQ010000043.1,APH(6)-Id,-,6808,7644,IS91,406_IS91_CP018710.1,6253,6065,555
GCA_049850585.1,ABYSTQ010000043.1,APH(3'')-Ib,-,7644,8447,IS91,270_IS91_MOFF01000153.1,5947,4857,1697
GCA_049850585.1,ABYSTQ010000043.1,APH(3'')-Ib,-,7644,8447,IS91,294_IS91_MOFA01000112.1,6085,5571,1559
GCA_049850585.1,ABYSTQ010000043.1,APH(3'')-Ib,-,7644,8447,IS91,327_IS91_LRKR01000133.1,5032,4760,2612
GCA_049850585.1,ABYSTQ010000043.1,APH(3'')-Ib,-,7644,8447,IS91,406_IS91_CP018710.1,6253,6065,1391
GCA_049850585.1,ABYSTQ010000061.1,AAC(6')-Ian,+,1031,1603,ISCR-orf513,824_ISCR-orf513__FJ012881.1,2254,3789,651
GCA_049850585.1,ABYSTQ010000061.1,AAC(6')-Ian,+,1031,1603,IS26,755_IS26_KT334335.1,42,746,285
GCA_049850585.1,ABYSTQ010000070.1,TEM-12,-,67,927,tnpA,1098_tnpA_KX756453.1,1623,1110,183
GCA_049850585.1,ABYSTQ010000083.1,abeS,+,10884,11213,qacEdelta,2277_qacEdelta_CT025799.2,10884,11213,0
GCA_049850585.1,ABYSTQ010000085.1,armA,+,416,1189,tnpA,483_tnpA_HE577623.1,1798,3123,609
GCA_049850585.1,ABYSTQ010000085.1,msrE,+,3487,4962,tnpA,483_tnpA_HE577623.1,1798,3123,364
GCA_049850585.1,ABYSTQ010000085.1,mphE,+,5018,5902,tnpA,483_tnpA_HE577623.1,1798,3123,1895
GCA_049850585.1,ABYSTQ010000086.1,APH(3'')-Ib,+,1249,2052,IS91,294_IS91_MOFA01000112.1,3611,4125,1559
GCA_049850585.1,ABYSTQ010000086.1,APH(3'')-Ib,+,1249,2052,IS91,406_IS91_CP018710.1,3443,3631,1391
GCA_049850585.1,ABYSTQ010000086.1,APH(6)-Id,+,2052,2888,IS91,294_IS91_MOFA01000112.1,3611,4125,723
GCA_049850585.1,ABYSTQ010000086.1,APH(6)-Id,+,2052,2888,IS91,406_IS91_CP018710.1,3443,3631,555
GCA_049850585.1,ABYSTQ010000092.1,TEM-12,+,738,1598,tnpA,1098_tnpA_KX756453.1,36,555,183
